Command line invocation:
    /Applications/Xcode.app/Contents/Developer/usr/bin/xcodebuild -workspace Notesnook.xcworkspace -scheme Notesnook -configuration Release -destination "platform=macOS,variant=Mac Catalyst" -derivedDataPath build/Catalyst -allowProvisioningUpdates ARCHS=arm64 build

Build settings from command line:
    ARCHS = arm64

ComputePackagePrebuildTargetDependencyGraph

Prepare packages

CreateBuildRequest

SendProjectDescription

CreateBuildOperation

ComputeTargetDependencyGraph
note: Building targets in dependency order
note: Target dependency graph (159 targets)
    Target 'Notesnook' in project 'Notesnook'
        ➜ Explicit dependency on target 'Make Note' in project 'Notesnook'
        ➜ Explicit dependency on target 'NotesWidgetExtension' in project 'Notesnook'
        ➜ Implicit dependency on target 'Pods-Notesnook' in project 'Pods' via file 'libPods-Notesnook.a' in build phase 'Link Binary'
        ➜ Implicit dependency on target 'BEMCheckBox' in project 'Pods' via options '-lBEMCheckBox' in build setting 'OTHER_LDFLAGS'
        ➜ Implicit dependency on target 'Base64' in project 'Pods' via options '-lBase64' in build setting 'OTHER_LDFLAGS'
        ➜ Implicit dependency on target 'DoubleConversion' in project 'Pods' via options '-lDoubleConversion' in build setting 'OTHER_LDFLAGS'
        ➜ Implicit dependency on target 'GZIP' in project 'Pods' via options '-lGZIP' in build setting 'OTHER_LDFLAGS'
        ➜ Implicit dependency on target 'JWTDecode' in project 'Pods' via options '-lJWTDecode' in build setting 'OTHER_LDFLAGS'
        ➜ Implicit dependency on target 'MMKV' in project 'Pods' via options '-lMMKV' in build setting 'OTHER_LDFLAGS'
        ➜ Implicit dependency on target 'MMKVCore' in project 'Pods' via options '-lMMKVCore' in build setting 'OTHER_LDFLAGS'
        ➜ Implicit dependency on target 'NitroCloudUploader' in project 'Pods' via options '-lNitroCloudUploader' in build setting 'OTHER_LDFLAGS'
        ➜ Implicit dependency on target 'NitroModules' in project 'Pods' via options '-lNitroModules' in build setting 'OTHER_LDFLAGS'
        ➜ Implicit dependency on target 'RCT-Folly' in project 'Pods' via options '-lRCT-Folly' in build setting 'OTHER_LDFLAGS'
        ➜ Implicit dependency on target 'RCTDeprecation' in project 'Pods' via options '-lRCTDeprecation' in build setting 'OTHER_LDFLAGS'
        ➜ Implicit dependency on target 'RCTTypeSafety' in project 'Pods' via options '-lRCTTypeSafety' in build setting 'OTHER_LDFLAGS'
        ➜ Implicit dependency on target 'RNBackgroundFetch' in project 'Pods' via options '-lRNBackgroundFetch' in build setting 'OTHER_LDFLAGS'
        ➜ Implicit dependency on target 'RNBootSplash' in project 'Pods' via options '-lRNBootSplash' in build setting 'OTHER_LDFLAGS'
        ➜ Implicit dependency on target 'RNCCheckbox' in project 'Pods' via options '-lRNCCheckbox' in build setting 'OTHER_LDFLAGS'
        ➜ Implicit dependency on target 'RNCClipboard' in project 'Pods' via options '-lRNCClipboard' in build setting 'OTHER_LDFLAGS'
        ➜ Implicit dependency on target 'RNCMaskedView' in project 'Pods' via options '-lRNCMaskedView' in build setting 'OTHER_LDFLAGS'
        ➜ Implicit dependency on target 'RNDateTimePicker' in project 'Pods' via options '-lRNDateTimePicker' in build setting 'OTHER_LDFLAGS'
        ➜ Implicit dependency on target 'RNDeviceInfo' in project 'Pods' via options '-lRNDeviceInfo' in build setting 'OTHER_LDFLAGS'
        ➜ Implicit dependency on target 'RNExitApp' in project 'Pods' via options '-lRNExitApp' in build setting 'OTHER_LDFLAGS'
        ➜ Implicit dependency on target 'RNFileViewer' in project 'Pods' via options '-lRNFileViewer' in build setting 'OTHER_LDFLAGS'
        ➜ Implicit dependency on target 'RNGestureHandler' in project 'Pods' via options '-lRNGestureHandler' in build setting 'OTHER_LDFLAGS'
        ➜ Implicit dependency on target 'RNIap' in project 'Pods' via options '-lRNIap' in build setting 'OTHER_LDFLAGS'
        ➜ Implicit dependency on target 'RNImageCropPicker' in project 'Pods' via options '-lRNImageCropPicker' in build setting 'OTHER_LDFLAGS'
        ➜ Implicit dependency on target 'RNKeychain' in project 'Pods' via options '-lRNKeychain' in build setting 'OTHER_LDFLAGS'
        ➜ Implicit dependency on target 'RNNotifee' in project 'Pods' via options '-lRNNotifee' in build setting 'OTHER_LDFLAGS'
        ➜ Implicit dependency on target 'RNReanimated' in project 'Pods' via options '-lRNReanimated' in build setting 'OTHER_LDFLAGS'
        ➜ Implicit dependency on target 'RNSVG' in project 'Pods' via options '-lRNSVG' in build setting 'OTHER_LDFLAGS'
        ➜ Implicit dependency on target 'RNScreens' in project 'Pods' via options '-lRNScreens' in build setting 'OTHER_LDFLAGS'
        ➜ Implicit dependency on target 'RNSecureRandom' in project 'Pods' via options '-lRNSecureRandom' in build setting 'OTHER_LDFLAGS'
        ➜ Implicit dependency on target 'RNShare' in project 'Pods' via options '-lRNShare' in build setting 'OTHER_LDFLAGS'
        ➜ Implicit dependency on target 'RNTooltips' in project 'Pods' via options '-lRNTooltips' in build setting 'OTHER_LDFLAGS'
        ➜ Implicit dependency on target 'RNWorklets' in project 'Pods' via options '-lRNWorklets' in build setting 'OTHER_LDFLAGS'
        ➜ Implicit dependency on target 'RNZipArchive' in project 'Pods' via options '-lRNZipArchive' in build setting 'OTHER_LDFLAGS'
        ➜ Implicit dependency on target 'React-Codegen' in project 'Pods' via options '-lReact-Codegen' in build setting 'OTHER_LDFLAGS'
        ➜ Implicit dependency on target 'React-Core' in project 'Pods' via options '-lReact-Core' in build setting 'OTHER_LDFLAGS'
        ➜ Implicit dependency on target 'React-CoreModules' in project 'Pods' via options '-lReact-CoreModules' in build setting 'OTHER_LDFLAGS'
        ➜ Implicit dependency on target 'React-Fabric' in project 'Pods' via options '-lReact-Fabric' in build setting 'OTHER_LDFLAGS'
        ➜ Implicit dependency on target 'React-FabricComponents' in project 'Pods' via options '-lReact-FabricComponents' in build setting 'OTHER_LDFLAGS'
        ➜ Implicit dependency on target 'React-FabricImage' in project 'Pods' via options '-lReact-FabricImage' in build setting 'OTHER_LDFLAGS'
        ➜ Implicit dependency on target 'React-ImageManager' in project 'Pods' via options '-lReact-ImageManager' in build setting 'OTHER_LDFLAGS'
        ➜ Implicit dependency on target 'React-Mapbuffer' in project 'Pods' via options '-lReact-Mapbuffer' in build setting 'OTHER_LDFLAGS'
        ➜ Implicit dependency on target 'React-NativeModulesApple' in project 'Pods' via options '-lReact-NativeModulesApple' in build setting 'OTHER_LDFLAGS'
        ➜ Implicit dependency on target 'React-RCTAnimation' in project 'Pods' via options '-lReact-RCTAnimation' in build setting 'OTHER_LDFLAGS'
        ➜ Implicit dependency on target 'React-RCTAppDelegate' in project 'Pods' via options '-lReact-RCTAppDelegate' in build setting 'OTHER_LDFLAGS'
        ➜ Implicit dependency on target 'React-RCTBlob' in project 'Pods' via options '-lReact-RCTBlob' in build setting 'OTHER_LDFLAGS'
        ➜ Implicit dependency on target 'React-RCTFBReactNativeSpec' in project 'Pods' via options '-lReact-RCTFBReactNativeSpec' in build setting 'OTHER_LDFLAGS'
        ➜ Implicit dependency on target 'React-RCTFabric' in project 'Pods' via options '-lReact-RCTFabric' in build setting 'OTHER_LDFLAGS'
        ➜ Implicit dependency on target 'React-RCTImage' in project 'Pods' via options '-lReact-RCTImage' in build setting 'OTHER_LDFLAGS'
        ➜ Implicit dependency on target 'React-RCTLinking' in project 'Pods' via options '-lReact-RCTLinking' in build setting 'OTHER_LDFLAGS'
        ➜ Implicit dependency on target 'React-RCTNetwork' in project 'Pods' via options '-lReact-RCTNetwork' in build setting 'OTHER_LDFLAGS'
        ➜ Implicit dependency on target 'React-RCTRuntime' in project 'Pods' via options '-lReact-RCTRuntime' in build setting 'OTHER_LDFLAGS'
        ➜ Implicit dependency on target 'React-RCTSettings' in project 'Pods' via options '-lReact-RCTSettings' in build setting 'OTHER_LDFLAGS'
        ➜ Implicit dependency on target 'React-RCTText' in project 'Pods' via options '-lReact-RCTText' in build setting 'OTHER_LDFLAGS'
        ➜ Implicit dependency on target 'React-RCTVibration' in project 'Pods' via options '-lReact-RCTVibration' in build setting 'OTHER_LDFLAGS'
        ➜ Implicit dependency on target 'React-RuntimeApple' in project 'Pods' via options '-lReact-RuntimeApple' in build setting 'OTHER_LDFLAGS'
        ➜ Implicit dependency on target 'React-RuntimeCore' in project 'Pods' via options '-lReact-RuntimeCore' in build setting 'OTHER_LDFLAGS'
        ➜ Implicit dependency on target 'React-RuntimeHermes' in project 'Pods' via options '-lReact-RuntimeHermes' in build setting 'OTHER_LDFLAGS'
        ➜ Implicit dependency on target 'React-cxxreact' in project 'Pods' via options '-lReact-cxxreact' in build setting 'OTHER_LDFLAGS'
        ➜ Implicit dependency on target 'React-debug' in project 'Pods' via options '-lReact-debug' in build setting 'OTHER_LDFLAGS'
        ➜ Implicit dependency on target 'React-defaultsnativemodule' in project 'Pods' via options '-lReact-defaultsnativemodule' in build setting 'OTHER_LDFLAGS'
        ➜ Implicit dependency on target 'React-domnativemodule' in project 'Pods' via options '-lReact-domnativemodule' in build setting 'OTHER_LDFLAGS'
        ➜ Implicit dependency on target 'React-featureflags' in project 'Pods' via options '-lReact-featureflags' in build setting 'OTHER_LDFLAGS'
        ➜ Implicit dependency on target 'React-featureflagsnativemodule' in project 'Pods' via options '-lReact-featureflagsnativemodule' in build setting 'OTHER_LDFLAGS'
        ➜ Implicit dependency on target 'React-graphics' in project 'Pods' via options '-lReact-graphics' in build setting 'OTHER_LDFLAGS'
        ➜ Implicit dependency on target 'React-hermes' in project 'Pods' via options '-lReact-hermes' in build setting 'OTHER_LDFLAGS'
        ➜ Implicit dependency on target 'React-idlecallbacksnativemodule' in project 'Pods' via options '-lReact-idlecallbacksnativemodule' in build setting 'OTHER_LDFLAGS'
        ➜ Implicit dependency on target 'React-jserrorhandler' in project 'Pods' via options '-lReact-jserrorhandler' in build setting 'OTHER_LDFLAGS'
        ➜ Implicit dependency on target 'React-jsi' in project 'Pods' via options '-lReact-jsi' in build setting 'OTHER_LDFLAGS'
        ➜ Implicit dependency on target 'React-jsiexecutor' in project 'Pods' via options '-lReact-jsiexecutor' in build setting 'OTHER_LDFLAGS'
        ➜ Implicit dependency on target 'React-jsinspector' in project 'Pods' via options '-lReact-jsinspector' in build setting 'OTHER_LDFLAGS'
        ➜ Implicit dependency on target 'React-jsinspectorcdp' in project 'Pods' via options '-lReact-jsinspectorcdp' in build setting 'OTHER_LDFLAGS'
        ➜ Implicit dependency on target 'React-jsinspectornetwork' in project 'Pods' via options '-lReact-jsinspectornetwork' in build setting 'OTHER_LDFLAGS'
        ➜ Implicit dependency on target 'React-jsinspectortracing' in project 'Pods' via options '-lReact-jsinspectortracing' in build setting 'OTHER_LDFLAGS'
        ➜ Implicit dependency on target 'React-jsitooling' in project 'Pods' via options '-lReact-jsitooling' in build setting 'OTHER_LDFLAGS'
        ➜ Implicit dependency on target 'React-logger' in project 'Pods' via options '-lReact-logger' in build setting 'OTHER_LDFLAGS'
        ➜ Implicit dependency on target 'React-microtasksnativemodule' in project 'Pods' via options '-lReact-microtasksnativemodule' in build setting 'OTHER_LDFLAGS'
        ➜ Implicit dependency on target 'React-oscompat' in project 'Pods' via options '-lReact-oscompat' in build setting 'OTHER_LDFLAGS'
        ➜ Implicit dependency on target 'React-perflogger' in project 'Pods' via options '-lReact-perflogger' in build setting 'OTHER_LDFLAGS'
        ➜ Implicit dependency on target 'React-performancecdpmetrics' in project 'Pods' via options '-lReact-performancecdpmetrics' in build setting 'OTHER_LDFLAGS'
        ➜ Implicit dependency on target 'React-performancetimeline' in project 'Pods' via options '-lReact-performancetimeline' in build setting 'OTHER_LDFLAGS'
        ➜ Implicit dependency on target 'React-rendererconsistency' in project 'Pods' via options '-lReact-rendererconsistency' in build setting 'OTHER_LDFLAGS'
        ➜ Implicit dependency on target 'React-renderercss' in project 'Pods' via options '-lReact-renderercss' in build setting 'OTHER_LDFLAGS'
        ➜ Implicit dependency on target 'React-rendererdebug' in project 'Pods' via options '-lReact-rendererdebug' in build setting 'OTHER_LDFLAGS'
        ➜ Implicit dependency on target 'React-runtimeexecutor' in project 'Pods' via options '-lReact-runtimeexecutor' in build setting 'OTHER_LDFLAGS'
        ➜ Implicit dependency on target 'React-runtimescheduler' in project 'Pods' via options '-lReact-runtimescheduler' in build setting 'OTHER_LDFLAGS'
        ➜ Implicit dependency on target 'React-utils' in project 'Pods' via options '-lReact-utils' in build setting 'OTHER_LDFLAGS'
        ➜ Implicit dependency on target 'React-webperformancenativemodule' in project 'Pods' via options '-lReact-webperformancenativemodule' in build setting 'OTHER_LDFLAGS'
        ➜ Implicit dependency on target 'ReactAppDependencyProvider' in project 'Pods' via options '-lReactAppDependencyProvider' in build setting 'OTHER_LDFLAGS'
        ➜ Implicit dependency on target 'ReactCodegen' in project 'Pods' via options '-lReactCodegen' in build setting 'OTHER_LDFLAGS'
        ➜ Implicit dependency on target 'ReactCommon' in project 'Pods' via options '-lReactCommon' in build setting 'OTHER_LDFLAGS'
        ➜ Implicit dependency on target 'SDWebImage' in project 'Pods' via options '-lSDWebImage' in build setting 'OTHER_LDFLAGS'
        ➜ Implicit dependency on target 'SSZipArchive' in project 'Pods' via options '-lSSZipArchive' in build setting 'OTHER_LDFLAGS'
        ➜ Implicit dependency on target 'SexyTooltip' in project 'Pods' via options '-lSexyTooltip' in build setting 'OTHER_LDFLAGS'
        ➜ Implicit dependency on target 'SocketRocket' in project 'Pods' via options '-lSocketRocket' in build setting 'OTHER_LDFLAGS'
        ➜ Implicit dependency on target 'SwiftyRSA' in project 'Pods' via options '-lSwiftyRSA' in build setting 'OTHER_LDFLAGS'
        ➜ Implicit dependency on target 'TOCropViewController' in project 'Pods' via options '-lTOCropViewController' in build setting 'OTHER_LDFLAGS'
        ➜ Implicit dependency on target 'Yoga' in project 'Pods' via options '-lYoga' in build setting 'OTHER_LDFLAGS'
        ➜ Implicit dependency on target 'callstack-repack' in project 'Pods' via options '-lcallstack-repack' in build setting 'OTHER_LDFLAGS'
        ➜ Implicit dependency on target 'fmt' in project 'Pods' via options '-lfmt' in build setting 'OTHER_LDFLAGS'
        ➜ Implicit dependency on target 'glog' in project 'Pods' via options '-lglog' in build setting 'OTHER_LDFLAGS'
        ➜ Implicit dependency on target 'pop' in project 'Pods' via options '-lpop' in build setting 'OTHER_LDFLAGS'
        ➜ Implicit dependency on target 'react-native-actions-shortcuts' in project 'Pods' via options '-lreact-native-actions-shortcuts' in build setting 'OTHER_LDFLAGS'
        ➜ Implicit dependency on target 'react-native-background-actions' in project 'Pods' via options '-lreact-native-background-actions' in build setting 'OTHER_LDFLAGS'
        ➜ Implicit dependency on target 'react-native-begin-background-task' in project 'Pods' via options '-lreact-native-begin-background-task' in build setting 'OTHER_LDFLAGS'
        ➜ Implicit dependency on target 'react-native-blob-util' in project 'Pods' via options '-lreact-native-blob-util' in build setting 'OTHER_LDFLAGS'
        ➜ Implicit dependency on target 'react-native-cameraroll' in project 'Pods' via options '-lreact-native-cameraroll' in build setting 'OTHER_LDFLAGS'
        ➜ Implicit dependency on target 'react-native-config' in project 'Pods' via options '-lreact-native-config' in build setting 'OTHER_LDFLAGS'
        ➜ Implicit dependency on target 'react-native-date-picker' in project 'Pods' via options '-lreact-native-date-picker' in build setting 'OTHER_LDFLAGS'
        ➜ Implicit dependency on target 'react-native-document-picker' in project 'Pods' via options '-lreact-native-document-picker' in build setting 'OTHER_LDFLAGS'
        ➜ Implicit dependency on target 'react-native-fast-openpgp' in project 'Pods' via options '-lreact-native-fast-openpgp' in build setting 'OTHER_LDFLAGS'
        ➜ Implicit dependency on target 'react-native-fingerprint-scanner' in project 'Pods' via options '-lreact-native-fingerprint-scanner' in build setting 'OTHER_LDFLAGS'
        ➜ Implicit dependency on target 'react-native-get-random-values' in project 'Pods' via options '-lreact-native-get-random-values' in build setting 'OTHER_LDFLAGS'
        ➜ Implicit dependency on target 'react-native-gzip' in project 'Pods' via options '-lreact-native-gzip' in build setting 'OTHER_LDFLAGS'
        ➜ Implicit dependency on target 'react-native-html-to-pdf-lite' in project 'Pods' via options '-lreact-native-html-to-pdf-lite' in build setting 'OTHER_LDFLAGS'
        ➜ Implicit dependency on target 'react-native-image-resizer' in project 'Pods' via options '-lreact-native-image-resizer' in build setting 'OTHER_LDFLAGS'
        ➜ Implicit dependency on target 'react-native-in-app-review' in project 'Pods' via options '-lreact-native-in-app-review' in build setting 'OTHER_LDFLAGS'
        ➜ Implicit dependency on target 'react-native-keep-awake' in project 'Pods' via options '-lreact-native-keep-awake' in build setting 'OTHER_LDFLAGS'
        ➜ Implicit dependency on target 'react-native-mmkv-storage' in project 'Pods' via options '-lreact-native-mmkv-storage' in build setting 'OTHER_LDFLAGS'
        ➜ Implicit dependency on target 'react-native-netinfo' in project 'Pods' via options '-lreact-native-netinfo' in build setting 'OTHER_LDFLAGS'
        ➜ Implicit dependency on target 'react-native-notification-sounds' in project 'Pods' via options '-lreact-native-notification-sounds' in build setting 'OTHER_LDFLAGS'
        ➜ Implicit dependency on target 'react-native-orientation-locker' in project 'Pods' via options '-lreact-native-orientation-locker' in build setting 'OTHER_LDFLAGS'
        ➜ Implicit dependency on target 'react-native-pdf' in project 'Pods' via options '-lreact-native-pdf' in build setting 'OTHER_LDFLAGS'
        ➜ Implicit dependency on target 'react-native-quick-sqlite' in project 'Pods' via options '-lreact-native-quick-sqlite' in build setting 'OTHER_LDFLAGS'
        ➜ Implicit dependency on target 'react-native-safe-area-context' in project 'Pods' via options '-lreact-native-safe-area-context' in build setting 'OTHER_LDFLAGS'
        ➜ Implicit dependency on target 'react-native-screenguard' in project 'Pods' via options '-lreact-native-screenguard' in build setting 'OTHER_LDFLAGS'
        ➜ Implicit dependency on target 'react-native-share-extension' in project 'Pods' via options '-lreact-native-share-extension' in build setting 'OTHER_LDFLAGS'
        ➜ Implicit dependency on target 'react-native-sodium' in project 'Pods' via options '-lreact-native-sodium' in build setting 'OTHER_LDFLAGS'
        ➜ Implicit dependency on target 'react-native-theme-switch-animation' in project 'Pods' via options '-lreact-native-theme-switch-animation' in build setting 'OTHER_LDFLAGS'
        ➜ Implicit dependency on target 'react-native-upload' in project 'Pods' via options '-lreact-native-upload' in build setting 'OTHER_LDFLAGS'
        ➜ Implicit dependency on target 'react-native-view-shot' in project 'Pods' via options '-lreact-native-view-shot' in build setting 'OTHER_LDFLAGS'
        ➜ Implicit dependency on target 'react-native-webview' in project 'Pods' via options '-lreact-native-webview' in build setting 'OTHER_LDFLAGS'
        ➜ Implicit dependency on target 'toolbar-android' in project 'Pods' via options '-ltoolbar-android' in build setting 'OTHER_LDFLAGS'
    Target 'Pods-Notesnook' in project 'Pods'
        ➜ Explicit dependency on target 'BEMCheckBox' in project 'Pods'
        ➜ Explicit dependency on target 'Base64' in project 'Pods'
        ➜ Explicit dependency on target 'DoubleConversion' in project 'Pods'
        ➜ Explicit dependency on target 'FBLazyVector' in project 'Pods'
        ➜ Explicit dependency on target 'GZIP' in project 'Pods'
        ➜ Explicit dependency on target 'JWTDecode' in project 'Pods'
        ➜ Explicit dependency on target 'MMKV' in project 'Pods'
        ➜ Explicit dependency on target 'MMKVCore' in project 'Pods'
        ➜ Explicit dependency on target 'NitroCloudUploader' in project 'Pods'
        ➜ Explicit dependency on target 'NitroModules' in project 'Pods'
        ➜ Explicit dependency on target 'RCT-Folly' in project 'Pods'
        ➜ Explicit dependency on target 'RCTDeprecation' in project 'Pods'
        ➜ Explicit dependency on target 'RCTRequired' in project 'Pods'
        ➜ Explicit dependency on target 'RCTTypeSafety' in project 'Pods'
        ➜ Explicit dependency on target 'RNBackgroundFetch' in project 'Pods'
        ➜ Explicit dependency on target 'RNBootSplash' in project 'Pods'
        ➜ Explicit dependency on target 'RNCCheckbox' in project 'Pods'
        ➜ Explicit dependency on target 'RNCClipboard' in project 'Pods'
        ➜ Explicit dependency on target 'RNCMaskedView' in project 'Pods'
        ➜ Explicit dependency on target 'RNDateTimePicker' in project 'Pods'
        ➜ Explicit dependency on target 'RNDeviceInfo' in project 'Pods'
        ➜ Explicit dependency on target 'RNExitApp' in project 'Pods'
        ➜ Explicit dependency on target 'RNFileViewer' in project 'Pods'
        ➜ Explicit dependency on target 'RNGestureHandler' in project 'Pods'
        ➜ Explicit dependency on target 'RNIap' in project 'Pods'
        ➜ Explicit dependency on target 'RNImageCropPicker' in project 'Pods'
        ➜ Explicit dependency on target 'RNKeychain' in project 'Pods'
        ➜ Explicit dependency on target 'RNNotifee' in project 'Pods'
        ➜ Explicit dependency on target 'RNReanimated' in project 'Pods'
        ➜ Explicit dependency on target 'RNSVG' in project 'Pods'
        ➜ Explicit dependency on target 'RNScreens' in project 'Pods'
        ➜ Explicit dependency on target 'RNSecureRandom' in project 'Pods'
        ➜ Explicit dependency on target 'RNShare' in project 'Pods'
        ➜ Explicit dependency on target 'RNTooltips' in project 'Pods'
        ➜ Explicit dependency on target 'RNWorklets' in project 'Pods'
        ➜ Explicit dependency on target 'RNZipArchive' in project 'Pods'
        ➜ Explicit dependency on target 'React' in project 'Pods'
        ➜ Explicit dependency on target 'React-Codegen' in project 'Pods'
        ➜ Explicit dependency on target 'React-Core' in project 'Pods'
        ➜ Explicit dependency on target 'React-CoreModules' in project 'Pods'
        ➜ Explicit dependency on target 'React-Fabric' in project 'Pods'
        ➜ Explicit dependency on target 'React-FabricComponents' in project 'Pods'
        ➜ Explicit dependency on target 'React-FabricImage' in project 'Pods'
        ➜ Explicit dependency on target 'React-ImageManager' in project 'Pods'
        ➜ Explicit dependency on target 'React-Mapbuffer' in project 'Pods'
        ➜ Explicit dependency on target 'React-NativeModulesApple' in project 'Pods'
        ➜ Explicit dependency on target 'React-RCTActionSheet' in project 'Pods'
        ➜ Explicit dependency on target 'React-RCTAnimation' in project 'Pods'
        ➜ Explicit dependency on target 'React-RCTAppDelegate' in project 'Pods'
        ➜ Explicit dependency on target 'React-RCTBlob' in project 'Pods'
        ➜ Explicit dependency on target 'React-RCTFBReactNativeSpec' in project 'Pods'
        ➜ Explicit dependency on target 'React-RCTFabric' in project 'Pods'
        ➜ Explicit dependency on target 'React-RCTImage' in project 'Pods'
        ➜ Explicit dependency on target 'React-RCTLinking' in project 'Pods'
        ➜ Explicit dependency on target 'React-RCTNetwork' in project 'Pods'
        ➜ Explicit dependency on target 'React-RCTRuntime' in project 'Pods'
        ➜ Explicit dependency on target 'React-RCTSettings' in project 'Pods'
        ➜ Explicit dependency on target 'React-RCTText' in project 'Pods'
        ➜ Explicit dependency on target 'React-RCTVibration' in project 'Pods'
        ➜ Explicit dependency on target 'React-RuntimeApple' in project 'Pods'
        ➜ Explicit dependency on target 'React-RuntimeCore' in project 'Pods'
        ➜ Explicit dependency on target 'React-RuntimeHermes' in project 'Pods'
        ➜ Explicit dependency on target 'React-callinvoker' in project 'Pods'
        ➜ Explicit dependency on target 'React-cxxreact' in project 'Pods'
        ➜ Explicit dependency on target 'React-debug' in project 'Pods'
        ➜ Explicit dependency on target 'React-defaultsnativemodule' in project 'Pods'
        ➜ Explicit dependency on target 'React-domnativemodule' in project 'Pods'
        ➜ Explicit dependency on target 'React-featureflags' in project 'Pods'
        ➜ Explicit dependency on target 'React-featureflagsnativemodule' in project 'Pods'
        ➜ Explicit dependency on target 'React-graphics' in project 'Pods'
        ➜ Explicit dependency on target 'React-hermes' in project 'Pods'
        ➜ Explicit dependency on target 'React-idlecallbacksnativemodule' in project 'Pods'
        ➜ Explicit dependency on target 'React-jserrorhandler' in project 'Pods'
        ➜ Explicit dependency on target 'React-jsi' in project 'Pods'
        ➜ Explicit dependency on target 'React-jsiexecutor' in project 'Pods'
        ➜ Explicit dependency on target 'React-jsinspector' in project 'Pods'
        ➜ Explicit dependency on target 'React-jsinspectorcdp' in project 'Pods'
        ➜ Explicit dependency on target 'React-jsinspectornetwork' in project 'Pods'
        ➜ Explicit dependency on target 'React-jsinspectortracing' in project 'Pods'
        ➜ Explicit dependency on target 'React-jsitooling' in project 'Pods'
        ➜ Explicit dependency on target 'React-jsitracing' in project 'Pods'
        ➜ Explicit dependency on target 'React-logger' in project 'Pods'
        ➜ Explicit dependency on target 'React-microtasksnativemodule' in project 'Pods'
        ➜ Explicit dependency on target 'React-oscompat' in project 'Pods'
        ➜ Explicit dependency on target 'React-perflogger' in project 'Pods'
        ➜ Explicit dependency on target 'React-performancecdpmetrics' in project 'Pods'
        ➜ Explicit dependency on target 'React-performancetimeline' in project 'Pods'
        ➜ Explicit dependency on target 'React-rendererconsistency' in project 'Pods'
        ➜ Explicit dependency on target 'React-renderercss' in project 'Pods'
        ➜ Explicit dependency on target 'React-rendererdebug' in project 'Pods'
        ➜ Explicit dependency on target 'React-runtimeexecutor' in project 'Pods'
        ➜ Explicit dependency on target 'React-runtimescheduler' in project 'Pods'
        ➜ Explicit dependency on target 'React-timing' in project 'Pods'
        ➜ Explicit dependency on target 'React-utils' in project 'Pods'
        ➜ Explicit dependency on target 'React-webperformancenativemodule' in project 'Pods'
        ➜ Explicit dependency on target 'ReactAppDependencyProvider' in project 'Pods'
        ➜ Explicit dependency on target 'ReactCodegen' in project 'Pods'
        ➜ Explicit dependency on target 'ReactCommon' in project 'Pods'
        ➜ Explicit dependency on target 'SDWebImage' in project 'Pods'
        ➜ Explicit dependency on target 'SSZipArchive' in project 'Pods'
        ➜ Explicit dependency on target 'SexyTooltip' in project 'Pods'
        ➜ Explicit dependency on target 'SocketRocket' in project 'Pods'
        ➜ Explicit dependency on target 'SwiftyRSA' in project 'Pods'
        ➜ Explicit dependency on target 'TOCropViewController' in project 'Pods'
        ➜ Explicit dependency on target 'Yoga' in project 'Pods'
        ➜ Explicit dependency on target 'boost' in project 'Pods'
        ➜ Explicit dependency on target 'callstack-repack' in project 'Pods'
        ➜ Explicit dependency on target 'fast_float' in project 'Pods'
        ➜ Explicit dependency on target 'fmt' in project 'Pods'
        ➜ Explicit dependency on target 'glog' in project 'Pods'
        ➜ Explicit dependency on target 'hermes-engine' in project 'Pods'
        ➜ Explicit dependency on target 'pop' in project 'Pods'
        ➜ Explicit dependency on target 'react-native-actions-shortcuts' in project 'Pods'
        ➜ Explicit dependency on target 'react-native-background-actions' in project 'Pods'
        ➜ Explicit dependency on target 'react-native-begin-background-task' in project 'Pods'
        ➜ Explicit dependency on target 'react-native-blob-util' in project 'Pods'
        ➜ Explicit dependency on target 'react-native-cameraroll' in project 'Pods'
        ➜ Explicit dependency on target 'react-native-config' in project 'Pods'
        ➜ Explicit dependency on target 'react-native-date-picker' in project 'Pods'
        ➜ Explicit dependency on target 'react-native-document-picker' in project 'Pods'
        ➜ Explicit dependency on target 'react-native-fast-openpgp' in project 'Pods'
        ➜ Explicit dependency on target 'react-native-fingerprint-scanner' in project 'Pods'
        ➜ Explicit dependency on target 'react-native-get-random-values' in project 'Pods'
        ➜ Explicit dependency on target 'react-native-gzip' in project 'Pods'
        ➜ Explicit dependency on target 'react-native-html-to-pdf-lite' in project 'Pods'
        ➜ Explicit dependency on target 'react-native-image-resizer' in project 'Pods'
        ➜ Explicit dependency on target 'react-native-in-app-review' in project 'Pods'
        ➜ Explicit dependency on target 'react-native-keep-awake' in project 'Pods'
        ➜ Explicit dependency on target 'react-native-mmkv-storage' in project 'Pods'
        ➜ Explicit dependency on target 'react-native-netinfo' in project 'Pods'
        ➜ Explicit dependency on target 'react-native-notification-sounds' in project 'Pods'
        ➜ Explicit dependency on target 'react-native-orientation-locker' in project 'Pods'
        ➜ Explicit dependency on target 'react-native-pdf' in project 'Pods'
        ➜ Explicit dependency on target 'react-native-quick-sqlite' in project 'Pods'
        ➜ Explicit dependency on target 'react-native-safe-area-context' in project 'Pods'
        ➜ Explicit dependency on target 'react-native-screenguard' in project 'Pods'
        ➜ Explicit dependency on target 'react-native-share-extension' in project 'Pods'
        ➜ Explicit dependency on target 'react-native-sodium' in project 'Pods'
        ➜ Explicit dependency on target 'react-native-theme-switch-animation' in project 'Pods'
        ➜ Explicit dependency on target 'react-native-upload' in project 'Pods'
        ➜ Explicit dependency on target 'react-native-view-shot' in project 'Pods'
        ➜ Explicit dependency on target 'react-native-webview' in project 'Pods'
        ➜ Explicit dependency on target 'toolbar-android' in project 'Pods'
    Target 'NotesWidgetExtension' in project 'Notesnook' (no dependencies)
    Target 'Make Note' in project 'Notesnook'
        ➜ Implicit dependency on target 'Pods-Notesnook-Make Note' in project 'Pods' via file 'libPods-Notesnook-Make Note.a' in build phase 'Link Binary'
        ➜ Implicit dependency on target 'BEMCheckBox' in project 'Pods' via options '-lBEMCheckBox' in build setting 'OTHER_LDFLAGS'
        ➜ Implicit dependency on target 'Base64' in project 'Pods' via options '-lBase64' in build setting 'OTHER_LDFLAGS'
        ➜ Implicit dependency on target 'DoubleConversion' in project 'Pods' via options '-lDoubleConversion' in build setting 'OTHER_LDFLAGS'
        ➜ Implicit dependency on target 'GZIP' in project 'Pods' via options '-lGZIP' in build setting 'OTHER_LDFLAGS'
        ➜ Implicit dependency on target 'JWTDecode' in project 'Pods' via options '-lJWTDecode' in build setting 'OTHER_LDFLAGS'
        ➜ Implicit dependency on target 'MMKV' in project 'Pods' via options '-lMMKV' in build setting 'OTHER_LDFLAGS'
        ➜ Implicit dependency on target 'MMKVCore' in project 'Pods' via options '-lMMKVCore' in build setting 'OTHER_LDFLAGS'
        ➜ Implicit dependency on target 'NitroCloudUploader' in project 'Pods' via options '-lNitroCloudUploader' in build setting 'OTHER_LDFLAGS'
        ➜ Implicit dependency on target 'NitroModules' in project 'Pods' via options '-lNitroModules' in build setting 'OTHER_LDFLAGS'
        ➜ Implicit dependency on target 'RCT-Folly' in project 'Pods' via options '-lRCT-Folly' in build setting 'OTHER_LDFLAGS'
        ➜ Implicit dependency on target 'RCTDeprecation' in project 'Pods' via options '-lRCTDeprecation' in build setting 'OTHER_LDFLAGS'
        ➜ Implicit dependency on target 'RCTTypeSafety' in project 'Pods' via options '-lRCTTypeSafety' in build setting 'OTHER_LDFLAGS'
        ➜ Implicit dependency on target 'RNBackgroundFetch' in project 'Pods' via options '-lRNBackgroundFetch' in build setting 'OTHER_LDFLAGS'
        ➜ Implicit dependency on target 'RNBootSplash' in project 'Pods' via options '-lRNBootSplash' in build setting 'OTHER_LDFLAGS'
        ➜ Implicit dependency on target 'RNCCheckbox' in project 'Pods' via options '-lRNCCheckbox' in build setting 'OTHER_LDFLAGS'
        ➜ Implicit dependency on target 'RNCClipboard' in project 'Pods' via options '-lRNCClipboard' in build setting 'OTHER_LDFLAGS'
        ➜ Implicit dependency on target 'RNCMaskedView' in project 'Pods' via options '-lRNCMaskedView' in build setting 'OTHER_LDFLAGS'
        ➜ Implicit dependency on target 'RNDateTimePicker' in project 'Pods' via options '-lRNDateTimePicker' in build setting 'OTHER_LDFLAGS'
        ➜ Implicit dependency on target 'RNDeviceInfo' in project 'Pods' via options '-lRNDeviceInfo' in build setting 'OTHER_LDFLAGS'
        ➜ Implicit dependency on target 'RNExitApp' in project 'Pods' via options '-lRNExitApp' in build setting 'OTHER_LDFLAGS'
        ➜ Implicit dependency on target 'RNFileViewer' in project 'Pods' via options '-lRNFileViewer' in build setting 'OTHER_LDFLAGS'
        ➜ Implicit dependency on target 'RNGestureHandler' in project 'Pods' via options '-lRNGestureHandler' in build setting 'OTHER_LDFLAGS'
        ➜ Implicit dependency on target 'RNIap' in project 'Pods' via options '-lRNIap' in build setting 'OTHER_LDFLAGS'
        ➜ Implicit dependency on target 'RNImageCropPicker' in project 'Pods' via options '-lRNImageCropPicker' in build setting 'OTHER_LDFLAGS'
        ➜ Implicit dependency on target 'RNKeychain' in project 'Pods' via options '-lRNKeychain' in build setting 'OTHER_LDFLAGS'
        ➜ Implicit dependency on target 'RNNotifee' in project 'Pods' via options '-lRNNotifee' in build setting 'OTHER_LDFLAGS'
        ➜ Implicit dependency on target 'RNReanimated' in project 'Pods' via options '-lRNReanimated' in build setting 'OTHER_LDFLAGS'
        ➜ Implicit dependency on target 'RNSVG' in project 'Pods' via options '-lRNSVG' in build setting 'OTHER_LDFLAGS'
        ➜ Implicit dependency on target 'RNScreens' in project 'Pods' via options '-lRNScreens' in build setting 'OTHER_LDFLAGS'
        ➜ Implicit dependency on target 'RNSecureRandom' in project 'Pods' via options '-lRNSecureRandom' in build setting 'OTHER_LDFLAGS'
        ➜ Implicit dependency on target 'RNShare' in project 'Pods' via options '-lRNShare' in build setting 'OTHER_LDFLAGS'
        ➜ Implicit dependency on target 'RNTooltips' in project 'Pods' via options '-lRNTooltips' in build setting 'OTHER_LDFLAGS'
        ➜ Implicit dependency on target 'RNWorklets' in project 'Pods' via options '-lRNWorklets' in build setting 'OTHER_LDFLAGS'
        ➜ Implicit dependency on target 'RNZipArchive' in project 'Pods' via options '-lRNZipArchive' in build setting 'OTHER_LDFLAGS'
        ➜ Implicit dependency on target 'React-Codegen' in project 'Pods' via options '-lReact-Codegen' in build setting 'OTHER_LDFLAGS'
        ➜ Implicit dependency on target 'React-Core' in project 'Pods' via options '-lReact-Core' in build setting 'OTHER_LDFLAGS'
        ➜ Implicit dependency on target 'React-CoreModules' in project 'Pods' via options '-lReact-CoreModules' in build setting 'OTHER_LDFLAGS'
        ➜ Implicit dependency on target 'React-Fabric' in project 'Pods' via options '-lReact-Fabric' in build setting 'OTHER_LDFLAGS'
        ➜ Implicit dependency on target 'React-FabricComponents' in project 'Pods' via options '-lReact-FabricComponents' in build setting 'OTHER_LDFLAGS'
        ➜ Implicit dependency on target 'React-FabricImage' in project 'Pods' via options '-lReact-FabricImage' in build setting 'OTHER_LDFLAGS'
        ➜ Implicit dependency on target 'React-ImageManager' in project 'Pods' via options '-lReact-ImageManager' in build setting 'OTHER_LDFLAGS'
        ➜ Implicit dependency on target 'React-Mapbuffer' in project 'Pods' via options '-lReact-Mapbuffer' in build setting 'OTHER_LDFLAGS'
        ➜ Implicit dependency on target 'React-NativeModulesApple' in project 'Pods' via options '-lReact-NativeModulesApple' in build setting 'OTHER_LDFLAGS'
        ➜ Implicit dependency on target 'React-RCTAnimation' in project 'Pods' via options '-lReact-RCTAnimation' in build setting 'OTHER_LDFLAGS'
        ➜ Implicit dependency on target 'React-RCTAppDelegate' in project 'Pods' via options '-lReact-RCTAppDelegate' in build setting 'OTHER_LDFLAGS'
        ➜ Implicit dependency on target 'React-RCTBlob' in project 'Pods' via options '-lReact-RCTBlob' in build setting 'OTHER_LDFLAGS'
        ➜ Implicit dependency on target 'React-RCTFBReactNativeSpec' in project 'Pods' via options '-lReact-RCTFBReactNativeSpec' in build setting 'OTHER_LDFLAGS'
        ➜ Implicit dependency on target 'React-RCTFabric' in project 'Pods' via options '-lReact-RCTFabric' in build setting 'OTHER_LDFLAGS'
        ➜ Implicit dependency on target 'React-RCTImage' in project 'Pods' via options '-lReact-RCTImage' in build setting 'OTHER_LDFLAGS'
        ➜ Implicit dependency on target 'React-RCTLinking' in project 'Pods' via options '-lReact-RCTLinking' in build setting 'OTHER_LDFLAGS'
        ➜ Implicit dependency on target 'React-RCTNetwork' in project 'Pods' via options '-lReact-RCTNetwork' in build setting 'OTHER_LDFLAGS'
        ➜ Implicit dependency on target 'React-RCTRuntime' in project 'Pods' via options '-lReact-RCTRuntime' in build setting 'OTHER_LDFLAGS'
        ➜ Implicit dependency on target 'React-RCTSettings' in project 'Pods' via options '-lReact-RCTSettings' in build setting 'OTHER_LDFLAGS'
        ➜ Implicit dependency on target 'React-RCTText' in project 'Pods' via options '-lReact-RCTText' in build setting 'OTHER_LDFLAGS'
        ➜ Implicit dependency on target 'React-RCTVibration' in project 'Pods' via options '-lReact-RCTVibration' in build setting 'OTHER_LDFLAGS'
        ➜ Implicit dependency on target 'React-RuntimeApple' in project 'Pods' via options '-lReact-RuntimeApple' in build setting 'OTHER_LDFLAGS'
        ➜ Implicit dependency on target 'React-RuntimeCore' in project 'Pods' via options '-lReact-RuntimeCore' in build setting 'OTHER_LDFLAGS'
        ➜ Implicit dependency on target 'React-RuntimeHermes' in project 'Pods' via options '-lReact-RuntimeHermes' in build setting 'OTHER_LDFLAGS'
        ➜ Implicit dependency on target 'React-cxxreact' in project 'Pods' via options '-lReact-cxxreact' in build setting 'OTHER_LDFLAGS'
        ➜ Implicit dependency on target 'React-debug' in project 'Pods' via options '-lReact-debug' in build setting 'OTHER_LDFLAGS'
        ➜ Implicit dependency on target 'React-defaultsnativemodule' in project 'Pods' via options '-lReact-defaultsnativemodule' in build setting 'OTHER_LDFLAGS'
        ➜ Implicit dependency on target 'React-domnativemodule' in project 'Pods' via options '-lReact-domnativemodule' in build setting 'OTHER_LDFLAGS'
        ➜ Implicit dependency on target 'React-featureflags' in project 'Pods' via options '-lReact-featureflags' in build setting 'OTHER_LDFLAGS'
        ➜ Implicit dependency on target 'React-featureflagsnativemodule' in project 'Pods' via options '-lReact-featureflagsnativemodule' in build setting 'OTHER_LDFLAGS'
        ➜ Implicit dependency on target 'React-graphics' in project 'Pods' via options '-lReact-graphics' in build setting 'OTHER_LDFLAGS'
        ➜ Implicit dependency on target 'React-hermes' in project 'Pods' via options '-lReact-hermes' in build setting 'OTHER_LDFLAGS'
        ➜ Implicit dependency on target 'React-idlecallbacksnativemodule' in project 'Pods' via options '-lReact-idlecallbacksnativemodule' in build setting 'OTHER_LDFLAGS'
        ➜ Implicit dependency on target 'React-jserrorhandler' in project 'Pods' via options '-lReact-jserrorhandler' in build setting 'OTHER_LDFLAGS'
        ➜ Implicit dependency on target 'React-jsi' in project 'Pods' via options '-lReact-jsi' in build setting 'OTHER_LDFLAGS'
        ➜ Implicit dependency on target 'React-jsiexecutor' in project 'Pods' via options '-lReact-jsiexecutor' in build setting 'OTHER_LDFLAGS'
        ➜ Implicit dependency on target 'React-jsinspector' in project 'Pods' via options '-lReact-jsinspector' in build setting 'OTHER_LDFLAGS'
        ➜ Implicit dependency on target 'React-jsinspectorcdp' in project 'Pods' via options '-lReact-jsinspectorcdp' in build setting 'OTHER_LDFLAGS'
        ➜ Implicit dependency on target 'React-jsinspectornetwork' in project 'Pods' via options '-lReact-jsinspectornetwork' in build setting 'OTHER_LDFLAGS'
        ➜ Implicit dependency on target 'React-jsinspectortracing' in project 'Pods' via options '-lReact-jsinspectortracing' in build setting 'OTHER_LDFLAGS'
        ➜ Implicit dependency on target 'React-jsitooling' in project 'Pods' via options '-lReact-jsitooling' in build setting 'OTHER_LDFLAGS'
        ➜ Implicit dependency on target 'React-logger' in project 'Pods' via options '-lReact-logger' in build setting 'OTHER_LDFLAGS'
        ➜ Implicit dependency on target 'React-microtasksnativemodule' in project 'Pods' via options '-lReact-microtasksnativemodule' in build setting 'OTHER_LDFLAGS'
        ➜ Implicit dependency on target 'React-oscompat' in project 'Pods' via options '-lReact-oscompat' in build setting 'OTHER_LDFLAGS'
        ➜ Implicit dependency on target 'React-perflogger' in project 'Pods' via options '-lReact-perflogger' in build setting 'OTHER_LDFLAGS'
        ➜ Implicit dependency on target 'React-performancecdpmetrics' in project 'Pods' via options '-lReact-performancecdpmetrics' in build setting 'OTHER_LDFLAGS'
        ➜ Implicit dependency on target 'React-performancetimeline' in project 'Pods' via options '-lReact-performancetimeline' in build setting 'OTHER_LDFLAGS'
        ➜ Implicit dependency on target 'React-rendererconsistency' in project 'Pods' via options '-lReact-rendererconsistency' in build setting 'OTHER_LDFLAGS'
        ➜ Implicit dependency on target 'React-renderercss' in project 'Pods' via options '-lReact-renderercss' in build setting 'OTHER_LDFLAGS'
        ➜ Implicit dependency on target 'React-rendererdebug' in project 'Pods' via options '-lReact-rendererdebug' in build setting 'OTHER_LDFLAGS'
        ➜ Implicit dependency on target 'React-runtimeexecutor' in project 'Pods' via options '-lReact-runtimeexecutor' in build setting 'OTHER_LDFLAGS'
        ➜ Implicit dependency on target 'React-runtimescheduler' in project 'Pods' via options '-lReact-runtimescheduler' in build setting 'OTHER_LDFLAGS'
        ➜ Implicit dependency on target 'React-utils' in project 'Pods' via options '-lReact-utils' in build setting 'OTHER_LDFLAGS'
        ➜ Implicit dependency on target 'React-webperformancenativemodule' in project 'Pods' via options '-lReact-webperformancenativemodule' in build setting 'OTHER_LDFLAGS'
        ➜ Implicit dependency on target 'ReactAppDependencyProvider' in project 'Pods' via options '-lReactAppDependencyProvider' in build setting 'OTHER_LDFLAGS'
        ➜ Implicit dependency on target 'ReactCodegen' in project 'Pods' via options '-lReactCodegen' in build setting 'OTHER_LDFLAGS'
        ➜ Implicit dependency on target 'ReactCommon' in project 'Pods' via options '-lReactCommon' in build setting 'OTHER_LDFLAGS'
        ➜ Implicit dependency on target 'SDWebImage' in project 'Pods' via options '-lSDWebImage' in build setting 'OTHER_LDFLAGS'
        ➜ Implicit dependency on target 'SSZipArchive' in project 'Pods' via options '-lSSZipArchive' in build setting 'OTHER_LDFLAGS'
        ➜ Implicit dependency on target 'SexyTooltip' in project 'Pods' via options '-lSexyTooltip' in build setting 'OTHER_LDFLAGS'
        ➜ Implicit dependency on target 'SocketRocket' in project 'Pods' via options '-lSocketRocket' in build setting 'OTHER_LDFLAGS'
        ➜ Implicit dependency on target 'SwiftyRSA' in project 'Pods' via options '-lSwiftyRSA' in build setting 'OTHER_LDFLAGS'
        ➜ Implicit dependency on target 'TOCropViewController' in project 'Pods' via options '-lTOCropViewController' in build setting 'OTHER_LDFLAGS'
        ➜ Implicit dependency on target 'Yoga' in project 'Pods' via options '-lYoga' in build setting 'OTHER_LDFLAGS'
        ➜ Implicit dependency on target 'callstack-repack' in project 'Pods' via options '-lcallstack-repack' in build setting 'OTHER_LDFLAGS'
        ➜ Implicit dependency on target 'fmt' in project 'Pods' via options '-lfmt' in build setting 'OTHER_LDFLAGS'
        ➜ Implicit dependency on target 'glog' in project 'Pods' via options '-lglog' in build setting 'OTHER_LDFLAGS'
        ➜ Implicit dependency on target 'pop' in project 'Pods' via options '-lpop' in build setting 'OTHER_LDFLAGS'
        ➜ Implicit dependency on target 'react-native-actions-shortcuts' in project 'Pods' via options '-lreact-native-actions-shortcuts' in build setting 'OTHER_LDFLAGS'
        ➜ Implicit dependency on target 'react-native-background-actions' in project 'Pods' via options '-lreact-native-background-actions' in build setting 'OTHER_LDFLAGS'
        ➜ Implicit dependency on target 'react-native-begin-background-task' in project 'Pods' via options '-lreact-native-begin-background-task' in build setting 'OTHER_LDFLAGS'
        ➜ Implicit dependency on target 'react-native-blob-util' in project 'Pods' via options '-lreact-native-blob-util' in build setting 'OTHER_LDFLAGS'
        ➜ Implicit dependency on target 'react-native-cameraroll' in project 'Pods' via options '-lreact-native-cameraroll' in build setting 'OTHER_LDFLAGS'
        ➜ Implicit dependency on target 'react-native-config' in project 'Pods' via options '-lreact-native-config' in build setting 'OTHER_LDFLAGS'
        ➜ Implicit dependency on target 'react-native-date-picker' in project 'Pods' via options '-lreact-native-date-picker' in build setting 'OTHER_LDFLAGS'
        ➜ Implicit dependency on target 'react-native-document-picker' in project 'Pods' via options '-lreact-native-document-picker' in build setting 'OTHER_LDFLAGS'
        ➜ Implicit dependency on target 'react-native-fast-openpgp' in project 'Pods' via options '-lreact-native-fast-openpgp' in build setting 'OTHER_LDFLAGS'
        ➜ Implicit dependency on target 'react-native-fingerprint-scanner' in project 'Pods' via options '-lreact-native-fingerprint-scanner' in build setting 'OTHER_LDFLAGS'
        ➜ Implicit dependency on target 'react-native-get-random-values' in project 'Pods' via options '-lreact-native-get-random-values' in build setting 'OTHER_LDFLAGS'
        ➜ Implicit dependency on target 'react-native-gzip' in project 'Pods' via options '-lreact-native-gzip' in build setting 'OTHER_LDFLAGS'
        ➜ Implicit dependency on target 'react-native-html-to-pdf-lite' in project 'Pods' via options '-lreact-native-html-to-pdf-lite' in build setting 'OTHER_LDFLAGS'
        ➜ Implicit dependency on target 'react-native-image-resizer' in project 'Pods' via options '-lreact-native-image-resizer' in build setting 'OTHER_LDFLAGS'
        ➜ Implicit dependency on target 'react-native-in-app-review' in project 'Pods' via options '-lreact-native-in-app-review' in build setting 'OTHER_LDFLAGS'
        ➜ Implicit dependency on target 'react-native-keep-awake' in project 'Pods' via options '-lreact-native-keep-awake' in build setting 'OTHER_LDFLAGS'
        ➜ Implicit dependency on target 'react-native-mmkv-storage' in project 'Pods' via options '-lreact-native-mmkv-storage' in build setting 'OTHER_LDFLAGS'
        ➜ Implicit dependency on target 'react-native-netinfo' in project 'Pods' via options '-lreact-native-netinfo' in build setting 'OTHER_LDFLAGS'
        ➜ Implicit dependency on target 'react-native-notification-sounds' in project 'Pods' via options '-lreact-native-notification-sounds' in build setting 'OTHER_LDFLAGS'
        ➜ Implicit dependency on target 'react-native-orientation-locker' in project 'Pods' via options '-lreact-native-orientation-locker' in build setting 'OTHER_LDFLAGS'
        ➜ Implicit dependency on target 'react-native-pdf' in project 'Pods' via options '-lreact-native-pdf' in build setting 'OTHER_LDFLAGS'
        ➜ Implicit dependency on target 'react-native-quick-sqlite' in project 'Pods' via options '-lreact-native-quick-sqlite' in build setting 'OTHER_LDFLAGS'
        ➜ Implicit dependency on target 'react-native-safe-area-context' in project 'Pods' via options '-lreact-native-safe-area-context' in build setting 'OTHER_LDFLAGS'
        ➜ Implicit dependency on target 'react-native-screenguard' in project 'Pods' via options '-lreact-native-screenguard' in build setting 'OTHER_LDFLAGS'
        ➜ Implicit dependency on target 'react-native-share-extension' in project 'Pods' via options '-lreact-native-share-extension' in build setting 'OTHER_LDFLAGS'
        ➜ Implicit dependency on target 'react-native-sodium' in project 'Pods' via options '-lreact-native-sodium' in build setting 'OTHER_LDFLAGS'
        ➜ Implicit dependency on target 'react-native-theme-switch-animation' in project 'Pods' via options '-lreact-native-theme-switch-animation' in build setting 'OTHER_LDFLAGS'
        ➜ Implicit dependency on target 'react-native-upload' in project 'Pods' via options '-lreact-native-upload' in build setting 'OTHER_LDFLAGS'
        ➜ Implicit dependency on target 'react-native-view-shot' in project 'Pods' via options '-lreact-native-view-shot' in build setting 'OTHER_LDFLAGS'
        ➜ Implicit dependency on target 'react-native-webview' in project 'Pods' via options '-lreact-native-webview' in build setting 'OTHER_LDFLAGS'
        ➜ Implicit dependency on target 'toolbar-android' in project 'Pods' via options '-ltoolbar-android' in build setting 'OTHER_LDFLAGS'
    Target 'Pods-Notesnook-Make Note' in project 'Pods'
        ➜ Explicit dependency on target 'BEMCheckBox' in project 'Pods'
        ➜ Explicit dependency on target 'Base64' in project 'Pods'
        ➜ Explicit dependency on target 'DoubleConversion' in project 'Pods'
        ➜ Explicit dependency on target 'FBLazyVector' in project 'Pods'
        ➜ Explicit dependency on target 'GZIP' in project 'Pods'
        ➜ Explicit dependency on target 'JWTDecode' in project 'Pods'
        ➜ Explicit dependency on target 'MMKV' in project 'Pods'
        ➜ Explicit dependency on target 'MMKVCore' in project 'Pods'
        ➜ Explicit dependency on target 'NitroCloudUploader' in project 'Pods'
        ➜ Explicit dependency on target 'NitroModules' in project 'Pods'
        ➜ Explicit dependency on target 'RCT-Folly' in project 'Pods'
        ➜ Explicit dependency on target 'RCTDeprecation' in project 'Pods'
        ➜ Explicit dependency on target 'RCTRequired' in project 'Pods'
        ➜ Explicit dependency on target 'RCTTypeSafety' in project 'Pods'
        ➜ Explicit dependency on target 'RNBackgroundFetch' in project 'Pods'
        ➜ Explicit dependency on target 'RNBootSplash' in project 'Pods'
        ➜ Explicit dependency on target 'RNCCheckbox' in project 'Pods'
        ➜ Explicit dependency on target 'RNCClipboard' in project 'Pods'
        ➜ Explicit dependency on target 'RNCMaskedView' in project 'Pods'
        ➜ Explicit dependency on target 'RNDateTimePicker' in project 'Pods'
        ➜ Explicit dependency on target 'RNDeviceInfo' in project 'Pods'
        ➜ Explicit dependency on target 'RNExitApp' in project 'Pods'
        ➜ Explicit dependency on target 'RNFileViewer' in project 'Pods'
        ➜ Explicit dependency on target 'RNGestureHandler' in project 'Pods'
        ➜ Explicit dependency on target 'RNIap' in project 'Pods'
        ➜ Explicit dependency on target 'RNImageCropPicker' in project 'Pods'
        ➜ Explicit dependency on target 'RNKeychain' in project 'Pods'
        ➜ Explicit dependency on target 'RNNotifee' in project 'Pods'
        ➜ Explicit dependency on target 'RNReanimated' in project 'Pods'
        ➜ Explicit dependency on target 'RNSVG' in project 'Pods'
        ➜ Explicit dependency on target 'RNScreens' in project 'Pods'
        ➜ Explicit dependency on target 'RNSecureRandom' in project 'Pods'
        ➜ Explicit dependency on target 'RNShare' in project 'Pods'
        ➜ Explicit dependency on target 'RNTooltips' in project 'Pods'
        ➜ Explicit dependency on target 'RNWorklets' in project 'Pods'
        ➜ Explicit dependency on target 'RNZipArchive' in project 'Pods'
        ➜ Explicit dependency on target 'React' in project 'Pods'
        ➜ Explicit dependency on target 'React-Codegen' in project 'Pods'
        ➜ Explicit dependency on target 'React-Core' in project 'Pods'
        ➜ Explicit dependency on target 'React-CoreModules' in project 'Pods'
        ➜ Explicit dependency on target 'React-Fabric' in project 'Pods'
        ➜ Explicit dependency on target 'React-FabricComponents' in project 'Pods'
        ➜ Explicit dependency on target 'React-FabricImage' in project 'Pods'
        ➜ Explicit dependency on target 'React-ImageManager' in project 'Pods'
        ➜ Explicit dependency on target 'React-Mapbuffer' in project 'Pods'
        ➜ Explicit dependency on target 'React-NativeModulesApple' in project 'Pods'
        ➜ Explicit dependency on target 'React-RCTActionSheet' in project 'Pods'
        ➜ Explicit dependency on target 'React-RCTAnimation' in project 'Pods'
        ➜ Explicit dependency on target 'React-RCTAppDelegate' in project 'Pods'
        ➜ Explicit dependency on target 'React-RCTBlob' in project 'Pods'
        ➜ Explicit dependency on target 'React-RCTFBReactNativeSpec' in project 'Pods'
        ➜ Explicit dependency on target 'React-RCTFabric' in project 'Pods'
        ➜ Explicit dependency on target 'React-RCTImage' in project 'Pods'
        ➜ Explicit dependency on target 'React-RCTLinking' in project 'Pods'
        ➜ Explicit dependency on target 'React-RCTNetwork' in project 'Pods'
        ➜ Explicit dependency on target 'React-RCTRuntime' in project 'Pods'
        ➜ Explicit dependency on target 'React-RCTSettings' in project 'Pods'
        ➜ Explicit dependency on target 'React-RCTText' in project 'Pods'
        ➜ Explicit dependency on target 'React-RCTVibration' in project 'Pods'
        ➜ Explicit dependency on target 'React-RuntimeApple' in project 'Pods'
        ➜ Explicit dependency on target 'React-RuntimeCore' in project 'Pods'
        ➜ Explicit dependency on target 'React-RuntimeHermes' in project 'Pods'
        ➜ Explicit dependency on target 'React-callinvoker' in project 'Pods'
        ➜ Explicit dependency on target 'React-cxxreact' in project 'Pods'
        ➜ Explicit dependency on target 'React-debug' in project 'Pods'
        ➜ Explicit dependency on target 'React-defaultsnativemodule' in project 'Pods'
        ➜ Explicit dependency on target 'React-domnativemodule' in project 'Pods'
        ➜ Explicit dependency on target 'React-featureflags' in project 'Pods'
        ➜ Explicit dependency on target 'React-featureflagsnativemodule' in project 'Pods'
        ➜ Explicit dependency on target 'React-graphics' in project 'Pods'
        ➜ Explicit dependency on target 'React-hermes' in project 'Pods'
        ➜ Explicit dependency on target 'React-idlecallbacksnativemodule' in project 'Pods'
        ➜ Explicit dependency on target 'React-jserrorhandler' in project 'Pods'
        ➜ Explicit dependency on target 'React-jsi' in project 'Pods'
        ➜ Explicit dependency on target 'React-jsiexecutor' in project 'Pods'
        ➜ Explicit dependency on target 'React-jsinspector' in project 'Pods'
        ➜ Explicit dependency on target 'React-jsinspectorcdp' in project 'Pods'
        ➜ Explicit dependency on target 'React-jsinspectornetwork' in project 'Pods'
        ➜ Explicit dependency on target 'React-jsinspectortracing' in project 'Pods'
        ➜ Explicit dependency on target 'React-jsitooling' in project 'Pods'
        ➜ Explicit dependency on target 'React-jsitracing' in project 'Pods'
        ➜ Explicit dependency on target 'React-logger' in project 'Pods'
        ➜ Explicit dependency on target 'React-microtasksnativemodule' in project 'Pods'
        ➜ Explicit dependency on target 'React-oscompat' in project 'Pods'
        ➜ Explicit dependency on target 'React-perflogger' in project 'Pods'
        ➜ Explicit dependency on target 'React-performancecdpmetrics' in project 'Pods'
        ➜ Explicit dependency on target 'React-performancetimeline' in project 'Pods'
        ➜ Explicit dependency on target 'React-rendererconsistency' in project 'Pods'
        ➜ Explicit dependency on target 'React-renderercss' in project 'Pods'
        ➜ Explicit dependency on target 'React-rendererdebug' in project 'Pods'
        ➜ Explicit dependency on target 'React-runtimeexecutor' in project 'Pods'
        ➜ Explicit dependency on target 'React-runtimescheduler' in project 'Pods'
        ➜ Explicit dependency on target 'React-timing' in project 'Pods'
        ➜ Explicit dependency on target 'React-utils' in project 'Pods'
        ➜ Explicit dependency on target 'React-webperformancenativemodule' in project 'Pods'
        ➜ Explicit dependency on target 'ReactAppDependencyProvider' in project 'Pods'
        ➜ Explicit dependency on target 'ReactCodegen' in project 'Pods'
        ➜ Explicit dependency on target 'ReactCommon' in project 'Pods'
        ➜ Explicit dependency on target 'SDWebImage' in project 'Pods'
        ➜ Explicit dependency on target 'SSZipArchive' in project 'Pods'
        ➜ Explicit dependency on target 'SexyTooltip' in project 'Pods'
        ➜ Explicit dependency on target 'SocketRocket' in project 'Pods'
        ➜ Explicit dependency on target 'SwiftyRSA' in project 'Pods'
        ➜ Explicit dependency on target 'TOCropViewController' in project 'Pods'
        ➜ Explicit dependency on target 'Yoga' in project 'Pods'
        ➜ Explicit dependency on target 'boost' in project 'Pods'
        ➜ Explicit dependency on target 'callstack-repack' in project 'Pods'
        ➜ Explicit dependency on target 'fast_float' in project 'Pods'
        ➜ Explicit dependency on target 'fmt' in project 'Pods'
        ➜ Explicit dependency on target 'glog' in project 'Pods'
        ➜ Explicit dependency on target 'hermes-engine' in project 'Pods'
        ➜ Explicit dependency on target 'pop' in project 'Pods'
        ➜ Explicit dependency on target 'react-native-actions-shortcuts' in project 'Pods'
        ➜ Explicit dependency on target 'react-native-background-actions' in project 'Pods'
        ➜ Explicit dependency on target 'react-native-begin-background-task' in project 'Pods'
        ➜ Explicit dependency on target 'react-native-blob-util' in project 'Pods'
        ➜ Explicit dependency on target 'react-native-cameraroll' in project 'Pods'
        ➜ Explicit dependency on target 'react-native-config' in project 'Pods'
        ➜ Explicit dependency on target 'react-native-date-picker' in project 'Pods'
        ➜ Explicit dependency on target 'react-native-document-picker' in project 'Pods'
        ➜ Explicit dependency on target 'react-native-fast-openpgp' in project 'Pods'
        ➜ Explicit dependency on target 'react-native-fingerprint-scanner' in project 'Pods'
        ➜ Explicit dependency on target 'react-native-get-random-values' in project 'Pods'
        ➜ Explicit dependency on target 'react-native-gzip' in project 'Pods'
        ➜ Explicit dependency on target 'react-native-html-to-pdf-lite' in project 'Pods'
        ➜ Explicit dependency on target 'react-native-image-resizer' in project 'Pods'
        ➜ Explicit dependency on target 'react-native-in-app-review' in project 'Pods'
        ➜ Explicit dependency on target 'react-native-keep-awake' in project 'Pods'
        ➜ Explicit dependency on target 'react-native-mmkv-storage' in project 'Pods'
        ➜ Explicit dependency on target 'react-native-netinfo' in project 'Pods'
        ➜ Explicit dependency on target 'react-native-notification-sounds' in project 'Pods'
        ➜ Explicit dependency on target 'react-native-orientation-locker' in project 'Pods'
        ➜ Explicit dependency on target 'react-native-pdf' in project 'Pods'
        ➜ Explicit dependency on target 'react-native-quick-sqlite' in project 'Pods'
        ➜ Explicit dependency on target 'react-native-safe-area-context' in project 'Pods'
        ➜ Explicit dependency on target 'react-native-screenguard' in project 'Pods'
        ➜ Explicit dependency on target 'react-native-share-extension' in project 'Pods'
        ➜ Explicit dependency on target 'react-native-sodium' in project 'Pods'
        ➜ Explicit dependency on target 'react-native-theme-switch-animation' in project 'Pods'
        ➜ Explicit dependency on target 'react-native-upload' in project 'Pods'
        ➜ Explicit dependency on target 'react-native-view-shot' in project 'Pods'
        ➜ Explicit dependency on target 'react-native-webview' in project 'Pods'
        ➜ Explicit dependency on target 'toolbar-android' in project 'Pods'
    Target 'toolbar-android' in project 'Pods'
        ➜ Explicit dependency on target 'React' in project 'Pods'
    Target 'react-native-webview' in project 'Pods'
        ➜ Explicit dependency on target 'DoubleConversion' in project 'Pods'
        ➜ Explicit dependency on target 'RCT-Folly' in project 'Pods'
        ➜ Explicit dependency on target 'RCTRequired' in project 'Pods'
        ➜ Explicit dependency on target 'RCTTypeSafety' in project 'Pods'
        ➜ Explicit dependency on target 'React-Core' in project 'Pods'
        ➜ Explicit dependency on target 'React-Fabric' in project 'Pods'
        ➜ Explicit dependency on target 'React-ImageManager' in project 'Pods'
        ➜ Explicit dependency on target 'React-NativeModulesApple' in project 'Pods'
        ➜ Explicit dependency on target 'React-RCTFabric' in project 'Pods'
        ➜ Explicit dependency on target 'React-debug' in project 'Pods'
        ➜ Explicit dependency on target 'React-featureflags' in project 'Pods'
        ➜ Explicit dependency on target 'React-graphics' in project 'Pods'
        ➜ Explicit dependency on target 'React-jsi' in project 'Pods'
        ➜ Explicit dependency on target 'React-renderercss' in project 'Pods'
        ➜ Explicit dependency on target 'React-rendererdebug' in project 'Pods'
        ➜ Explicit dependency on target 'React-utils' in project 'Pods'
        ➜ Explicit dependency on target 'ReactCodegen' in project 'Pods'
        ➜ Explicit dependency on target 'ReactCommon' in project 'Pods'
        ➜ Explicit dependency on target 'SocketRocket' in project 'Pods'
        ➜ Explicit dependency on target 'Yoga' in project 'Pods'
        ➜ Explicit dependency on target 'boost' in project 'Pods'
        ➜ Explicit dependency on target 'fast_float' in project 'Pods'
        ➜ Explicit dependency on target 'fmt' in project 'Pods'
        ➜ Explicit dependency on target 'glog' in project 'Pods'
        ➜ Explicit dependency on target 'hermes-engine' in project 'Pods'
    Target 'react-native-view-shot' in project 'Pods'
        ➜ Explicit dependency on target 'DoubleConversion' in project 'Pods'
        ➜ Explicit dependency on target 'RCT-Folly' in project 'Pods'
        ➜ Explicit dependency on target 'RCTRequired' in project 'Pods'
        ➜ Explicit dependency on target 'RCTTypeSafety' in project 'Pods'
        ➜ Explicit dependency on target 'React-Core' in project 'Pods'
        ➜ Explicit dependency on target 'React-Fabric' in project 'Pods'
        ➜ Explicit dependency on target 'React-ImageManager' in project 'Pods'
        ➜ Explicit dependency on target 'React-NativeModulesApple' in project 'Pods'
        ➜ Explicit dependency on target 'React-RCTFabric' in project 'Pods'
        ➜ Explicit dependency on target 'React-debug' in project 'Pods'
        ➜ Explicit dependency on target 'React-featureflags' in project 'Pods'
        ➜ Explicit dependency on target 'React-graphics' in project 'Pods'
        ➜ Explicit dependency on target 'React-jsi' in project 'Pods'
        ➜ Explicit dependency on target 'React-renderercss' in project 'Pods'
        ➜ Explicit dependency on target 'React-rendererdebug' in project 'Pods'
        ➜ Explicit dependency on target 'React-utils' in project 'Pods'
        ➜ Explicit dependency on target 'ReactCodegen' in project 'Pods'
        ➜ Explicit dependency on target 'ReactCommon' in project 'Pods'
        ➜ Explicit dependency on target 'SocketRocket' in project 'Pods'
        ➜ Explicit dependency on target 'Yoga' in project 'Pods'
        ➜ Explicit dependency on target 'boost' in project 'Pods'
        ➜ Explicit dependency on target 'fast_float' in project 'Pods'
        ➜ Explicit dependency on target 'fmt' in project 'Pods'
        ➜ Explicit dependency on target 'glog' in project 'Pods'
        ➜ Explicit dependency on target 'hermes-engine' in project 'Pods'
    Target 'react-native-upload' in project 'Pods'
        ➜ Explicit dependency on target 'React' in project 'Pods'
    Target 'react-native-theme-switch-animation' in project 'Pods'
        ➜ Explicit dependency on target 'DoubleConversion' in project 'Pods'
        ➜ Explicit dependency on target 'RCT-Folly' in project 'Pods'
        ➜ Explicit dependency on target 'RCTRequired' in project 'Pods'
        ➜ Explicit dependency on target 'RCTTypeSafety' in project 'Pods'
        ➜ Explicit dependency on target 'React-Core' in project 'Pods'
        ➜ Explicit dependency on target 'React-Fabric' in project 'Pods'
        ➜ Explicit dependency on target 'React-ImageManager' in project 'Pods'
        ➜ Explicit dependency on target 'React-NativeModulesApple' in project 'Pods'
        ➜ Explicit dependency on target 'React-RCTFabric' in project 'Pods'
        ➜ Explicit dependency on target 'React-debug' in project 'Pods'
        ➜ Explicit dependency on target 'React-featureflags' in project 'Pods'
        ➜ Explicit dependency on target 'React-graphics' in project 'Pods'
        ➜ Explicit dependency on target 'React-jsi' in project 'Pods'
        ➜ Explicit dependency on target 'React-renderercss' in project 'Pods'
        ➜ Explicit dependency on target 'React-rendererdebug' in project 'Pods'
        ➜ Explicit dependency on target 'React-utils' in project 'Pods'
        ➜ Explicit dependency on target 'ReactCodegen' in project 'Pods'
        ➜ Explicit dependency on target 'ReactCommon' in project 'Pods'
        ➜ Explicit dependency on target 'SocketRocket' in project 'Pods'
        ➜ Explicit dependency on target 'Yoga' in project 'Pods'
        ➜ Explicit dependency on target 'boost' in project 'Pods'
        ➜ Explicit dependency on target 'fast_float' in project 'Pods'
        ➜ Explicit dependency on target 'fmt' in project 'Pods'
        ➜ Explicit dependency on target 'glog' in project 'Pods'
        ➜ Explicit dependency on target 'hermes-engine' in project 'Pods'
    Target 'react-native-sodium' in project 'Pods'
        ➜ Explicit dependency on target 'Base64' in project 'Pods'
        ➜ Explicit dependency on target 'React-Core' in project 'Pods'
    Target 'react-native-share-extension' in project 'Pods'
        ➜ Explicit dependency on target 'React' in project 'Pods'
    Target 'react-native-screenguard' in project 'Pods'
        ➜ Explicit dependency on target 'DoubleConversion' in project 'Pods'
        ➜ Explicit dependency on target 'RCT-Folly' in project 'Pods'
        ➜ Explicit dependency on target 'RCTRequired' in project 'Pods'
        ➜ Explicit dependency on target 'RCTTypeSafety' in project 'Pods'
        ➜ Explicit dependency on target 'React-Core' in project 'Pods'
        ➜ Explicit dependency on target 'React-Fabric' in project 'Pods'
        ➜ Explicit dependency on target 'React-ImageManager' in project 'Pods'
        ➜ Explicit dependency on target 'React-NativeModulesApple' in project 'Pods'
        ➜ Explicit dependency on target 'React-RCTFabric' in project 'Pods'
        ➜ Explicit dependency on target 'React-debug' in project 'Pods'
        ➜ Explicit dependency on target 'React-featureflags' in project 'Pods'
        ➜ Explicit dependency on target 'React-graphics' in project 'Pods'
        ➜ Explicit dependency on target 'React-jsi' in project 'Pods'
        ➜ Explicit dependency on target 'React-renderercss' in project 'Pods'
        ➜ Explicit dependency on target 'React-rendererdebug' in project 'Pods'
        ➜ Explicit dependency on target 'React-utils' in project 'Pods'
        ➜ Explicit dependency on target 'ReactCodegen' in project 'Pods'
        ➜ Explicit dependency on target 'ReactCommon' in project 'Pods'
        ➜ Explicit dependency on target 'SDWebImage' in project 'Pods'
        ➜ Explicit dependency on target 'SocketRocket' in project 'Pods'
        ➜ Explicit dependency on target 'Yoga' in project 'Pods'
        ➜ Explicit dependency on target 'boost' in project 'Pods'
        ➜ Explicit dependency on target 'fast_float' in project 'Pods'
        ➜ Explicit dependency on target 'fmt' in project 'Pods'
        ➜ Explicit dependency on target 'glog' in project 'Pods'
        ➜ Explicit dependency on target 'hermes-engine' in project 'Pods'
    Target 'react-native-safe-area-context' in project 'Pods'
        ➜ Explicit dependency on target 'DoubleConversion' in project 'Pods'
        ➜ Explicit dependency on target 'RCT-Folly' in project 'Pods'
        ➜ Explicit dependency on target 'RCTRequired' in project 'Pods'
        ➜ Explicit dependency on target 'RCTTypeSafety' in project 'Pods'
        ➜ Explicit dependency on target 'React-Core' in project 'Pods'
        ➜ Explicit dependency on target 'React-Fabric' in project 'Pods'
        ➜ Explicit dependency on target 'React-ImageManager' in project 'Pods'
        ➜ Explicit dependency on target 'React-NativeModulesApple' in project 'Pods'
        ➜ Explicit dependency on target 'React-RCTFabric' in project 'Pods'
        ➜ Explicit dependency on target 'React-debug' in project 'Pods'
        ➜ Explicit dependency on target 'React-featureflags' in project 'Pods'
        ➜ Explicit dependency on target 'React-graphics' in project 'Pods'
        ➜ Explicit dependency on target 'React-jsi' in project 'Pods'
        ➜ Explicit dependency on target 'React-renderercss' in project 'Pods'
        ➜ Explicit dependency on target 'React-rendererdebug' in project 'Pods'
        ➜ Explicit dependency on target 'React-utils' in project 'Pods'
        ➜ Explicit dependency on target 'ReactCodegen' in project 'Pods'
        ➜ Explicit dependency on target 'ReactCommon' in project 'Pods'
        ➜ Explicit dependency on target 'SocketRocket' in project 'Pods'
        ➜ Explicit dependency on target 'Yoga' in project 'Pods'
        ➜ Explicit dependency on target 'boost' in project 'Pods'
        ➜ Explicit dependency on target 'fast_float' in project 'Pods'
        ➜ Explicit dependency on target 'fmt' in project 'Pods'
        ➜ Explicit dependency on target 'glog' in project 'Pods'
        ➜ Explicit dependency on target 'hermes-engine' in project 'Pods'
    Target 'react-native-quick-sqlite' in project 'Pods'
        ➜ Explicit dependency on target 'DoubleConversion' in project 'Pods'
        ➜ Explicit dependency on target 'RCT-Folly' in project 'Pods'
        ➜ Explicit dependency on target 'RCTRequired' in project 'Pods'
        ➜ Explicit dependency on target 'RCTTypeSafety' in project 'Pods'
        ➜ Explicit dependency on target 'React-Core' in project 'Pods'
        ➜ Explicit dependency on target 'React-Fabric' in project 'Pods'
        ➜ Explicit dependency on target 'React-ImageManager' in project 'Pods'
        ➜ Explicit dependency on target 'React-NativeModulesApple' in project 'Pods'
        ➜ Explicit dependency on target 'React-RCTFabric' in project 'Pods'
        ➜ Explicit dependency on target 'React-debug' in project 'Pods'
        ➜ Explicit dependency on target 'React-featureflags' in project 'Pods'
        ➜ Explicit dependency on target 'React-graphics' in project 'Pods'
        ➜ Explicit dependency on target 'React-jsi' in project 'Pods'
        ➜ Explicit dependency on target 'React-renderercss' in project 'Pods'
        ➜ Explicit dependency on target 'React-rendererdebug' in project 'Pods'
        ➜ Explicit dependency on target 'React-utils' in project 'Pods'
        ➜ Explicit dependency on target 'ReactCodegen' in project 'Pods'
        ➜ Explicit dependency on target 'ReactCommon' in project 'Pods'
        ➜ Explicit dependency on target 'SocketRocket' in project 'Pods'
        ➜ Explicit dependency on target 'Yoga' in project 'Pods'
        ➜ Explicit dependency on target 'boost' in project 'Pods'
        ➜ Explicit dependency on target 'fast_float' in project 'Pods'
        ➜ Explicit dependency on target 'fmt' in project 'Pods'
        ➜ Explicit dependency on target 'glog' in project 'Pods'
        ➜ Explicit dependency on target 'hermes-engine' in project 'Pods'
    Target 'react-native-pdf' in project 'Pods'
        ➜ Explicit dependency on target 'DoubleConversion' in project 'Pods'
        ➜ Explicit dependency on target 'RCT-Folly' in project 'Pods'
        ➜ Explicit dependency on target 'RCTRequired' in project 'Pods'
        ➜ Explicit dependency on target 'RCTTypeSafety' in project 'Pods'
        ➜ Explicit dependency on target 'React-Core' in project 'Pods'
        ➜ Explicit dependency on target 'React-Fabric' in project 'Pods'
        ➜ Explicit dependency on target 'React-ImageManager' in project 'Pods'
        ➜ Explicit dependency on target 'React-NativeModulesApple' in project 'Pods'
        ➜ Explicit dependency on target 'React-RCTFabric' in project 'Pods'
        ➜ Explicit dependency on target 'React-debug' in project 'Pods'
        ➜ Explicit dependency on target 'React-featureflags' in project 'Pods'
        ➜ Explicit dependency on target 'React-graphics' in project 'Pods'
        ➜ Explicit dependency on target 'React-jsi' in project 'Pods'
        ➜ Explicit dependency on target 'React-renderercss' in project 'Pods'
        ➜ Explicit dependency on target 'React-rendererdebug' in project 'Pods'
        ➜ Explicit dependency on target 'React-utils' in project 'Pods'
        ➜ Explicit dependency on target 'ReactCodegen' in project 'Pods'
        ➜ Explicit dependency on target 'ReactCommon' in project 'Pods'
        ➜ Explicit dependency on target 'SocketRocket' in project 'Pods'
        ➜ Explicit dependency on target 'Yoga' in project 'Pods'
        ➜ Explicit dependency on target 'boost' in project 'Pods'
        ➜ Explicit dependency on target 'fast_float' in project 'Pods'
        ➜ Explicit dependency on target 'fmt' in project 'Pods'
        ➜ Explicit dependency on target 'glog' in project 'Pods'
        ➜ Explicit dependency on target 'hermes-engine' in project 'Pods'
    Target 'react-native-orientation-locker' in project 'Pods'
        ➜ Explicit dependency on target 'React-Core' in project 'Pods'
    Target 'react-native-notification-sounds' in project 'Pods'
        ➜ Explicit dependency on target 'React' in project 'Pods'
    Target 'react-native-netinfo' in project 'Pods'
        ➜ Explicit dependency on target 'React-Core' in project 'Pods'
    Target 'react-native-mmkv-storage' in project 'Pods'
        ➜ Explicit dependency on target 'DoubleConversion' in project 'Pods'
        ➜ Explicit dependency on target 'MMKV' in project 'Pods'
        ➜ Explicit dependency on target 'RCT-Folly' in project 'Pods'
        ➜ Explicit dependency on target 'RCTRequired' in project 'Pods'
        ➜ Explicit dependency on target 'RCTTypeSafety' in project 'Pods'
        ➜ Explicit dependency on target 'React-Core' in project 'Pods'
        ➜ Explicit dependency on target 'React-Fabric' in project 'Pods'
        ➜ Explicit dependency on target 'React-ImageManager' in project 'Pods'
        ➜ Explicit dependency on target 'React-NativeModulesApple' in project 'Pods'
        ➜ Explicit dependency on target 'React-RCTFabric' in project 'Pods'
        ➜ Explicit dependency on target 'React-debug' in project 'Pods'
        ➜ Explicit dependency on target 'React-featureflags' in project 'Pods'
        ➜ Explicit dependency on target 'React-graphics' in project 'Pods'
        ➜ Explicit dependency on target 'React-jsi' in project 'Pods'
        ➜ Explicit dependency on target 'React-renderercss' in project 'Pods'
        ➜ Explicit dependency on target 'React-rendererdebug' in project 'Pods'
        ➜ Explicit dependency on target 'React-utils' in project 'Pods'
        ➜ Explicit dependency on target 'ReactCodegen' in project 'Pods'
        ➜ Explicit dependency on target 'ReactCommon' in project 'Pods'
        ➜ Explicit dependency on target 'SocketRocket' in project 'Pods'
        ➜ Explicit dependency on target 'Yoga' in project 'Pods'
        ➜ Explicit dependency on target 'boost' in project 'Pods'
        ➜ Explicit dependency on target 'fast_float' in project 'Pods'
        ➜ Explicit dependency on target 'fmt' in project 'Pods'
        ➜ Explicit dependency on target 'glog' in project 'Pods'
        ➜ Explicit dependency on target 'hermes-engine' in project 'Pods'
    Target 'react-native-keep-awake' in project 'Pods'
        ➜ Explicit dependency on target 'RCT-Folly' in project 'Pods'
        ➜ Explicit dependency on target 'RCTRequired' in project 'Pods'
        ➜ Explicit dependency on target 'RCTTypeSafety' in project 'Pods'
        ➜ Explicit dependency on target 'React-Codegen' in project 'Pods'
        ➜ Explicit dependency on target 'React-Core' in project 'Pods'
        ➜ Explicit dependency on target 'React-RCTFabric' in project 'Pods'
        ➜ Explicit dependency on target 'ReactCommon' in project 'Pods'
    Target 'react-native-in-app-review' in project 'Pods'
        ➜ Explicit dependency on target 'React-Core' in project 'Pods'
    Target 'react-native-image-resizer' in project 'Pods'
        ➜ Explicit dependency on target 'DoubleConversion' in project 'Pods'
        ➜ Explicit dependency on target 'RCT-Folly' in project 'Pods'
        ➜ Explicit dependency on target 'RCTRequired' in project 'Pods'
        ➜ Explicit dependency on target 'RCTTypeSafety' in project 'Pods'
        ➜ Explicit dependency on target 'React-Codegen' in project 'Pods'
        ➜ Explicit dependency on target 'React-Core' in project 'Pods'
        ➜ Explicit dependency on target 'React-Fabric' in project 'Pods'
        ➜ Explicit dependency on target 'React-ImageManager' in project 'Pods'
        ➜ Explicit dependency on target 'React-NativeModulesApple' in project 'Pods'
        ➜ Explicit dependency on target 'React-RCTFabric' in project 'Pods'
        ➜ Explicit dependency on target 'React-debug' in project 'Pods'
        ➜ Explicit dependency on target 'React-featureflags' in project 'Pods'
        ➜ Explicit dependency on target 'React-graphics' in project 'Pods'
        ➜ Explicit dependency on target 'React-jsi' in project 'Pods'
        ➜ Explicit dependency on target 'React-renderercss' in project 'Pods'
        ➜ Explicit dependency on target 'React-rendererdebug' in project 'Pods'
        ➜ Explicit dependency on target 'React-utils' in project 'Pods'
        ➜ Explicit dependency on target 'ReactCodegen' in project 'Pods'
        ➜ Explicit dependency on target 'ReactCommon' in project 'Pods'
        ➜ Explicit dependency on target 'SocketRocket' in project 'Pods'
        ➜ Explicit dependency on target 'Yoga' in project 'Pods'
        ➜ Explicit dependency on target 'boost' in project 'Pods'
        ➜ Explicit dependency on target 'fast_float' in project 'Pods'
        ➜ Explicit dependency on target 'fmt' in project 'Pods'
        ➜ Explicit dependency on target 'glog' in project 'Pods'
        ➜ Explicit dependency on target 'hermes-engine' in project 'Pods'
    Target 'react-native-html-to-pdf-lite' in project 'Pods'
        ➜ Explicit dependency on target 'React' in project 'Pods'
    Target 'react-native-gzip' in project 'Pods'
        ➜ Explicit dependency on target 'Base64' in project 'Pods'
        ➜ Explicit dependency on target 'GZIP' in project 'Pods'
        ➜ Explicit dependency on target 'RCT-Folly' in project 'Pods'
        ➜ Explicit dependency on target 'RCTRequired' in project 'Pods'
        ➜ Explicit dependency on target 'RCTTypeSafety' in project 'Pods'
        ➜ Explicit dependency on target 'React-Codegen' in project 'Pods'
        ➜ Explicit dependency on target 'React-Core' in project 'Pods'
        ➜ Explicit dependency on target 'ReactCommon' in project 'Pods'
    Target 'react-native-get-random-values' in project 'Pods'
        ➜ Explicit dependency on target 'React-Core' in project 'Pods'
    Target 'react-native-fingerprint-scanner' in project 'Pods'
        ➜ Explicit dependency on target 'React-Core' in project 'Pods'
    Target 'react-native-fast-openpgp' in project 'Pods'
        ➜ Explicit dependency on target 'DoubleConversion' in project 'Pods'
        ➜ Explicit dependency on target 'RCT-Folly' in project 'Pods'
        ➜ Explicit dependency on target 'RCTRequired' in project 'Pods'
        ➜ Explicit dependency on target 'RCTTypeSafety' in project 'Pods'
        ➜ Explicit dependency on target 'React-Core' in project 'Pods'
        ➜ Explicit dependency on target 'React-Fabric' in project 'Pods'
        ➜ Explicit dependency on target 'React-ImageManager' in project 'Pods'
        ➜ Explicit dependency on target 'React-NativeModulesApple' in project 'Pods'
        ➜ Explicit dependency on target 'React-RCTFabric' in project 'Pods'
        ➜ Explicit dependency on target 'React-debug' in project 'Pods'
        ➜ Explicit dependency on target 'React-featureflags' in project 'Pods'
        ➜ Explicit dependency on target 'React-graphics' in project 'Pods'
        ➜ Explicit dependency on target 'React-jsi' in project 'Pods'
        ➜ Explicit dependency on target 'React-renderercss' in project 'Pods'
        ➜ Explicit dependency on target 'React-rendererdebug' in project 'Pods'
        ➜ Explicit dependency on target 'React-utils' in project 'Pods'
        ➜ Explicit dependency on target 'ReactCodegen' in project 'Pods'
        ➜ Explicit dependency on target 'ReactCommon' in project 'Pods'
        ➜ Explicit dependency on target 'SocketRocket' in project 'Pods'
        ➜ Explicit dependency on target 'Yoga' in project 'Pods'
        ➜ Explicit dependency on target 'boost' in project 'Pods'
        ➜ Explicit dependency on target 'fast_float' in project 'Pods'
        ➜ Explicit dependency on target 'fmt' in project 'Pods'
        ➜ Explicit dependency on target 'glog' in project 'Pods'
        ➜ Explicit dependency on target 'hermes-engine' in project 'Pods'
    Target 'react-native-document-picker' in project 'Pods'
        ➜ Explicit dependency on target 'DoubleConversion' in project 'Pods'
        ➜ Explicit dependency on target 'RCT-Folly' in project 'Pods'
        ➜ Explicit dependency on target 'RCTRequired' in project 'Pods'
        ➜ Explicit dependency on target 'RCTTypeSafety' in project 'Pods'
        ➜ Explicit dependency on target 'React-Core' in project 'Pods'
        ➜ Explicit dependency on target 'React-Fabric' in project 'Pods'
        ➜ Explicit dependency on target 'React-ImageManager' in project 'Pods'
        ➜ Explicit dependency on target 'React-NativeModulesApple' in project 'Pods'
        ➜ Explicit dependency on target 'React-RCTFabric' in project 'Pods'
        ➜ Explicit dependency on target 'React-debug' in project 'Pods'
        ➜ Explicit dependency on target 'React-featureflags' in project 'Pods'
        ➜ Explicit dependency on target 'React-graphics' in project 'Pods'
        ➜ Explicit dependency on target 'React-jsi' in project 'Pods'
        ➜ Explicit dependency on target 'React-renderercss' in project 'Pods'
        ➜ Explicit dependency on target 'React-rendererdebug' in project 'Pods'
        ➜ Explicit dependency on target 'React-utils' in project 'Pods'
        ➜ Explicit dependency on target 'ReactCodegen' in project 'Pods'
        ➜ Explicit dependency on target 'ReactCommon' in project 'Pods'
        ➜ Explicit dependency on target 'SocketRocket' in project 'Pods'
        ➜ Explicit dependency on target 'Yoga' in project 'Pods'
        ➜ Explicit dependency on target 'boost' in project 'Pods'
        ➜ Explicit dependency on target 'fast_float' in project 'Pods'
        ➜ Explicit dependency on target 'fmt' in project 'Pods'
        ➜ Explicit dependency on target 'glog' in project 'Pods'
        ➜ Explicit dependency on target 'hermes-engine' in project 'Pods'
    Target 'react-native-date-picker' in project 'Pods'
        ➜ Explicit dependency on target 'DoubleConversion' in project 'Pods'
        ➜ Explicit dependency on target 'RCT-Folly' in project 'Pods'
        ➜ Explicit dependency on target 'RCTRequired' in project 'Pods'
        ➜ Explicit dependency on target 'RCTTypeSafety' in project 'Pods'
        ➜ Explicit dependency on target 'React-Core' in project 'Pods'
        ➜ Explicit dependency on target 'React-Fabric' in project 'Pods'
        ➜ Explicit dependency on target 'React-ImageManager' in project 'Pods'
        ➜ Explicit dependency on target 'React-NativeModulesApple' in project 'Pods'
        ➜ Explicit dependency on target 'React-RCTFabric' in project 'Pods'
        ➜ Explicit dependency on target 'React-debug' in project 'Pods'
        ➜ Explicit dependency on target 'React-featureflags' in project 'Pods'
        ➜ Explicit dependency on target 'React-graphics' in project 'Pods'
        ➜ Explicit dependency on target 'React-jsi' in project 'Pods'
        ➜ Explicit dependency on target 'React-renderercss' in project 'Pods'
        ➜ Explicit dependency on target 'React-rendererdebug' in project 'Pods'
        ➜ Explicit dependency on target 'React-utils' in project 'Pods'
        ➜ Explicit dependency on target 'ReactCodegen' in project 'Pods'
        ➜ Explicit dependency on target 'ReactCommon' in project 'Pods'
        ➜ Explicit dependency on target 'SocketRocket' in project 'Pods'
        ➜ Explicit dependency on target 'Yoga' in project 'Pods'
        ➜ Explicit dependency on target 'boost' in project 'Pods'
        ➜ Explicit dependency on target 'fast_float' in project 'Pods'
        ➜ Explicit dependency on target 'fmt' in project 'Pods'
        ➜ Explicit dependency on target 'glog' in project 'Pods'
        ➜ Explicit dependency on target 'hermes-engine' in project 'Pods'
    Target 'react-native-config' in project 'Pods'
        ➜ Explicit dependency on target 'React-Core' in project 'Pods'
    Target 'react-native-cameraroll' in project 'Pods'
        ➜ Explicit dependency on target 'DoubleConversion' in project 'Pods'
        ➜ Explicit dependency on target 'RCT-Folly' in project 'Pods'
        ➜ Explicit dependency on target 'RCTRequired' in project 'Pods'
        ➜ Explicit dependency on target 'RCTTypeSafety' in project 'Pods'
        ➜ Explicit dependency on target 'React-Core' in project 'Pods'
        ➜ Explicit dependency on target 'React-Fabric' in project 'Pods'
        ➜ Explicit dependency on target 'React-ImageManager' in project 'Pods'
        ➜ Explicit dependency on target 'React-NativeModulesApple' in project 'Pods'
        ➜ Explicit dependency on target 'React-RCTFabric' in project 'Pods'
        ➜ Explicit dependency on target 'React-debug' in project 'Pods'
        ➜ Explicit dependency on target 'React-featureflags' in project 'Pods'
        ➜ Explicit dependency on target 'React-graphics' in project 'Pods'
        ➜ Explicit dependency on target 'React-jsi' in project 'Pods'
        ➜ Explicit dependency on target 'React-renderercss' in project 'Pods'
        ➜ Explicit dependency on target 'React-rendererdebug' in project 'Pods'
        ➜ Explicit dependency on target 'React-utils' in project 'Pods'
        ➜ Explicit dependency on target 'ReactCodegen' in project 'Pods'
        ➜ Explicit dependency on target 'ReactCommon' in project 'Pods'
        ➜ Explicit dependency on target 'SocketRocket' in project 'Pods'
        ➜ Explicit dependency on target 'Yoga' in project 'Pods'
        ➜ Explicit dependency on target 'boost' in project 'Pods'
        ➜ Explicit dependency on target 'fast_float' in project 'Pods'
        ➜ Explicit dependency on target 'fmt' in project 'Pods'
        ➜ Explicit dependency on target 'glog' in project 'Pods'
        ➜ Explicit dependency on target 'hermes-engine' in project 'Pods'
        ➜ Explicit dependency on target 'react-native-cameraroll-RNCameraRollPrivacyInfo' in project 'Pods'
    Target 'react-native-cameraroll-RNCameraRollPrivacyInfo' in project 'Pods' (no dependencies)
    Target 'react-native-blob-util' in project 'Pods'
        ➜ Explicit dependency on target 'DoubleConversion' in project 'Pods'
        ➜ Explicit dependency on target 'RCT-Folly' in project 'Pods'
        ➜ Explicit dependency on target 'RCTRequired' in project 'Pods'
        ➜ Explicit dependency on target 'RCTTypeSafety' in project 'Pods'
        ➜ Explicit dependency on target 'React-Core' in project 'Pods'
        ➜ Explicit dependency on target 'React-Fabric' in project 'Pods'
        ➜ Explicit dependency on target 'React-ImageManager' in project 'Pods'
        ➜ Explicit dependency on target 'React-NativeModulesApple' in project 'Pods'
        ➜ Explicit dependency on target 'React-RCTFabric' in project 'Pods'
        ➜ Explicit dependency on target 'React-debug' in project 'Pods'
        ➜ Explicit dependency on target 'React-featureflags' in project 'Pods'
        ➜ Explicit dependency on target 'React-graphics' in project 'Pods'
        ➜ Explicit dependency on target 'React-jsi' in project 'Pods'
        ➜ Explicit dependency on target 'React-renderercss' in project 'Pods'
        ➜ Explicit dependency on target 'React-rendererdebug' in project 'Pods'
        ➜ Explicit dependency on target 'React-utils' in project 'Pods'
        ➜ Explicit dependency on target 'ReactCodegen' in project 'Pods'
        ➜ Explicit dependency on target 'ReactCommon' in project 'Pods'
        ➜ Explicit dependency on target 'SocketRocket' in project 'Pods'
        ➜ Explicit dependency on target 'Yoga' in project 'Pods'
        ➜ Explicit dependency on target 'boost' in project 'Pods'
        ➜ Explicit dependency on target 'fast_float' in project 'Pods'
        ➜ Explicit dependency on target 'fmt' in project 'Pods'
        ➜ Explicit dependency on target 'glog' in project 'Pods'
        ➜ Explicit dependency on target 'hermes-engine' in project 'Pods'
    Target 'react-native-begin-background-task' in project 'Pods'
        ➜ Explicit dependency on target 'React' in project 'Pods'
    Target 'react-native-background-actions' in project 'Pods'
        ➜ Explicit dependency on target 'React-Core' in project 'Pods'
    Target 'react-native-actions-shortcuts' in project 'Pods'
        ➜ Explicit dependency on target 'React' in project 'Pods'
    Target 'callstack-repack' in project 'Pods'
        ➜ Explicit dependency on target 'DoubleConversion' in project 'Pods'
        ➜ Explicit dependency on target 'JWTDecode' in project 'Pods'
        ➜ Explicit dependency on target 'RCT-Folly' in project 'Pods'
        ➜ Explicit dependency on target 'RCTRequired' in project 'Pods'
        ➜ Explicit dependency on target 'RCTTypeSafety' in project 'Pods'
        ➜ Explicit dependency on target 'React-Core' in project 'Pods'
        ➜ Explicit dependency on target 'React-Fabric' in project 'Pods'
        ➜ Explicit dependency on target 'React-ImageManager' in project 'Pods'
        ➜ Explicit dependency on target 'React-NativeModulesApple' in project 'Pods'
        ➜ Explicit dependency on target 'React-RCTFabric' in project 'Pods'
        ➜ Explicit dependency on target 'React-debug' in project 'Pods'
        ➜ Explicit dependency on target 'React-featureflags' in project 'Pods'
        ➜ Explicit dependency on target 'React-graphics' in project 'Pods'
        ➜ Explicit dependency on target 'React-jsi' in project 'Pods'
        ➜ Explicit dependency on target 'React-renderercss' in project 'Pods'
        ➜ Explicit dependency on target 'React-rendererdebug' in project 'Pods'
        ➜ Explicit dependency on target 'React-utils' in project 'Pods'
        ➜ Explicit dependency on target 'ReactCodegen' in project 'Pods'
        ➜ Explicit dependency on target 'ReactCommon' in project 'Pods'
        ➜ Explicit dependency on target 'SocketRocket' in project 'Pods'
        ➜ Explicit dependency on target 'SwiftyRSA' in project 'Pods'
        ➜ Explicit dependency on target 'Yoga' in project 'Pods'
        ➜ Explicit dependency on target 'boost' in project 'Pods'
        ➜ Explicit dependency on target 'fast_float' in project 'Pods'
        ➜ Explicit dependency on target 'fmt' in project 'Pods'
        ➜ Explicit dependency on target 'glog' in project 'Pods'
        ➜ Explicit dependency on target 'hermes-engine' in project 'Pods'
    Target 'SwiftyRSA' in project 'Pods' (no dependencies)
    Target 'SDWebImage' in project 'Pods' (no dependencies)
    Target 'ReactAppDependencyProvider' in project 'Pods'
        ➜ Explicit dependency on target 'ReactCodegen' in project 'Pods'
    Target 'React-Codegen' in project 'Pods' (no dependencies)
    Target 'RNZipArchive' in project 'Pods'
        ➜ Explicit dependency on target 'React-Core' in project 'Pods'
        ➜ Explicit dependency on target 'SSZipArchive' in project 'Pods'
    Target 'SSZipArchive' in project 'Pods' (no dependencies)
    Target 'RNTooltips' in project 'Pods'
        ➜ Explicit dependency on target 'React' in project 'Pods'
        ➜ Explicit dependency on target 'SexyTooltip' in project 'Pods'
        ➜ Explicit dependency on target 'pop' in project 'Pods'
    Target 'SexyTooltip' in project 'Pods'
        ➜ Explicit dependency on target 'pop' in project 'Pods'
    Target 'pop' in project 'Pods' (no dependencies)
    Target 'RNShare' in project 'Pods'
        ➜ Explicit dependency on target 'DoubleConversion' in project 'Pods'
        ➜ Explicit dependency on target 'RCT-Folly' in project 'Pods'
        ➜ Explicit dependency on target 'RCTRequired' in project 'Pods'
        ➜ Explicit dependency on target 'RCTTypeSafety' in project 'Pods'
        ➜ Explicit dependency on target 'React-Core' in project 'Pods'
        ➜ Explicit dependency on target 'React-Fabric' in project 'Pods'
        ➜ Explicit dependency on target 'React-ImageManager' in project 'Pods'
        ➜ Explicit dependency on target 'React-NativeModulesApple' in project 'Pods'
        ➜ Explicit dependency on target 'React-RCTFabric' in project 'Pods'
        ➜ Explicit dependency on target 'React-debug' in project 'Pods'
        ➜ Explicit dependency on target 'React-featureflags' in project 'Pods'
        ➜ Explicit dependency on target 'React-graphics' in project 'Pods'
        ➜ Explicit dependency on target 'React-jsi' in project 'Pods'
        ➜ Explicit dependency on target 'React-renderercss' in project 'Pods'
        ➜ Explicit dependency on target 'React-rendererdebug' in project 'Pods'
        ➜ Explicit dependency on target 'React-utils' in project 'Pods'
        ➜ Explicit dependency on target 'ReactCodegen' in project 'Pods'
        ➜ Explicit dependency on target 'ReactCommon' in project 'Pods'
        ➜ Explicit dependency on target 'SocketRocket' in project 'Pods'
        ➜ Explicit dependency on target 'Yoga' in project 'Pods'
        ➜ Explicit dependency on target 'boost' in project 'Pods'
        ➜ Explicit dependency on target 'fast_float' in project 'Pods'
        ➜ Explicit dependency on target 'fmt' in project 'Pods'
        ➜ Explicit dependency on target 'glog' in project 'Pods'
        ➜ Explicit dependency on target 'hermes-engine' in project 'Pods'
    Target 'RNSecureRandom' in project 'Pods'
        ➜ Explicit dependency on target 'React' in project 'Pods'
    Target 'RNScreens' in project 'Pods'
        ➜ Explicit dependency on target 'DoubleConversion' in project 'Pods'
        ➜ Explicit dependency on target 'RCT-Folly' in project 'Pods'
        ➜ Explicit dependency on target 'RCTRequired' in project 'Pods'
        ➜ Explicit dependency on target 'RCTTypeSafety' in project 'Pods'
        ➜ Explicit dependency on target 'React-Core' in project 'Pods'
        ➜ Explicit dependency on target 'React-Fabric' in project 'Pods'
        ➜ Explicit dependency on target 'React-ImageManager' in project 'Pods'
        ➜ Explicit dependency on target 'React-NativeModulesApple' in project 'Pods'
        ➜ Explicit dependency on target 'React-RCTFabric' in project 'Pods'
        ➜ Explicit dependency on target 'React-RCTImage' in project 'Pods'
        ➜ Explicit dependency on target 'React-debug' in project 'Pods'
        ➜ Explicit dependency on target 'React-featureflags' in project 'Pods'
        ➜ Explicit dependency on target 'React-graphics' in project 'Pods'
        ➜ Explicit dependency on target 'React-jsi' in project 'Pods'
        ➜ Explicit dependency on target 'React-renderercss' in project 'Pods'
        ➜ Explicit dependency on target 'React-rendererdebug' in project 'Pods'
        ➜ Explicit dependency on target 'React-utils' in project 'Pods'
        ➜ Explicit dependency on target 'ReactCodegen' in project 'Pods'
        ➜ Explicit dependency on target 'ReactCommon' in project 'Pods'
        ➜ Explicit dependency on target 'SocketRocket' in project 'Pods'
        ➜ Explicit dependency on target 'Yoga' in project 'Pods'
        ➜ Explicit dependency on target 'boost' in project 'Pods'
        ➜ Explicit dependency on target 'fast_float' in project 'Pods'
        ➜ Explicit dependency on target 'fmt' in project 'Pods'
        ➜ Explicit dependency on target 'glog' in project 'Pods'
        ➜ Explicit dependency on target 'hermes-engine' in project 'Pods'
    Target 'RNSVG' in project 'Pods'
        ➜ Explicit dependency on target 'DoubleConversion' in project 'Pods'
        ➜ Explicit dependency on target 'RCT-Folly' in project 'Pods'
        ➜ Explicit dependency on target 'RCTRequired' in project 'Pods'
        ➜ Explicit dependency on target 'RCTTypeSafety' in project 'Pods'
        ➜ Explicit dependency on target 'RNSVG-RNSVGFilters' in project 'Pods'
        ➜ Explicit dependency on target 'React-Core' in project 'Pods'
        ➜ Explicit dependency on target 'React-Fabric' in project 'Pods'
        ➜ Explicit dependency on target 'React-ImageManager' in project 'Pods'
        ➜ Explicit dependency on target 'React-NativeModulesApple' in project 'Pods'
        ➜ Explicit dependency on target 'React-RCTFabric' in project 'Pods'
        ➜ Explicit dependency on target 'React-debug' in project 'Pods'
        ➜ Explicit dependency on target 'React-featureflags' in project 'Pods'
        ➜ Explicit dependency on target 'React-graphics' in project 'Pods'
        ➜ Explicit dependency on target 'React-jsi' in project 'Pods'
        ➜ Explicit dependency on target 'React-renderercss' in project 'Pods'
        ➜ Explicit dependency on target 'React-rendererdebug' in project 'Pods'
        ➜ Explicit dependency on target 'React-utils' in project 'Pods'
        ➜ Explicit dependency on target 'ReactCodegen' in project 'Pods'
        ➜ Explicit dependency on target 'ReactCommon' in project 'Pods'
        ➜ Explicit dependency on target 'SocketRocket' in project 'Pods'
        ➜ Explicit dependency on target 'Yoga' in project 'Pods'
        ➜ Explicit dependency on target 'boost' in project 'Pods'
        ➜ Explicit dependency on target 'fast_float' in project 'Pods'
        ➜ Explicit dependency on target 'fmt' in project 'Pods'
        ➜ Explicit dependency on target 'glog' in project 'Pods'
        ➜ Explicit dependency on target 'hermes-engine' in project 'Pods'
    Target 'RNSVG-RNSVGFilters' in project 'Pods' (no dependencies)
    Target 'RNReanimated' in project 'Pods'
        ➜ Explicit dependency on target 'DoubleConversion' in project 'Pods'
        ➜ Explicit dependency on target 'RCT-Folly' in project 'Pods'
        ➜ Explicit dependency on target 'RCTRequired' in project 'Pods'
        ➜ Explicit dependency on target 'RCTTypeSafety' in project 'Pods'
        ➜ Explicit dependency on target 'RNWorklets' in project 'Pods'
        ➜ Explicit dependency on target 'React-Core' in project 'Pods'
        ➜ Explicit dependency on target 'React-Fabric' in project 'Pods'
        ➜ Explicit dependency on target 'React-ImageManager' in project 'Pods'
        ➜ Explicit dependency on target 'React-NativeModulesApple' in project 'Pods'
        ➜ Explicit dependency on target 'React-RCTFabric' in project 'Pods'
        ➜ Explicit dependency on target 'React-debug' in project 'Pods'
        ➜ Explicit dependency on target 'React-featureflags' in project 'Pods'
        ➜ Explicit dependency on target 'React-graphics' in project 'Pods'
        ➜ Explicit dependency on target 'React-hermes' in project 'Pods'
        ➜ Explicit dependency on target 'React-jsi' in project 'Pods'
        ➜ Explicit dependency on target 'React-renderercss' in project 'Pods'
        ➜ Explicit dependency on target 'React-rendererdebug' in project 'Pods'
        ➜ Explicit dependency on target 'React-utils' in project 'Pods'
        ➜ Explicit dependency on target 'ReactCodegen' in project 'Pods'
        ➜ Explicit dependency on target 'ReactCommon' in project 'Pods'
        ➜ Explicit dependency on target 'SocketRocket' in project 'Pods'
        ➜ Explicit dependency on target 'Yoga' in project 'Pods'
        ➜ Explicit dependency on target 'boost' in project 'Pods'
        ➜ Explicit dependency on target 'fast_float' in project 'Pods'
        ➜ Explicit dependency on target 'fmt' in project 'Pods'
        ➜ Explicit dependency on target 'glog' in project 'Pods'
        ➜ Explicit dependency on target 'hermes-engine' in project 'Pods'
    Target 'RNWorklets' in project 'Pods'
        ➜ Explicit dependency on target 'DoubleConversion' in project 'Pods'
        ➜ Explicit dependency on target 'RCT-Folly' in project 'Pods'
        ➜ Explicit dependency on target 'RCTRequired' in project 'Pods'
        ➜ Explicit dependency on target 'RCTTypeSafety' in project 'Pods'
        ➜ Explicit dependency on target 'React-Core' in project 'Pods'
        ➜ Explicit dependency on target 'React-Fabric' in project 'Pods'
        ➜ Explicit dependency on target 'React-ImageManager' in project 'Pods'
        ➜ Explicit dependency on target 'React-NativeModulesApple' in project 'Pods'
        ➜ Explicit dependency on target 'React-RCTFabric' in project 'Pods'
        ➜ Explicit dependency on target 'React-debug' in project 'Pods'
        ➜ Explicit dependency on target 'React-featureflags' in project 'Pods'
        ➜ Explicit dependency on target 'React-graphics' in project 'Pods'
        ➜ Explicit dependency on target 'React-hermes' in project 'Pods'
        ➜ Explicit dependency on target 'React-jsi' in project 'Pods'
        ➜ Explicit dependency on target 'React-renderercss' in project 'Pods'
        ➜ Explicit dependency on target 'React-rendererdebug' in project 'Pods'
        ➜ Explicit dependency on target 'React-utils' in project 'Pods'
        ➜ Explicit dependency on target 'ReactCodegen' in project 'Pods'
        ➜ Explicit dependency on target 'ReactCommon' in project 'Pods'
        ➜ Explicit dependency on target 'SocketRocket' in project 'Pods'
        ➜ Explicit dependency on target 'Yoga' in project 'Pods'
        ➜ Explicit dependency on target 'boost' in project 'Pods'
        ➜ Explicit dependency on target 'fast_float' in project 'Pods'
        ➜ Explicit dependency on target 'fmt' in project 'Pods'
        ➜ Explicit dependency on target 'glog' in project 'Pods'
        ➜ Explicit dependency on target 'hermes-engine' in project 'Pods'
    Target 'RNNotifee' in project 'Pods'
        ➜ Explicit dependency on target 'React-Core' in project 'Pods'
    Target 'RNKeychain' in project 'Pods'
        ➜ Explicit dependency on target 'React' in project 'Pods'
    Target 'RNImageCropPicker' in project 'Pods'
        ➜ Explicit dependency on target 'DoubleConversion' in project 'Pods'
        ➜ Explicit dependency on target 'RCT-Folly' in project 'Pods'
        ➜ Explicit dependency on target 'RCTRequired' in project 'Pods'
        ➜ Explicit dependency on target 'RCTTypeSafety' in project 'Pods'
        ➜ Explicit dependency on target 'RNImageCropPicker-QBImagePicker' in project 'Pods'
        ➜ Explicit dependency on target 'RNImageCropPicker-RNImageCropPickerPrivacyInfo' in project 'Pods'
        ➜ Explicit dependency on target 'React-Core' in project 'Pods'
        ➜ Explicit dependency on target 'React-Fabric' in project 'Pods'
        ➜ Explicit dependency on target 'React-ImageManager' in project 'Pods'
        ➜ Explicit dependency on target 'React-NativeModulesApple' in project 'Pods'
        ➜ Explicit dependency on target 'React-RCTFabric' in project 'Pods'
        ➜ Explicit dependency on target 'React-RCTImage' in project 'Pods'
        ➜ Explicit dependency on target 'React-debug' in project 'Pods'
        ➜ Explicit dependency on target 'React-featureflags' in project 'Pods'
        ➜ Explicit dependency on target 'React-graphics' in project 'Pods'
        ➜ Explicit dependency on target 'React-jsi' in project 'Pods'
        ➜ Explicit dependency on target 'React-renderercss' in project 'Pods'
        ➜ Explicit dependency on target 'React-rendererdebug' in project 'Pods'
        ➜ Explicit dependency on target 'React-utils' in project 'Pods'
        ➜ Explicit dependency on target 'ReactCodegen' in project 'Pods'
        ➜ Explicit dependency on target 'ReactCommon' in project 'Pods'
        ➜ Explicit dependency on target 'SocketRocket' in project 'Pods'
        ➜ Explicit dependency on target 'TOCropViewController' in project 'Pods'
        ➜ Explicit dependency on target 'Yoga' in project 'Pods'
        ➜ Explicit dependency on target 'boost' in project 'Pods'
        ➜ Explicit dependency on target 'fast_float' in project 'Pods'
        ➜ Explicit dependency on target 'fmt' in project 'Pods'
        ➜ Explicit dependency on target 'glog' in project 'Pods'
        ➜ Explicit dependency on target 'hermes-engine' in project 'Pods'
    Target 'TOCropViewController' in project 'Pods'
        ➜ Explicit dependency on target 'TOCropViewController-TOCropViewControllerBundle' in project 'Pods'
    Target 'TOCropViewController-TOCropViewControllerBundle' in project 'Pods' (no dependencies)
    Target 'RNImageCropPicker-RNImageCropPickerPrivacyInfo' in project 'Pods' (no dependencies)
    Target 'RNImageCropPicker-QBImagePicker' in project 'Pods' (no dependencies)
    Target 'RNIap' in project 'Pods'
        ➜ Explicit dependency on target 'RCT-Folly' in project 'Pods'
        ➜ Explicit dependency on target 'RCTRequired' in project 'Pods'
        ➜ Explicit dependency on target 'RCTTypeSafety' in project 'Pods'
        ➜ Explicit dependency on target 'React-Core' in project 'Pods'
        ➜ Explicit dependency on target 'ReactCommon' in project 'Pods'
    Target 'RNGestureHandler' in project 'Pods'
        ➜ Explicit dependency on target 'DoubleConversion' in project 'Pods'
        ➜ Explicit dependency on target 'RCT-Folly' in project 'Pods'
        ➜ Explicit dependency on target 'RCTRequired' in project 'Pods'
        ➜ Explicit dependency on target 'RCTTypeSafety' in project 'Pods'
        ➜ Explicit dependency on target 'React-Core' in project 'Pods'
        ➜ Explicit dependency on target 'React-Fabric' in project 'Pods'
        ➜ Explicit dependency on target 'React-ImageManager' in project 'Pods'
        ➜ Explicit dependency on target 'React-NativeModulesApple' in project 'Pods'
        ➜ Explicit dependency on target 'React-RCTFabric' in project 'Pods'
        ➜ Explicit dependency on target 'React-debug' in project 'Pods'
        ➜ Explicit dependency on target 'React-featureflags' in project 'Pods'
        ➜ Explicit dependency on target 'React-graphics' in project 'Pods'
        ➜ Explicit dependency on target 'React-jsi' in project 'Pods'
        ➜ Explicit dependency on target 'React-renderercss' in project 'Pods'
        ➜ Explicit dependency on target 'React-rendererdebug' in project 'Pods'
        ➜ Explicit dependency on target 'React-utils' in project 'Pods'
        ➜ Explicit dependency on target 'ReactCodegen' in project 'Pods'
        ➜ Explicit dependency on target 'ReactCommon' in project 'Pods'
        ➜ Explicit dependency on target 'SocketRocket' in project 'Pods'
        ➜ Explicit dependency on target 'Yoga' in project 'Pods'
        ➜ Explicit dependency on target 'boost' in project 'Pods'
        ➜ Explicit dependency on target 'fast_float' in project 'Pods'
        ➜ Explicit dependency on target 'fmt' in project 'Pods'
        ➜ Explicit dependency on target 'glog' in project 'Pods'
        ➜ Explicit dependency on target 'hermes-engine' in project 'Pods'
    Target 'RNFileViewer' in project 'Pods'
        ➜ Explicit dependency on target 'React-Core' in project 'Pods'
    Target 'RNExitApp' in project 'Pods'
        ➜ Explicit dependency on target 'React' in project 'Pods'
    Target 'React' in project 'Pods'
        ➜ Explicit dependency on target 'React-Core' in project 'Pods'
        ➜ Explicit dependency on target 'React-RCTActionSheet' in project 'Pods'
        ➜ Explicit dependency on target 'React-RCTAnimation' in project 'Pods'
        ➜ Explicit dependency on target 'React-RCTBlob' in project 'Pods'
        ➜ Explicit dependency on target 'React-RCTImage' in project 'Pods'
        ➜ Explicit dependency on target 'React-RCTLinking' in project 'Pods'
        ➜ Explicit dependency on target 'React-RCTNetwork' in project 'Pods'
        ➜ Explicit dependency on target 'React-RCTSettings' in project 'Pods'
        ➜ Explicit dependency on target 'React-RCTText' in project 'Pods'
        ➜ Explicit dependency on target 'React-RCTVibration' in project 'Pods'
    Target 'React-RCTVibration' in project 'Pods'
        ➜ Explicit dependency on target 'DoubleConversion' in project 'Pods'
        ➜ Explicit dependency on target 'RCT-Folly' in project 'Pods'
        ➜ Explicit dependency on target 'React-Core' in project 'Pods'
        ➜ Explicit dependency on target 'React-NativeModulesApple' in project 'Pods'
        ➜ Explicit dependency on target 'React-RCTFBReactNativeSpec' in project 'Pods'
        ➜ Explicit dependency on target 'React-jsi' in project 'Pods'
        ➜ Explicit dependency on target 'ReactCommon' in project 'Pods'
        ➜ Explicit dependency on target 'SocketRocket' in project 'Pods'
        ➜ Explicit dependency on target 'boost' in project 'Pods'
        ➜ Explicit dependency on target 'fast_float' in project 'Pods'
        ➜ Explicit dependency on target 'fmt' in project 'Pods'
        ➜ Explicit dependency on target 'glog' in project 'Pods'
    Target 'React-RCTSettings' in project 'Pods'
        ➜ Explicit dependency on target 'DoubleConversion' in project 'Pods'
        ➜ Explicit dependency on target 'RCT-Folly' in project 'Pods'
        ➜ Explicit dependency on target 'RCTTypeSafety' in project 'Pods'
        ➜ Explicit dependency on target 'React-Core' in project 'Pods'
        ➜ Explicit dependency on target 'React-NativeModulesApple' in project 'Pods'
        ➜ Explicit dependency on target 'React-RCTFBReactNativeSpec' in project 'Pods'
        ➜ Explicit dependency on target 'React-jsi' in project 'Pods'
        ➜ Explicit dependency on target 'ReactCommon' in project 'Pods'
        ➜ Explicit dependency on target 'SocketRocket' in project 'Pods'
        ➜ Explicit dependency on target 'boost' in project 'Pods'
        ➜ Explicit dependency on target 'fast_float' in project 'Pods'
        ➜ Explicit dependency on target 'fmt' in project 'Pods'
        ➜ Explicit dependency on target 'glog' in project 'Pods'
    Target 'React-RCTLinking' in project 'Pods'
        ➜ Explicit dependency on target 'React-Core' in project 'Pods'
        ➜ Explicit dependency on target 'React-NativeModulesApple' in project 'Pods'
        ➜ Explicit dependency on target 'React-RCTFBReactNativeSpec' in project 'Pods'
        ➜ Explicit dependency on target 'React-jsi' in project 'Pods'
        ➜ Explicit dependency on target 'ReactCommon' in project 'Pods'
    Target 'React-RCTActionSheet' in project 'Pods'
        ➜ Explicit dependency on target 'React-Core' in project 'Pods'
    Target 'RNDeviceInfo' in project 'Pods'
        ➜ Explicit dependency on target 'RNDeviceInfo-RNDeviceInfoPrivacyInfo' in project 'Pods'
        ➜ Explicit dependency on target 'React-Core' in project 'Pods'
    Target 'RNDeviceInfo-RNDeviceInfoPrivacyInfo' in project 'Pods' (no dependencies)
    Target 'RNDateTimePicker' in project 'Pods'
        ➜ Explicit dependency on target 'DoubleConversion' in project 'Pods'
        ➜ Explicit dependency on target 'RCT-Folly' in project 'Pods'
        ➜ Explicit dependency on target 'RCTRequired' in project 'Pods'
        ➜ Explicit dependency on target 'RCTTypeSafety' in project 'Pods'
        ➜ Explicit dependency on target 'React-Core' in project 'Pods'
        ➜ Explicit dependency on target 'React-Fabric' in project 'Pods'
        ➜ Explicit dependency on target 'React-ImageManager' in project 'Pods'
        ➜ Explicit dependency on target 'React-NativeModulesApple' in project 'Pods'
        ➜ Explicit dependency on target 'React-RCTFabric' in project 'Pods'
        ➜ Explicit dependency on target 'React-debug' in project 'Pods'
        ➜ Explicit dependency on target 'React-featureflags' in project 'Pods'
        ➜ Explicit dependency on target 'React-graphics' in project 'Pods'
        ➜ Explicit dependency on target 'React-jsi' in project 'Pods'
        ➜ Explicit dependency on target 'React-renderercss' in project 'Pods'
        ➜ Explicit dependency on target 'React-rendererdebug' in project 'Pods'
        ➜ Explicit dependency on target 'React-utils' in project 'Pods'
        ➜ Explicit dependency on target 'ReactCodegen' in project 'Pods'
        ➜ Explicit dependency on target 'ReactCommon' in project 'Pods'
        ➜ Explicit dependency on target 'SocketRocket' in project 'Pods'
        ➜ Explicit dependency on target 'Yoga' in project 'Pods'
        ➜ Explicit dependency on target 'boost' in project 'Pods'
        ➜ Explicit dependency on target 'fast_float' in project 'Pods'
        ➜ Explicit dependency on target 'fmt' in project 'Pods'
        ➜ Explicit dependency on target 'glog' in project 'Pods'
        ➜ Explicit dependency on target 'hermes-engine' in project 'Pods'
    Target 'RNCMaskedView' in project 'Pods'
        ➜ Explicit dependency on target 'DoubleConversion' in project 'Pods'
        ➜ Explicit dependency on target 'RCT-Folly' in project 'Pods'
        ➜ Explicit dependency on target 'RCTRequired' in project 'Pods'
        ➜ Explicit dependency on target 'RCTTypeSafety' in project 'Pods'
        ➜ Explicit dependency on target 'React-Core' in project 'Pods'
        ➜ Explicit dependency on target 'React-Fabric' in project 'Pods'
        ➜ Explicit dependency on target 'React-ImageManager' in project 'Pods'
        ➜ Explicit dependency on target 'React-NativeModulesApple' in project 'Pods'
        ➜ Explicit dependency on target 'React-RCTFabric' in project 'Pods'
        ➜ Explicit dependency on target 'React-debug' in project 'Pods'
        ➜ Explicit dependency on target 'React-featureflags' in project 'Pods'
        ➜ Explicit dependency on target 'React-graphics' in project 'Pods'
        ➜ Explicit dependency on target 'React-jsi' in project 'Pods'
        ➜ Explicit dependency on target 'React-renderercss' in project 'Pods'
        ➜ Explicit dependency on target 'React-rendererdebug' in project 'Pods'
        ➜ Explicit dependency on target 'React-utils' in project 'Pods'
        ➜ Explicit dependency on target 'ReactCodegen' in project 'Pods'
        ➜ Explicit dependency on target 'ReactCommon' in project 'Pods'
        ➜ Explicit dependency on target 'SocketRocket' in project 'Pods'
        ➜ Explicit dependency on target 'Yoga' in project 'Pods'
        ➜ Explicit dependency on target 'boost' in project 'Pods'
        ➜ Explicit dependency on target 'fast_float' in project 'Pods'
        ➜ Explicit dependency on target 'fmt' in project 'Pods'
        ➜ Explicit dependency on target 'glog' in project 'Pods'
        ➜ Explicit dependency on target 'hermes-engine' in project 'Pods'
    Target 'RNCClipboard' in project 'Pods'
        ➜ Explicit dependency on target 'DoubleConversion' in project 'Pods'
        ➜ Explicit dependency on target 'RCT-Folly' in project 'Pods'
        ➜ Explicit dependency on target 'RCTRequired' in project 'Pods'
        ➜ Explicit dependency on target 'RCTTypeSafety' in project 'Pods'
        ➜ Explicit dependency on target 'React-Core' in project 'Pods'
        ➜ Explicit dependency on target 'React-Fabric' in project 'Pods'
        ➜ Explicit dependency on target 'React-ImageManager' in project 'Pods'
        ➜ Explicit dependency on target 'React-NativeModulesApple' in project 'Pods'
        ➜ Explicit dependency on target 'React-RCTFabric' in project 'Pods'
        ➜ Explicit dependency on target 'React-debug' in project 'Pods'
        ➜ Explicit dependency on target 'React-featureflags' in project 'Pods'
        ➜ Explicit dependency on target 'React-graphics' in project 'Pods'
        ➜ Explicit dependency on target 'React-jsi' in project 'Pods'
        ➜ Explicit dependency on target 'React-renderercss' in project 'Pods'
        ➜ Explicit dependency on target 'React-rendererdebug' in project 'Pods'
        ➜ Explicit dependency on target 'React-utils' in project 'Pods'
        ➜ Explicit dependency on target 'ReactCodegen' in project 'Pods'
        ➜ Explicit dependency on target 'ReactCommon' in project 'Pods'
        ➜ Explicit dependency on target 'SocketRocket' in project 'Pods'
        ➜ Explicit dependency on target 'Yoga' in project 'Pods'
        ➜ Explicit dependency on target 'boost' in project 'Pods'
        ➜ Explicit dependency on target 'fast_float' in project 'Pods'
        ➜ Explicit dependency on target 'fmt' in project 'Pods'
        ➜ Explicit dependency on target 'glog' in project 'Pods'
        ➜ Explicit dependency on target 'hermes-engine' in project 'Pods'
    Target 'RNCCheckbox' in project 'Pods'
        ➜ Explicit dependency on target 'BEMCheckBox' in project 'Pods'
        ➜ Explicit dependency on target 'React-Core' in project 'Pods'
    Target 'RNBootSplash' in project 'Pods'
        ➜ Explicit dependency on target 'DoubleConversion' in project 'Pods'
        ➜ Explicit dependency on target 'RCT-Folly' in project 'Pods'
        ➜ Explicit dependency on target 'RCTRequired' in project 'Pods'
        ➜ Explicit dependency on target 'RCTTypeSafety' in project 'Pods'
        ➜ Explicit dependency on target 'React-Core' in project 'Pods'
        ➜ Explicit dependency on target 'React-Fabric' in project 'Pods'
        ➜ Explicit dependency on target 'React-ImageManager' in project 'Pods'
        ➜ Explicit dependency on target 'React-NativeModulesApple' in project 'Pods'
        ➜ Explicit dependency on target 'React-RCTFabric' in project 'Pods'
        ➜ Explicit dependency on target 'React-debug' in project 'Pods'
        ➜ Explicit dependency on target 'React-featureflags' in project 'Pods'
        ➜ Explicit dependency on target 'React-graphics' in project 'Pods'
        ➜ Explicit dependency on target 'React-jsi' in project 'Pods'
        ➜ Explicit dependency on target 'React-renderercss' in project 'Pods'
        ➜ Explicit dependency on target 'React-rendererdebug' in project 'Pods'
        ➜ Explicit dependency on target 'React-utils' in project 'Pods'
        ➜ Explicit dependency on target 'ReactCodegen' in project 'Pods'
        ➜ Explicit dependency on target 'ReactCommon' in project 'Pods'
        ➜ Explicit dependency on target 'SocketRocket' in project 'Pods'
        ➜ Explicit dependency on target 'Yoga' in project 'Pods'
        ➜ Explicit dependency on target 'boost' in project 'Pods'
        ➜ Explicit dependency on target 'fast_float' in project 'Pods'
        ➜ Explicit dependency on target 'fmt' in project 'Pods'
        ➜ Explicit dependency on target 'glog' in project 'Pods'
        ➜ Explicit dependency on target 'hermes-engine' in project 'Pods'
    Target 'RNBackgroundFetch' in project 'Pods'
        ➜ Explicit dependency on target 'React-Core' in project 'Pods'
    Target 'NitroCloudUploader' in project 'Pods'
        ➜ Explicit dependency on target 'DoubleConversion' in project 'Pods'
        ➜ Explicit dependency on target 'NitroModules' in project 'Pods'
        ➜ Explicit dependency on target 'RCT-Folly' in project 'Pods'
        ➜ Explicit dependency on target 'RCTRequired' in project 'Pods'
        ➜ Explicit dependency on target 'RCTTypeSafety' in project 'Pods'
        ➜ Explicit dependency on target 'React-Core' in project 'Pods'
        ➜ Explicit dependency on target 'React-Fabric' in project 'Pods'
        ➜ Explicit dependency on target 'React-ImageManager' in project 'Pods'
        ➜ Explicit dependency on target 'React-NativeModulesApple' in project 'Pods'
        ➜ Explicit dependency on target 'React-RCTFabric' in project 'Pods'
        ➜ Explicit dependency on target 'React-callinvoker' in project 'Pods'
        ➜ Explicit dependency on target 'React-debug' in project 'Pods'
        ➜ Explicit dependency on target 'React-featureflags' in project 'Pods'
        ➜ Explicit dependency on target 'React-graphics' in project 'Pods'
        ➜ Explicit dependency on target 'React-jsi' in project 'Pods'
        ➜ Explicit dependency on target 'React-renderercss' in project 'Pods'
        ➜ Explicit dependency on target 'React-rendererdebug' in project 'Pods'
        ➜ Explicit dependency on target 'React-utils' in project 'Pods'
        ➜ Explicit dependency on target 'ReactCodegen' in project 'Pods'
        ➜ Explicit dependency on target 'ReactCommon' in project 'Pods'
        ➜ Explicit dependency on target 'SocketRocket' in project 'Pods'
        ➜ Explicit dependency on target 'Yoga' in project 'Pods'
        ➜ Explicit dependency on target 'boost' in project 'Pods'
        ➜ Explicit dependency on target 'fast_float' in project 'Pods'
        ➜ Explicit dependency on target 'fmt' in project 'Pods'
        ➜ Explicit dependency on target 'glog' in project 'Pods'
        ➜ Explicit dependency on target 'hermes-engine' in project 'Pods'
    Target 'NitroModules' in project 'Pods'
        ➜ Explicit dependency on target 'DoubleConversion' in project 'Pods'
        ➜ Explicit dependency on target 'RCT-Folly' in project 'Pods'
        ➜ Explicit dependency on target 'RCTRequired' in project 'Pods'
        ➜ Explicit dependency on target 'RCTTypeSafety' in project 'Pods'
        ➜ Explicit dependency on target 'React-Core' in project 'Pods'
        ➜ Explicit dependency on target 'React-Fabric' in project 'Pods'
        ➜ Explicit dependency on target 'React-ImageManager' in project 'Pods'
        ➜ Explicit dependency on target 'React-NativeModulesApple' in project 'Pods'
        ➜ Explicit dependency on target 'React-RCTFabric' in project 'Pods'
        ➜ Explicit dependency on target 'React-callinvoker' in project 'Pods'
        ➜ Explicit dependency on target 'React-debug' in project 'Pods'
        ➜ Explicit dependency on target 'React-featureflags' in project 'Pods'
        ➜ Explicit dependency on target 'React-graphics' in project 'Pods'
        ➜ Explicit dependency on target 'React-jsi' in project 'Pods'
        ➜ Explicit dependency on target 'React-renderercss' in project 'Pods'
        ➜ Explicit dependency on target 'React-rendererdebug' in project 'Pods'
        ➜ Explicit dependency on target 'React-utils' in project 'Pods'
        ➜ Explicit dependency on target 'ReactCodegen' in project 'Pods'
        ➜ Explicit dependency on target 'ReactCommon' in project 'Pods'
        ➜ Explicit dependency on target 'SocketRocket' in project 'Pods'
        ➜ Explicit dependency on target 'Yoga' in project 'Pods'
        ➜ Explicit dependency on target 'boost' in project 'Pods'
        ➜ Explicit dependency on target 'fast_float' in project 'Pods'
        ➜ Explicit dependency on target 'fmt' in project 'Pods'
        ➜ Explicit dependency on target 'glog' in project 'Pods'
        ➜ Explicit dependency on target 'hermes-engine' in project 'Pods'
    Target 'ReactCodegen' in project 'Pods'
        ➜ Explicit dependency on target 'DoubleConversion' in project 'Pods'
        ➜ Explicit dependency on target 'RCT-Folly' in project 'Pods'
        ➜ Explicit dependency on target 'RCTRequired' in project 'Pods'
        ➜ Explicit dependency on target 'RCTTypeSafety' in project 'Pods'
        ➜ Explicit dependency on target 'React-Core' in project 'Pods'
        ➜ Explicit dependency on target 'React-Fabric' in project 'Pods'
        ➜ Explicit dependency on target 'React-FabricImage' in project 'Pods'
        ➜ Explicit dependency on target 'React-NativeModulesApple' in project 'Pods'
        ➜ Explicit dependency on target 'React-RCTAppDelegate' in project 'Pods'
        ➜ Explicit dependency on target 'React-debug' in project 'Pods'
        ➜ Explicit dependency on target 'React-featureflags' in project 'Pods'
        ➜ Explicit dependency on target 'React-graphics' in project 'Pods'
        ➜ Explicit dependency on target 'React-jsi' in project 'Pods'
        ➜ Explicit dependency on target 'React-jsiexecutor' in project 'Pods'
        ➜ Explicit dependency on target 'React-rendererdebug' in project 'Pods'
        ➜ Explicit dependency on target 'React-utils' in project 'Pods'
        ➜ Explicit dependency on target 'ReactCommon' in project 'Pods'
        ➜ Explicit dependency on target 'SocketRocket' in project 'Pods'
        ➜ Explicit dependency on target 'boost' in project 'Pods'
        ➜ Explicit dependency on target 'fast_float' in project 'Pods'
        ➜ Explicit dependency on target 'fmt' in project 'Pods'
        ➜ Explicit dependency on target 'glog' in project 'Pods'
        ➜ Explicit dependency on target 'hermes-engine' in project 'Pods'
    Target 'React-RCTAppDelegate' in project 'Pods'
        ➜ Explicit dependency on target 'DoubleConversion' in project 'Pods'
        ➜ Explicit dependency on target 'RCT-Folly' in project 'Pods'
        ➜ Explicit dependency on target 'RCTRequired' in project 'Pods'
        ➜ Explicit dependency on target 'RCTTypeSafety' in project 'Pods'
        ➜ Explicit dependency on target 'React-Core' in project 'Pods'
        ➜ Explicit dependency on target 'React-CoreModules' in project 'Pods'
        ➜ Explicit dependency on target 'React-Fabric' in project 'Pods'
        ➜ Explicit dependency on target 'React-NativeModulesApple' in project 'Pods'
        ➜ Explicit dependency on target 'React-RCTFBReactNativeSpec' in project 'Pods'
        ➜ Explicit dependency on target 'React-RCTFabric' in project 'Pods'
        ➜ Explicit dependency on target 'React-RCTImage' in project 'Pods'
        ➜ Explicit dependency on target 'React-RCTNetwork' in project 'Pods'
        ➜ Explicit dependency on target 'React-RCTRuntime' in project 'Pods'
        ➜ Explicit dependency on target 'React-RuntimeApple' in project 'Pods'
        ➜ Explicit dependency on target 'React-RuntimeCore' in project 'Pods'
        ➜ Explicit dependency on target 'React-debug' in project 'Pods'
        ➜ Explicit dependency on target 'React-defaultsnativemodule' in project 'Pods'
        ➜ Explicit dependency on target 'React-featureflags' in project 'Pods'
        ➜ Explicit dependency on target 'React-graphics' in project 'Pods'
        ➜ Explicit dependency on target 'React-hermes' in project 'Pods'
        ➜ Explicit dependency on target 'React-jsitooling' in project 'Pods'
        ➜ Explicit dependency on target 'React-rendererdebug' in project 'Pods'
        ➜ Explicit dependency on target 'React-runtimeexecutor' in project 'Pods'
        ➜ Explicit dependency on target 'React-runtimescheduler' in project 'Pods'
        ➜ Explicit dependency on target 'React-utils' in project 'Pods'
        ➜ Explicit dependency on target 'ReactCommon' in project 'Pods'
        ➜ Explicit dependency on target 'SocketRocket' in project 'Pods'
        ➜ Explicit dependency on target 'boost' in project 'Pods'
        ➜ Explicit dependency on target 'fast_float' in project 'Pods'
        ➜ Explicit dependency on target 'fmt' in project 'Pods'
        ➜ Explicit dependency on target 'glog' in project 'Pods'
        ➜ Explicit dependency on target 'hermes-engine' in project 'Pods'
    Target 'React-defaultsnativemodule' in project 'Pods'
        ➜ Explicit dependency on target 'DoubleConversion' in project 'Pods'
        ➜ Explicit dependency on target 'RCT-Folly' in project 'Pods'
        ➜ Explicit dependency on target 'React-RCTFBReactNativeSpec' in project 'Pods'
        ➜ Explicit dependency on target 'React-domnativemodule' in project 'Pods'
        ➜ Explicit dependency on target 'React-featureflagsnativemodule' in project 'Pods'
        ➜ Explicit dependency on target 'React-idlecallbacksnativemodule' in project 'Pods'
        ➜ Explicit dependency on target 'React-jsi' in project 'Pods'
        ➜ Explicit dependency on target 'React-jsiexecutor' in project 'Pods'
        ➜ Explicit dependency on target 'React-microtasksnativemodule' in project 'Pods'
        ➜ Explicit dependency on target 'React-webperformancenativemodule' in project 'Pods'
        ➜ Explicit dependency on target 'SocketRocket' in project 'Pods'
        ➜ Explicit dependency on target 'boost' in project 'Pods'
        ➜ Explicit dependency on target 'fast_float' in project 'Pods'
        ➜ Explicit dependency on target 'fmt' in project 'Pods'
        ➜ Explicit dependency on target 'glog' in project 'Pods'
        ➜ Explicit dependency on target 'hermes-engine' in project 'Pods'
    Target 'React-webperformancenativemodule' in project 'Pods'
        ➜ Explicit dependency on target 'DoubleConversion' in project 'Pods'
        ➜ Explicit dependency on target 'RCT-Folly' in project 'Pods'
        ➜ Explicit dependency on target 'React-RCTFBReactNativeSpec' in project 'Pods'
        ➜ Explicit dependency on target 'React-jsi' in project 'Pods'
        ➜ Explicit dependency on target 'React-jsiexecutor' in project 'Pods'
        ➜ Explicit dependency on target 'React-performancetimeline' in project 'Pods'
        ➜ Explicit dependency on target 'React-runtimeexecutor' in project 'Pods'
        ➜ Explicit dependency on target 'ReactCommon' in project 'Pods'
        ➜ Explicit dependency on target 'SocketRocket' in project 'Pods'
        ➜ Explicit dependency on target 'boost' in project 'Pods'
        ➜ Explicit dependency on target 'fast_float' in project 'Pods'
        ➜ Explicit dependency on target 'fmt' in project 'Pods'
        ➜ Explicit dependency on target 'glog' in project 'Pods'
        ➜ Explicit dependency on target 'hermes-engine' in project 'Pods'
    Target 'React-microtasksnativemodule' in project 'Pods'
        ➜ Explicit dependency on target 'DoubleConversion' in project 'Pods'
        ➜ Explicit dependency on target 'RCT-Folly' in project 'Pods'
        ➜ Explicit dependency on target 'React-RCTFBReactNativeSpec' in project 'Pods'
        ➜ Explicit dependency on target 'React-jsi' in project 'Pods'
        ➜ Explicit dependency on target 'React-jsiexecutor' in project 'Pods'
        ➜ Explicit dependency on target 'ReactCommon' in project 'Pods'
        ➜ Explicit dependency on target 'SocketRocket' in project 'Pods'
        ➜ Explicit dependency on target 'boost' in project 'Pods'
        ➜ Explicit dependency on target 'fast_float' in project 'Pods'
        ➜ Explicit dependency on target 'fmt' in project 'Pods'
        ➜ Explicit dependency on target 'glog' in project 'Pods'
        ➜ Explicit dependency on target 'hermes-engine' in project 'Pods'
    Target 'React-idlecallbacksnativemodule' in project 'Pods'
        ➜ Explicit dependency on target 'DoubleConversion' in project 'Pods'
        ➜ Explicit dependency on target 'RCT-Folly' in project 'Pods'
        ➜ Explicit dependency on target 'React-RCTFBReactNativeSpec' in project 'Pods'
        ➜ Explicit dependency on target 'React-jsi' in project 'Pods'
        ➜ Explicit dependency on target 'React-jsiexecutor' in project 'Pods'
        ➜ Explicit dependency on target 'React-runtimeexecutor' in project 'Pods'
        ➜ Explicit dependency on target 'React-runtimescheduler' in project 'Pods'
        ➜ Explicit dependency on target 'ReactCommon' in project 'Pods'
        ➜ Explicit dependency on target 'SocketRocket' in project 'Pods'
        ➜ Explicit dependency on target 'boost' in project 'Pods'
        ➜ Explicit dependency on target 'fast_float' in project 'Pods'
        ➜ Explicit dependency on target 'fmt' in project 'Pods'
        ➜ Explicit dependency on target 'glog' in project 'Pods'
        ➜ Explicit dependency on target 'hermes-engine' in project 'Pods'
    Target 'React-featureflagsnativemodule' in project 'Pods'
        ➜ Explicit dependency on target 'DoubleConversion' in project 'Pods'
        ➜ Explicit dependency on target 'RCT-Folly' in project 'Pods'
        ➜ Explicit dependency on target 'React-RCTFBReactNativeSpec' in project 'Pods'
        ➜ Explicit dependency on target 'React-featureflags' in project 'Pods'
        ➜ Explicit dependency on target 'React-jsi' in project 'Pods'
        ➜ Explicit dependency on target 'React-jsiexecutor' in project 'Pods'
        ➜ Explicit dependency on target 'ReactCommon' in project 'Pods'
        ➜ Explicit dependency on target 'SocketRocket' in project 'Pods'
        ➜ Explicit dependency on target 'boost' in project 'Pods'
        ➜ Explicit dependency on target 'fast_float' in project 'Pods'
        ➜ Explicit dependency on target 'fmt' in project 'Pods'
        ➜ Explicit dependency on target 'glog' in project 'Pods'
        ➜ Explicit dependency on target 'hermes-engine' in project 'Pods'
    Target 'React-domnativemodule' in project 'Pods'
        ➜ Explicit dependency on target 'DoubleConversion' in project 'Pods'
        ➜ Explicit dependency on target 'RCT-Folly' in project 'Pods'
        ➜ Explicit dependency on target 'React-Fabric' in project 'Pods'
        ➜ Explicit dependency on target 'React-FabricComponents' in project 'Pods'
        ➜ Explicit dependency on target 'React-RCTFBReactNativeSpec' in project 'Pods'
        ➜ Explicit dependency on target 'React-graphics' in project 'Pods'
        ➜ Explicit dependency on target 'React-jsi' in project 'Pods'
        ➜ Explicit dependency on target 'React-jsiexecutor' in project 'Pods'
        ➜ Explicit dependency on target 'React-runtimeexecutor' in project 'Pods'
        ➜ Explicit dependency on target 'ReactCommon' in project 'Pods'
        ➜ Explicit dependency on target 'SocketRocket' in project 'Pods'
        ➜ Explicit dependency on target 'Yoga' in project 'Pods'
        ➜ Explicit dependency on target 'boost' in project 'Pods'
        ➜ Explicit dependency on target 'fast_float' in project 'Pods'
        ➜ Explicit dependency on target 'fmt' in project 'Pods'
        ➜ Explicit dependency on target 'glog' in project 'Pods'
        ➜ Explicit dependency on target 'hermes-engine' in project 'Pods'
    Target 'React-RCTRuntime' in project 'Pods'
        ➜ Explicit dependency on target 'DoubleConversion' in project 'Pods'
        ➜ Explicit dependency on target 'RCT-Folly' in project 'Pods'
        ➜ Explicit dependency on target 'React-Core' in project 'Pods'
        ➜ Explicit dependency on target 'React-RuntimeApple' in project 'Pods'
        ➜ Explicit dependency on target 'React-RuntimeCore' in project 'Pods'
        ➜ Explicit dependency on target 'React-RuntimeHermes' in project 'Pods'
        ➜ Explicit dependency on target 'React-debug' in project 'Pods'
        ➜ Explicit dependency on target 'React-jsi' in project 'Pods'
        ➜ Explicit dependency on target 'React-jsinspector' in project 'Pods'
        ➜ Explicit dependency on target 'React-jsinspectorcdp' in project 'Pods'
        ➜ Explicit dependency on target 'React-jsinspectortracing' in project 'Pods'
        ➜ Explicit dependency on target 'React-jsitooling' in project 'Pods'
        ➜ Explicit dependency on target 'React-runtimeexecutor' in project 'Pods'
        ➜ Explicit dependency on target 'SocketRocket' in project 'Pods'
        ➜ Explicit dependency on target 'boost' in project 'Pods'
        ➜ Explicit dependency on target 'fast_float' in project 'Pods'
        ➜ Explicit dependency on target 'fmt' in project 'Pods'
        ➜ Explicit dependency on target 'glog' in project 'Pods'
        ➜ Explicit dependency on target 'hermes-engine' in project 'Pods'
    Target 'React-RuntimeApple' in project 'Pods'
        ➜ Explicit dependency on target 'DoubleConversion' in project 'Pods'
        ➜ Explicit dependency on target 'RCT-Folly' in project 'Pods'
        ➜ Explicit dependency on target 'React-Core' in project 'Pods'
        ➜ Explicit dependency on target 'React-CoreModules' in project 'Pods'
        ➜ Explicit dependency on target 'React-Mapbuffer' in project 'Pods'
        ➜ Explicit dependency on target 'React-NativeModulesApple' in project 'Pods'
        ➜ Explicit dependency on target 'React-RCTFBReactNativeSpec' in project 'Pods'
        ➜ Explicit dependency on target 'React-RCTFabric' in project 'Pods'
        ➜ Explicit dependency on target 'React-RuntimeCore' in project 'Pods'
        ➜ Explicit dependency on target 'React-RuntimeHermes' in project 'Pods'
        ➜ Explicit dependency on target 'React-callinvoker' in project 'Pods'
        ➜ Explicit dependency on target 'React-cxxreact' in project 'Pods'
        ➜ Explicit dependency on target 'React-featureflags' in project 'Pods'
        ➜ Explicit dependency on target 'React-jserrorhandler' in project 'Pods'
        ➜ Explicit dependency on target 'React-jsi' in project 'Pods'
        ➜ Explicit dependency on target 'React-jsiexecutor' in project 'Pods'
        ➜ Explicit dependency on target 'React-jsinspector' in project 'Pods'
        ➜ Explicit dependency on target 'React-jsitooling' in project 'Pods'
        ➜ Explicit dependency on target 'React-runtimeexecutor' in project 'Pods'
        ➜ Explicit dependency on target 'React-runtimescheduler' in project 'Pods'
        ➜ Explicit dependency on target 'React-utils' in project 'Pods'
        ➜ Explicit dependency on target 'SocketRocket' in project 'Pods'
        ➜ Explicit dependency on target 'boost' in project 'Pods'
        ➜ Explicit dependency on target 'fast_float' in project 'Pods'
        ➜ Explicit dependency on target 'fmt' in project 'Pods'
        ➜ Explicit dependency on target 'glog' in project 'Pods'
        ➜ Explicit dependency on target 'hermes-engine' in project 'Pods'
    Target 'React-RuntimeHermes' in project 'Pods'
        ➜ Explicit dependency on target 'DoubleConversion' in project 'Pods'
        ➜ Explicit dependency on target 'RCT-Folly' in project 'Pods'
        ➜ Explicit dependency on target 'React-RuntimeCore' in project 'Pods'
        ➜ Explicit dependency on target 'React-featureflags' in project 'Pods'
        ➜ Explicit dependency on target 'React-hermes' in project 'Pods'
        ➜ Explicit dependency on target 'React-jsi' in project 'Pods'
        ➜ Explicit dependency on target 'React-jsinspector' in project 'Pods'
        ➜ Explicit dependency on target 'React-jsinspectorcdp' in project 'Pods'
        ➜ Explicit dependency on target 'React-jsinspectortracing' in project 'Pods'
        ➜ Explicit dependency on target 'React-jsitooling' in project 'Pods'
        ➜ Explicit dependency on target 'React-jsitracing' in project 'Pods'
        ➜ Explicit dependency on target 'React-runtimeexecutor' in project 'Pods'
        ➜ Explicit dependency on target 'React-utils' in project 'Pods'
        ➜ Explicit dependency on target 'SocketRocket' in project 'Pods'
        ➜ Explicit dependency on target 'boost' in project 'Pods'
        ➜ Explicit dependency on target 'fast_float' in project 'Pods'
        ➜ Explicit dependency on target 'fmt' in project 'Pods'
        ➜ Explicit dependency on target 'glog' in project 'Pods'
        ➜ Explicit dependency on target 'hermes-engine' in project 'Pods'
    Target 'React-jsitracing' in project 'Pods'
        ➜ Explicit dependency on target 'React-jsi' in project 'Pods'
    Target 'React-RuntimeCore' in project 'Pods'
        ➜ Explicit dependency on target 'DoubleConversion' in project 'Pods'
        ➜ Explicit dependency on target 'RCT-Folly' in project 'Pods'
        ➜ Explicit dependency on target 'React-Fabric' in project 'Pods'
        ➜ Explicit dependency on target 'React-cxxreact' in project 'Pods'
        ➜ Explicit dependency on target 'React-featureflags' in project 'Pods'
        ➜ Explicit dependency on target 'React-jserrorhandler' in project 'Pods'
        ➜ Explicit dependency on target 'React-jsi' in project 'Pods'
        ➜ Explicit dependency on target 'React-jsiexecutor' in project 'Pods'
        ➜ Explicit dependency on target 'React-jsinspector' in project 'Pods'
        ➜ Explicit dependency on target 'React-jsitooling' in project 'Pods'
        ➜ Explicit dependency on target 'React-performancetimeline' in project 'Pods'
        ➜ Explicit dependency on target 'React-runtimeexecutor' in project 'Pods'
        ➜ Explicit dependency on target 'React-runtimescheduler' in project 'Pods'
        ➜ Explicit dependency on target 'React-utils' in project 'Pods'
        ➜ Explicit dependency on target 'SocketRocket' in project 'Pods'
        ➜ Explicit dependency on target 'boost' in project 'Pods'
        ➜ Explicit dependency on target 'fast_float' in project 'Pods'
        ➜ Explicit dependency on target 'fmt' in project 'Pods'
        ➜ Explicit dependency on target 'glog' in project 'Pods'
        ➜ Explicit dependency on target 'hermes-engine' in project 'Pods'
    Target 'React-jserrorhandler' in project 'Pods'
        ➜ Explicit dependency on target 'DoubleConversion' in project 'Pods'
        ➜ Explicit dependency on target 'RCT-Folly' in project 'Pods'
        ➜ Explicit dependency on target 'React-cxxreact' in project 'Pods'
        ➜ Explicit dependency on target 'React-debug' in project 'Pods'
        ➜ Explicit dependency on target 'React-featureflags' in project 'Pods'
        ➜ Explicit dependency on target 'React-jsi' in project 'Pods'
        ➜ Explicit dependency on target 'ReactCommon' in project 'Pods'
        ➜ Explicit dependency on target 'SocketRocket' in project 'Pods'
        ➜ Explicit dependency on target 'boost' in project 'Pods'
        ➜ Explicit dependency on target 'fast_float' in project 'Pods'
        ➜ Explicit dependency on target 'fmt' in project 'Pods'
        ➜ Explicit dependency on target 'glog' in project 'Pods'
        ➜ Explicit dependency on target 'hermes-engine' in project 'Pods'
    Target 'React-Mapbuffer' in project 'Pods'
        ➜ Explicit dependency on target 'DoubleConversion' in project 'Pods'
        ➜ Explicit dependency on target 'RCT-Folly' in project 'Pods'
        ➜ Explicit dependency on target 'React-debug' in project 'Pods'
        ➜ Explicit dependency on target 'SocketRocket' in project 'Pods'
        ➜ Explicit dependency on target 'boost' in project 'Pods'
        ➜ Explicit dependency on target 'fast_float' in project 'Pods'
        ➜ Explicit dependency on target 'fmt' in project 'Pods'
        ➜ Explicit dependency on target 'glog' in project 'Pods'
    Target 'React-CoreModules' in project 'Pods'
        ➜ Explicit dependency on target 'DoubleConversion' in project 'Pods'
        ➜ Explicit dependency on target 'RCT-Folly' in project 'Pods'
        ➜ Explicit dependency on target 'RCTTypeSafety' in project 'Pods'
        ➜ Explicit dependency on target 'React-Core' in project 'Pods'
        ➜ Explicit dependency on target 'React-NativeModulesApple' in project 'Pods'
        ➜ Explicit dependency on target 'React-RCTBlob' in project 'Pods'
        ➜ Explicit dependency on target 'React-RCTFBReactNativeSpec' in project 'Pods'
        ➜ Explicit dependency on target 'React-RCTImage' in project 'Pods'
        ➜ Explicit dependency on target 'React-debug' in project 'Pods'
        ➜ Explicit dependency on target 'React-jsi' in project 'Pods'
        ➜ Explicit dependency on target 'React-jsinspector' in project 'Pods'
        ➜ Explicit dependency on target 'React-jsinspectorcdp' in project 'Pods'
        ➜ Explicit dependency on target 'React-jsinspectortracing' in project 'Pods'
        ➜ Explicit dependency on target 'React-runtimeexecutor' in project 'Pods'
        ➜ Explicit dependency on target 'ReactCommon' in project 'Pods'
        ➜ Explicit dependency on target 'SocketRocket' in project 'Pods'
        ➜ Explicit dependency on target 'boost' in project 'Pods'
        ➜ Explicit dependency on target 'fast_float' in project 'Pods'
        ➜ Explicit dependency on target 'fmt' in project 'Pods'
        ➜ Explicit dependency on target 'glog' in project 'Pods'
    Target 'React-RCTBlob' in project 'Pods'
        ➜ Explicit dependency on target 'DoubleConversion' in project 'Pods'
        ➜ Explicit dependency on target 'RCT-Folly' in project 'Pods'
        ➜ Explicit dependency on target 'React-Core' in project 'Pods'
        ➜ Explicit dependency on target 'React-NativeModulesApple' in project 'Pods'
        ➜ Explicit dependency on target 'React-RCTFBReactNativeSpec' in project 'Pods'
        ➜ Explicit dependency on target 'React-RCTNetwork' in project 'Pods'
        ➜ Explicit dependency on target 'React-jsi' in project 'Pods'
        ➜ Explicit dependency on target 'React-jsinspector' in project 'Pods'
        ➜ Explicit dependency on target 'React-jsinspectorcdp' in project 'Pods'
        ➜ Explicit dependency on target 'ReactCommon' in project 'Pods'
        ➜ Explicit dependency on target 'SocketRocket' in project 'Pods'
        ➜ Explicit dependency on target 'boost' in project 'Pods'
        ➜ Explicit dependency on target 'fast_float' in project 'Pods'
        ➜ Explicit dependency on target 'fmt' in project 'Pods'
        ➜ Explicit dependency on target 'glog' in project 'Pods'
        ➜ Explicit dependency on target 'hermes-engine' in project 'Pods'
    Target 'React-RCTFabric' in project 'Pods'
        ➜ Explicit dependency on target 'DoubleConversion' in project 'Pods'
        ➜ Explicit dependency on target 'RCT-Folly' in project 'Pods'
        ➜ Explicit dependency on target 'React-Core' in project 'Pods'
        ➜ Explicit dependency on target 'React-Fabric' in project 'Pods'
        ➜ Explicit dependency on target 'React-FabricComponents' in project 'Pods'
        ➜ Explicit dependency on target 'React-FabricImage' in project 'Pods'
        ➜ Explicit dependency on target 'React-ImageManager' in project 'Pods'
        ➜ Explicit dependency on target 'React-RCTAnimation' in project 'Pods'
        ➜ Explicit dependency on target 'React-RCTFBReactNativeSpec' in project 'Pods'
        ➜ Explicit dependency on target 'React-RCTImage' in project 'Pods'
        ➜ Explicit dependency on target 'React-RCTText' in project 'Pods'
        ➜ Explicit dependency on target 'React-debug' in project 'Pods'
        ➜ Explicit dependency on target 'React-featureflags' in project 'Pods'
        ➜ Explicit dependency on target 'React-graphics' in project 'Pods'
        ➜ Explicit dependency on target 'React-jsi' in project 'Pods'
        ➜ Explicit dependency on target 'React-jsinspector' in project 'Pods'
        ➜ Explicit dependency on target 'React-jsinspectorcdp' in project 'Pods'
        ➜ Explicit dependency on target 'React-jsinspectornetwork' in project 'Pods'
        ➜ Explicit dependency on target 'React-jsinspectortracing' in project 'Pods'
        ➜ Explicit dependency on target 'React-performancecdpmetrics' in project 'Pods'
        ➜ Explicit dependency on target 'React-performancetimeline' in project 'Pods'
        ➜ Explicit dependency on target 'React-rendererconsistency' in project 'Pods'
        ➜ Explicit dependency on target 'React-renderercss' in project 'Pods'
        ➜ Explicit dependency on target 'React-rendererdebug' in project 'Pods'
        ➜ Explicit dependency on target 'React-runtimeexecutor' in project 'Pods'
        ➜ Explicit dependency on target 'React-runtimescheduler' in project 'Pods'
        ➜ Explicit dependency on target 'React-utils' in project 'Pods'
        ➜ Explicit dependency on target 'SocketRocket' in project 'Pods'
        ➜ Explicit dependency on target 'Yoga' in project 'Pods'
        ➜ Explicit dependency on target 'boost' in project 'Pods'
        ➜ Explicit dependency on target 'fast_float' in project 'Pods'
        ➜ Explicit dependency on target 'fmt' in project 'Pods'
        ➜ Explicit dependency on target 'glog' in project 'Pods'
        ➜ Explicit dependency on target 'hermes-engine' in project 'Pods'
    Target 'React-RCTText' in project 'Pods'
        ➜ Explicit dependency on target 'React-Core' in project 'Pods'
        ➜ Explicit dependency on target 'Yoga' in project 'Pods'
    Target 'React-RCTImage' in project 'Pods'
        ➜ Explicit dependency on target 'DoubleConversion' in project 'Pods'
        ➜ Explicit dependency on target 'RCT-Folly' in project 'Pods'
        ➜ Explicit dependency on target 'RCTTypeSafety' in project 'Pods'
        ➜ Explicit dependency on target 'React-Core' in project 'Pods'
        ➜ Explicit dependency on target 'React-NativeModulesApple' in project 'Pods'
        ➜ Explicit dependency on target 'React-RCTFBReactNativeSpec' in project 'Pods'
        ➜ Explicit dependency on target 'React-RCTNetwork' in project 'Pods'
        ➜ Explicit dependency on target 'React-jsi' in project 'Pods'
        ➜ Explicit dependency on target 'ReactCommon' in project 'Pods'
        ➜ Explicit dependency on target 'SocketRocket' in project 'Pods'
        ➜ Explicit dependency on target 'boost' in project 'Pods'
        ➜ Explicit dependency on target 'fast_float' in project 'Pods'
        ➜ Explicit dependency on target 'fmt' in project 'Pods'
        ➜ Explicit dependency on target 'glog' in project 'Pods'
    Target 'React-RCTNetwork' in project 'Pods'
        ➜ Explicit dependency on target 'DoubleConversion' in project 'Pods'
        ➜ Explicit dependency on target 'RCT-Folly' in project 'Pods'
        ➜ Explicit dependency on target 'RCTTypeSafety' in project 'Pods'
        ➜ Explicit dependency on target 'React-Core' in project 'Pods'
        ➜ Explicit dependency on target 'React-NativeModulesApple' in project 'Pods'
        ➜ Explicit dependency on target 'React-RCTFBReactNativeSpec' in project 'Pods'
        ➜ Explicit dependency on target 'React-debug' in project 'Pods'
        ➜ Explicit dependency on target 'React-featureflags' in project 'Pods'
        ➜ Explicit dependency on target 'React-jsi' in project 'Pods'
        ➜ Explicit dependency on target 'React-jsinspectorcdp' in project 'Pods'
        ➜ Explicit dependency on target 'React-jsinspectornetwork' in project 'Pods'
        ➜ Explicit dependency on target 'ReactCommon' in project 'Pods'
        ➜ Explicit dependency on target 'SocketRocket' in project 'Pods'
        ➜ Explicit dependency on target 'boost' in project 'Pods'
        ➜ Explicit dependency on target 'fast_float' in project 'Pods'
        ➜ Explicit dependency on target 'fmt' in project 'Pods'
        ➜ Explicit dependency on target 'glog' in project 'Pods'
    Target 'React-RCTAnimation' in project 'Pods'
        ➜ Explicit dependency on target 'DoubleConversion' in project 'Pods'
        ➜ Explicit dependency on target 'RCT-Folly' in project 'Pods'
        ➜ Explicit dependency on target 'RCTTypeSafety' in project 'Pods'
        ➜ Explicit dependency on target 'React-Core' in project 'Pods'
        ➜ Explicit dependency on target 'React-NativeModulesApple' in project 'Pods'
        ➜ Explicit dependency on target 'React-RCTFBReactNativeSpec' in project 'Pods'
        ➜ Explicit dependency on target 'React-featureflags' in project 'Pods'
        ➜ Explicit dependency on target 'React-jsi' in project 'Pods'
        ➜ Explicit dependency on target 'ReactCommon' in project 'Pods'
        ➜ Explicit dependency on target 'SocketRocket' in project 'Pods'
        ➜ Explicit dependency on target 'boost' in project 'Pods'
        ➜ Explicit dependency on target 'fast_float' in project 'Pods'
        ➜ Explicit dependency on target 'fmt' in project 'Pods'
        ➜ Explicit dependency on target 'glog' in project 'Pods'
    Target 'React-FabricImage' in project 'Pods'
        ➜ Explicit dependency on target 'DoubleConversion' in project 'Pods'
        ➜ Explicit dependency on target 'RCT-Folly' in project 'Pods'
        ➜ Explicit dependency on target 'RCTRequired' in project 'Pods'
        ➜ Explicit dependency on target 'RCTTypeSafety' in project 'Pods'
        ➜ Explicit dependency on target 'React-Fabric' in project 'Pods'
        ➜ Explicit dependency on target 'React-ImageManager' in project 'Pods'
        ➜ Explicit dependency on target 'React-featureflags' in project 'Pods'
        ➜ Explicit dependency on target 'React-graphics' in project 'Pods'
        ➜ Explicit dependency on target 'React-jsi' in project 'Pods'
        ➜ Explicit dependency on target 'React-jsiexecutor' in project 'Pods'
        ➜ Explicit dependency on target 'React-logger' in project 'Pods'
        ➜ Explicit dependency on target 'React-rendererdebug' in project 'Pods'
        ➜ Explicit dependency on target 'React-utils' in project 'Pods'
        ➜ Explicit dependency on target 'ReactCommon' in project 'Pods'
        ➜ Explicit dependency on target 'SocketRocket' in project 'Pods'
        ➜ Explicit dependency on target 'Yoga' in project 'Pods'
        ➜ Explicit dependency on target 'boost' in project 'Pods'
        ➜ Explicit dependency on target 'fast_float' in project 'Pods'
        ➜ Explicit dependency on target 'fmt' in project 'Pods'
        ➜ Explicit dependency on target 'glog' in project 'Pods'
        ➜ Explicit dependency on target 'hermes-engine' in project 'Pods'
    Target 'React-FabricComponents' in project 'Pods'
        ➜ Explicit dependency on target 'DoubleConversion' in project 'Pods'
        ➜ Explicit dependency on target 'RCT-Folly' in project 'Pods'
        ➜ Explicit dependency on target 'RCTRequired' in project 'Pods'
        ➜ Explicit dependency on target 'RCTTypeSafety' in project 'Pods'
        ➜ Explicit dependency on target 'React-Core' in project 'Pods'
        ➜ Explicit dependency on target 'React-Fabric' in project 'Pods'
        ➜ Explicit dependency on target 'React-RCTFBReactNativeSpec' in project 'Pods'
        ➜ Explicit dependency on target 'React-cxxreact' in project 'Pods'
        ➜ Explicit dependency on target 'React-debug' in project 'Pods'
        ➜ Explicit dependency on target 'React-featureflags' in project 'Pods'
        ➜ Explicit dependency on target 'React-graphics' in project 'Pods'
        ➜ Explicit dependency on target 'React-jsi' in project 'Pods'
        ➜ Explicit dependency on target 'React-jsiexecutor' in project 'Pods'
        ➜ Explicit dependency on target 'React-logger' in project 'Pods'
        ➜ Explicit dependency on target 'React-rendererdebug' in project 'Pods'
        ➜ Explicit dependency on target 'React-runtimescheduler' in project 'Pods'
        ➜ Explicit dependency on target 'React-utils' in project 'Pods'
        ➜ Explicit dependency on target 'ReactCommon' in project 'Pods'
        ➜ Explicit dependency on target 'SocketRocket' in project 'Pods'
        ➜ Explicit dependency on target 'Yoga' in project 'Pods'
        ➜ Explicit dependency on target 'boost' in project 'Pods'
        ➜ Explicit dependency on target 'fast_float' in project 'Pods'
        ➜ Explicit dependency on target 'fmt' in project 'Pods'
        ➜ Explicit dependency on target 'glog' in project 'Pods'
        ➜ Explicit dependency on target 'hermes-engine' in project 'Pods'
    Target 'React-RCTFBReactNativeSpec' in project 'Pods'
        ➜ Explicit dependency on target 'DoubleConversion' in project 'Pods'
        ➜ Explicit dependency on target 'RCT-Folly' in project 'Pods'
        ➜ Explicit dependency on target 'RCTRequired' in project 'Pods'
        ➜ Explicit dependency on target 'RCTTypeSafety' in project 'Pods'
        ➜ Explicit dependency on target 'React-Core' in project 'Pods'
        ➜ Explicit dependency on target 'React-Fabric' in project 'Pods'
        ➜ Explicit dependency on target 'React-NativeModulesApple' in project 'Pods'
        ➜ Explicit dependency on target 'React-debug' in project 'Pods'
        ➜ Explicit dependency on target 'React-featureflags' in project 'Pods'
        ➜ Explicit dependency on target 'React-graphics' in project 'Pods'
        ➜ Explicit dependency on target 'React-jsi' in project 'Pods'
        ➜ Explicit dependency on target 'React-rendererdebug' in project 'Pods'
        ➜ Explicit dependency on target 'React-utils' in project 'Pods'
        ➜ Explicit dependency on target 'ReactCommon' in project 'Pods'
        ➜ Explicit dependency on target 'SocketRocket' in project 'Pods'
        ➜ Explicit dependency on target 'Yoga' in project 'Pods'
        ➜ Explicit dependency on target 'boost' in project 'Pods'
        ➜ Explicit dependency on target 'fast_float' in project 'Pods'
        ➜ Explicit dependency on target 'fmt' in project 'Pods'
        ➜ Explicit dependency on target 'glog' in project 'Pods'
        ➜ Explicit dependency on target 'hermes-engine' in project 'Pods'
    Target 'React-NativeModulesApple' in project 'Pods'
        ➜ Explicit dependency on target 'DoubleConversion' in project 'Pods'
        ➜ Explicit dependency on target 'RCT-Folly' in project 'Pods'
        ➜ Explicit dependency on target 'React-Core' in project 'Pods'
        ➜ Explicit dependency on target 'React-callinvoker' in project 'Pods'
        ➜ Explicit dependency on target 'React-cxxreact' in project 'Pods'
        ➜ Explicit dependency on target 'React-debug' in project 'Pods'
        ➜ Explicit dependency on target 'React-featureflags' in project 'Pods'
        ➜ Explicit dependency on target 'React-jsi' in project 'Pods'
        ➜ Explicit dependency on target 'React-jsinspector' in project 'Pods'
        ➜ Explicit dependency on target 'React-jsinspectorcdp' in project 'Pods'
        ➜ Explicit dependency on target 'React-runtimeexecutor' in project 'Pods'
        ➜ Explicit dependency on target 'ReactCommon' in project 'Pods'
        ➜ Explicit dependency on target 'SocketRocket' in project 'Pods'
        ➜ Explicit dependency on target 'boost' in project 'Pods'
        ➜ Explicit dependency on target 'fast_float' in project 'Pods'
        ➜ Explicit dependency on target 'fmt' in project 'Pods'
        ➜ Explicit dependency on target 'glog' in project 'Pods'
        ➜ Explicit dependency on target 'hermes-engine' in project 'Pods'
    Target 'React-ImageManager' in project 'Pods'
        ➜ Explicit dependency on target 'DoubleConversion' in project 'Pods'
        ➜ Explicit dependency on target 'RCT-Folly' in project 'Pods'
        ➜ Explicit dependency on target 'React-Core' in project 'Pods'
        ➜ Explicit dependency on target 'React-Fabric' in project 'Pods'
        ➜ Explicit dependency on target 'React-debug' in project 'Pods'
        ➜ Explicit dependency on target 'React-graphics' in project 'Pods'
        ➜ Explicit dependency on target 'React-rendererdebug' in project 'Pods'
        ➜ Explicit dependency on target 'React-utils' in project 'Pods'
        ➜ Explicit dependency on target 'SocketRocket' in project 'Pods'
        ➜ Explicit dependency on target 'boost' in project 'Pods'
        ➜ Explicit dependency on target 'fast_float' in project 'Pods'
        ➜ Explicit dependency on target 'fmt' in project 'Pods'
        ➜ Explicit dependency on target 'glog' in project 'Pods'
    Target 'React-Fabric' in project 'Pods'
        ➜ Explicit dependency on target 'DoubleConversion' in project 'Pods'
        ➜ Explicit dependency on target 'RCT-Folly' in project 'Pods'
        ➜ Explicit dependency on target 'RCTRequired' in project 'Pods'
        ➜ Explicit dependency on target 'RCTTypeSafety' in project 'Pods'
        ➜ Explicit dependency on target 'React-Core' in project 'Pods'
        ➜ Explicit dependency on target 'React-cxxreact' in project 'Pods'
        ➜ Explicit dependency on target 'React-debug' in project 'Pods'
        ➜ Explicit dependency on target 'React-featureflags' in project 'Pods'
        ➜ Explicit dependency on target 'React-graphics' in project 'Pods'
        ➜ Explicit dependency on target 'React-jsi' in project 'Pods'
        ➜ Explicit dependency on target 'React-jsiexecutor' in project 'Pods'
        ➜ Explicit dependency on target 'React-logger' in project 'Pods'
        ➜ Explicit dependency on target 'React-performancecdpmetrics' in project 'Pods'
        ➜ Explicit dependency on target 'React-performancetimeline' in project 'Pods'
        ➜ Explicit dependency on target 'React-rendererconsistency' in project 'Pods'
        ➜ Explicit dependency on target 'React-renderercss' in project 'Pods'
        ➜ Explicit dependency on target 'React-rendererdebug' in project 'Pods'
        ➜ Explicit dependency on target 'React-runtimeexecutor' in project 'Pods'
        ➜ Explicit dependency on target 'React-runtimescheduler' in project 'Pods'
        ➜ Explicit dependency on target 'React-utils' in project 'Pods'
        ➜ Explicit dependency on target 'ReactCommon' in project 'Pods'
        ➜ Explicit dependency on target 'SocketRocket' in project 'Pods'
        ➜ Explicit dependency on target 'Yoga' in project 'Pods'
        ➜ Explicit dependency on target 'boost' in project 'Pods'
        ➜ Explicit dependency on target 'fast_float' in project 'Pods'
        ➜ Explicit dependency on target 'fmt' in project 'Pods'
        ➜ Explicit dependency on target 'glog' in project 'Pods'
        ➜ Explicit dependency on target 'hermes-engine' in project 'Pods'
    Target 'ReactCommon' in project 'Pods'
        ➜ Explicit dependency on target 'DoubleConversion' in project 'Pods'
        ➜ Explicit dependency on target 'RCT-Folly' in project 'Pods'
        ➜ Explicit dependency on target 'React-callinvoker' in project 'Pods'
        ➜ Explicit dependency on target 'React-cxxreact' in project 'Pods'
        ➜ Explicit dependency on target 'React-debug' in project 'Pods'
        ➜ Explicit dependency on target 'React-featureflags' in project 'Pods'
        ➜ Explicit dependency on target 'React-jsi' in project 'Pods'
        ➜ Explicit dependency on target 'React-logger' in project 'Pods'
        ➜ Explicit dependency on target 'React-perflogger' in project 'Pods'
        ➜ Explicit dependency on target 'React-utils' in project 'Pods'
        ➜ Explicit dependency on target 'SocketRocket' in project 'Pods'
        ➜ Explicit dependency on target 'boost' in project 'Pods'
        ➜ Explicit dependency on target 'fast_float' in project 'Pods'
        ➜ Explicit dependency on target 'fmt' in project 'Pods'
        ➜ Explicit dependency on target 'glog' in project 'Pods'
        ➜ Explicit dependency on target 'hermes-engine' in project 'Pods'
    Target 'React-renderercss' in project 'Pods'
        ➜ Explicit dependency on target 'React-debug' in project 'Pods'
        ➜ Explicit dependency on target 'React-utils' in project 'Pods'
    Target 'React-performancecdpmetrics' in project 'Pods'
        ➜ Explicit dependency on target 'DoubleConversion' in project 'Pods'
        ➜ Explicit dependency on target 'RCT-Folly' in project 'Pods'
        ➜ Explicit dependency on target 'React-jsi' in project 'Pods'
        ➜ Explicit dependency on target 'React-performancetimeline' in project 'Pods'
        ➜ Explicit dependency on target 'React-runtimeexecutor' in project 'Pods'
        ➜ Explicit dependency on target 'React-timing' in project 'Pods'
        ➜ Explicit dependency on target 'SocketRocket' in project 'Pods'
        ➜ Explicit dependency on target 'boost' in project 'Pods'
        ➜ Explicit dependency on target 'fast_float' in project 'Pods'
        ➜ Explicit dependency on target 'fmt' in project 'Pods'
        ➜ Explicit dependency on target 'glog' in project 'Pods'
        ➜ Explicit dependency on target 'hermes-engine' in project 'Pods'
    Target 'React-graphics' in project 'Pods'
        ➜ Explicit dependency on target 'DoubleConversion' in project 'Pods'
        ➜ Explicit dependency on target 'RCT-Folly' in project 'Pods'
        ➜ Explicit dependency on target 'React-jsi' in project 'Pods'
        ➜ Explicit dependency on target 'React-jsiexecutor' in project 'Pods'
        ➜ Explicit dependency on target 'React-utils' in project 'Pods'
        ➜ Explicit dependency on target 'SocketRocket' in project 'Pods'
        ➜ Explicit dependency on target 'boost' in project 'Pods'
        ➜ Explicit dependency on target 'fast_float' in project 'Pods'
        ➜ Explicit dependency on target 'fmt' in project 'Pods'
        ➜ Explicit dependency on target 'glog' in project 'Pods'
        ➜ Explicit dependency on target 'hermes-engine' in project 'Pods'
    Target 'RCTTypeSafety' in project 'Pods'
        ➜ Explicit dependency on target 'FBLazyVector' in project 'Pods'
        ➜ Explicit dependency on target 'RCTRequired' in project 'Pods'
        ➜ Explicit dependency on target 'React-Core' in project 'Pods'
    Target 'React-Core' in project 'Pods'
        ➜ Explicit dependency on target 'DoubleConversion' in project 'Pods'
        ➜ Explicit dependency on target 'RCT-Folly' in project 'Pods'
        ➜ Explicit dependency on target 'RCTDeprecation' in project 'Pods'
        ➜ Explicit dependency on target 'React-Core-React-Core_privacy' in project 'Pods'
        ➜ Explicit dependency on target 'React-cxxreact' in project 'Pods'
        ➜ Explicit dependency on target 'React-featureflags' in project 'Pods'
        ➜ Explicit dependency on target 'React-hermes' in project 'Pods'
        ➜ Explicit dependency on target 'React-jsi' in project 'Pods'
        ➜ Explicit dependency on target 'React-jsiexecutor' in project 'Pods'
        ➜ Explicit dependency on target 'React-jsinspector' in project 'Pods'
        ➜ Explicit dependency on target 'React-jsinspectorcdp' in project 'Pods'
        ➜ Explicit dependency on target 'React-jsitooling' in project 'Pods'
        ➜ Explicit dependency on target 'React-perflogger' in project 'Pods'
        ➜ Explicit dependency on target 'React-runtimeexecutor' in project 'Pods'
        ➜ Explicit dependency on target 'React-runtimescheduler' in project 'Pods'
        ➜ Explicit dependency on target 'React-utils' in project 'Pods'
        ➜ Explicit dependency on target 'SocketRocket' in project 'Pods'
        ➜ Explicit dependency on target 'Yoga' in project 'Pods'
        ➜ Explicit dependency on target 'boost' in project 'Pods'
        ➜ Explicit dependency on target 'fast_float' in project 'Pods'
        ➜ Explicit dependency on target 'fmt' in project 'Pods'
        ➜ Explicit dependency on target 'glog' in project 'Pods'
        ➜ Explicit dependency on target 'hermes-engine' in project 'Pods'
    Target 'Yoga' in project 'Pods' (no dependencies)
    Target 'React-runtimescheduler' in project 'Pods'
        ➜ Explicit dependency on target 'DoubleConversion' in project 'Pods'
        ➜ Explicit dependency on target 'RCT-Folly' in project 'Pods'
        ➜ Explicit dependency on target 'React-callinvoker' in project 'Pods'
        ➜ Explicit dependency on target 'React-cxxreact' in project 'Pods'
        ➜ Explicit dependency on target 'React-debug' in project 'Pods'
        ➜ Explicit dependency on target 'React-featureflags' in project 'Pods'
        ➜ Explicit dependency on target 'React-jsi' in project 'Pods'
        ➜ Explicit dependency on target 'React-jsinspectortracing' in project 'Pods'
        ➜ Explicit dependency on target 'React-performancetimeline' in project 'Pods'
        ➜ Explicit dependency on target 'React-rendererconsistency' in project 'Pods'
        ➜ Explicit dependency on target 'React-rendererdebug' in project 'Pods'
        ➜ Explicit dependency on target 'React-runtimeexecutor' in project 'Pods'
        ➜ Explicit dependency on target 'React-timing' in project 'Pods'
        ➜ Explicit dependency on target 'React-utils' in project 'Pods'
        ➜ Explicit dependency on target 'SocketRocket' in project 'Pods'
        ➜ Explicit dependency on target 'boost' in project 'Pods'
        ➜ Explicit dependency on target 'fast_float' in project 'Pods'
        ➜ Explicit dependency on target 'fmt' in project 'Pods'
        ➜ Explicit dependency on target 'glog' in project 'Pods'
        ➜ Explicit dependency on target 'hermes-engine' in project 'Pods'
    Target 'React-rendererdebug' in project 'Pods'
        ➜ Explicit dependency on target 'DoubleConversion' in project 'Pods'
        ➜ Explicit dependency on target 'RCT-Folly' in project 'Pods'
        ➜ Explicit dependency on target 'React-debug' in project 'Pods'
        ➜ Explicit dependency on target 'SocketRocket' in project 'Pods'
        ➜ Explicit dependency on target 'boost' in project 'Pods'
        ➜ Explicit dependency on target 'fast_float' in project 'Pods'
        ➜ Explicit dependency on target 'fmt' in project 'Pods'
        ➜ Explicit dependency on target 'glog' in project 'Pods'
    Target 'React-rendererconsistency' in project 'Pods' (no dependencies)
    Target 'React-jsitooling' in project 'Pods'
        ➜ Explicit dependency on target 'DoubleConversion' in project 'Pods'
        ➜ Explicit dependency on target 'RCT-Folly' in project 'Pods'
        ➜ Explicit dependency on target 'React-cxxreact' in project 'Pods'
        ➜ Explicit dependency on target 'React-debug' in project 'Pods'
        ➜ Explicit dependency on target 'React-jsi' in project 'Pods'
        ➜ Explicit dependency on target 'React-jsinspector' in project 'Pods'
        ➜ Explicit dependency on target 'React-jsinspectorcdp' in project 'Pods'
        ➜ Explicit dependency on target 'React-jsinspectortracing' in project 'Pods'
        ➜ Explicit dependency on target 'React-runtimeexecutor' in project 'Pods'
        ➜ Explicit dependency on target 'SocketRocket' in project 'Pods'
        ➜ Explicit dependency on target 'boost' in project 'Pods'
        ➜ Explicit dependency on target 'fast_float' in project 'Pods'
        ➜ Explicit dependency on target 'fmt' in project 'Pods'
        ➜ Explicit dependency on target 'glog' in project 'Pods'
    Target 'React-hermes' in project 'Pods'
        ➜ Explicit dependency on target 'DoubleConversion' in project 'Pods'
        ➜ Explicit dependency on target 'RCT-Folly' in project 'Pods'
        ➜ Explicit dependency on target 'React-cxxreact' in project 'Pods'
        ➜ Explicit dependency on target 'React-jsi' in project 'Pods'
        ➜ Explicit dependency on target 'React-jsiexecutor' in project 'Pods'
        ➜ Explicit dependency on target 'React-jsinspector' in project 'Pods'
        ➜ Explicit dependency on target 'React-jsinspectorcdp' in project 'Pods'
        ➜ Explicit dependency on target 'React-jsinspectortracing' in project 'Pods'
        ➜ Explicit dependency on target 'React-oscompat' in project 'Pods'
        ➜ Explicit dependency on target 'React-perflogger' in project 'Pods'
        ➜ Explicit dependency on target 'React-runtimeexecutor' in project 'Pods'
        ➜ Explicit dependency on target 'SocketRocket' in project 'Pods'
        ➜ Explicit dependency on target 'boost' in project 'Pods'
        ➜ Explicit dependency on target 'fast_float' in project 'Pods'
        ➜ Explicit dependency on target 'fmt' in project 'Pods'
        ➜ Explicit dependency on target 'glog' in project 'Pods'
        ➜ Explicit dependency on target 'hermes-engine' in project 'Pods'
    Target 'React-jsiexecutor' in project 'Pods'
        ➜ Explicit dependency on target 'DoubleConversion' in project 'Pods'
        ➜ Explicit dependency on target 'RCT-Folly' in project 'Pods'
        ➜ Explicit dependency on target 'React-cxxreact' in project 'Pods'
        ➜ Explicit dependency on target 'React-debug' in project 'Pods'
        ➜ Explicit dependency on target 'React-jsi' in project 'Pods'
        ➜ Explicit dependency on target 'React-jsinspector' in project 'Pods'
        ➜ Explicit dependency on target 'React-jsinspectorcdp' in project 'Pods'
        ➜ Explicit dependency on target 'React-jsinspectortracing' in project 'Pods'
        ➜ Explicit dependency on target 'React-perflogger' in project 'Pods'
        ➜ Explicit dependency on target 'React-runtimeexecutor' in project 'Pods'
        ➜ Explicit dependency on target 'SocketRocket' in project 'Pods'
        ➜ Explicit dependency on target 'boost' in project 'Pods'
        ➜ Explicit dependency on target 'fast_float' in project 'Pods'
        ➜ Explicit dependency on target 'fmt' in project 'Pods'
        ➜ Explicit dependency on target 'glog' in project 'Pods'
        ➜ Explicit dependency on target 'hermes-engine' in project 'Pods'
    Target 'React-cxxreact' in project 'Pods'
        ➜ Explicit dependency on target 'DoubleConversion' in project 'Pods'
        ➜ Explicit dependency on target 'RCT-Folly' in project 'Pods'
        ➜ Explicit dependency on target 'React-callinvoker' in project 'Pods'
        ➜ Explicit dependency on target 'React-cxxreact-React-cxxreact_privacy' in project 'Pods'
        ➜ Explicit dependency on target 'React-debug' in project 'Pods'
        ➜ Explicit dependency on target 'React-jsi' in project 'Pods'
        ➜ Explicit dependency on target 'React-jsinspector' in project 'Pods'
        ➜ Explicit dependency on target 'React-jsinspectorcdp' in project 'Pods'
        ➜ Explicit dependency on target 'React-jsinspectortracing' in project 'Pods'
        ➜ Explicit dependency on target 'React-logger' in project 'Pods'
        ➜ Explicit dependency on target 'React-perflogger' in project 'Pods'
        ➜ Explicit dependency on target 'React-runtimeexecutor' in project 'Pods'
        ➜ Explicit dependency on target 'React-timing' in project 'Pods'
        ➜ Explicit dependency on target 'SocketRocket' in project 'Pods'
        ➜ Explicit dependency on target 'boost' in project 'Pods'
        ➜ Explicit dependency on target 'fast_float' in project 'Pods'
        ➜ Explicit dependency on target 'fmt' in project 'Pods'
        ➜ Explicit dependency on target 'glog' in project 'Pods'
        ➜ Explicit dependency on target 'hermes-engine' in project 'Pods'
    Target 'React-logger' in project 'Pods'
        ➜ Explicit dependency on target 'DoubleConversion' in project 'Pods'
        ➜ Explicit dependency on target 'RCT-Folly' in project 'Pods'
        ➜ Explicit dependency on target 'SocketRocket' in project 'Pods'
        ➜ Explicit dependency on target 'boost' in project 'Pods'
        ➜ Explicit dependency on target 'fast_float' in project 'Pods'
        ➜ Explicit dependency on target 'fmt' in project 'Pods'
        ➜ Explicit dependency on target 'glog' in project 'Pods'
    Target 'React-jsinspector' in project 'Pods'
        ➜ Explicit dependency on target 'DoubleConversion' in project 'Pods'
        ➜ Explicit dependency on target 'RCT-Folly' in project 'Pods'
        ➜ Explicit dependency on target 'React-featureflags' in project 'Pods'
        ➜ Explicit dependency on target 'React-jsi' in project 'Pods'
        ➜ Explicit dependency on target 'React-jsinspectorcdp' in project 'Pods'
        ➜ Explicit dependency on target 'React-jsinspectornetwork' in project 'Pods'
        ➜ Explicit dependency on target 'React-jsinspectortracing' in project 'Pods'
        ➜ Explicit dependency on target 'React-oscompat' in project 'Pods'
        ➜ Explicit dependency on target 'React-perflogger' in project 'Pods'
        ➜ Explicit dependency on target 'React-runtimeexecutor' in project 'Pods'
        ➜ Explicit dependency on target 'SocketRocket' in project 'Pods'
        ➜ Explicit dependency on target 'boost' in project 'Pods'
        ➜ Explicit dependency on target 'fast_float' in project 'Pods'
        ➜ Explicit dependency on target 'fmt' in project 'Pods'
        ➜ Explicit dependency on target 'glog' in project 'Pods'
        ➜ Explicit dependency on target 'hermes-engine' in project 'Pods'
    Target 'React-runtimeexecutor' in project 'Pods'
        ➜ Explicit dependency on target 'DoubleConversion' in project 'Pods'
        ➜ Explicit dependency on target 'RCT-Folly' in project 'Pods'
        ➜ Explicit dependency on target 'React-debug' in project 'Pods'
        ➜ Explicit dependency on target 'React-featureflags' in project 'Pods'
        ➜ Explicit dependency on target 'React-jsi' in project 'Pods'
        ➜ Explicit dependency on target 'React-utils' in project 'Pods'
        ➜ Explicit dependency on target 'SocketRocket' in project 'Pods'
        ➜ Explicit dependency on target 'boost' in project 'Pods'
        ➜ Explicit dependency on target 'fast_float' in project 'Pods'
        ➜ Explicit dependency on target 'fmt' in project 'Pods'
        ➜ Explicit dependency on target 'glog' in project 'Pods'
    Target 'React-utils' in project 'Pods'
        ➜ Explicit dependency on target 'DoubleConversion' in project 'Pods'
        ➜ Explicit dependency on target 'RCT-Folly' in project 'Pods'
        ➜ Explicit dependency on target 'React-debug' in project 'Pods'
        ➜ Explicit dependency on target 'React-jsi' in project 'Pods'
        ➜ Explicit dependency on target 'SocketRocket' in project 'Pods'
        ➜ Explicit dependency on target 'boost' in project 'Pods'
        ➜ Explicit dependency on target 'fast_float' in project 'Pods'
        ➜ Explicit dependency on target 'fmt' in project 'Pods'
        ➜ Explicit dependency on target 'glog' in project 'Pods'
        ➜ Explicit dependency on target 'hermes-engine' in project 'Pods'
    Target 'React-jsinspectornetwork' in project 'Pods'
        ➜ Explicit dependency on target 'DoubleConversion' in project 'Pods'
        ➜ Explicit dependency on target 'RCT-Folly' in project 'Pods'
        ➜ Explicit dependency on target 'React-featureflags' in project 'Pods'
        ➜ Explicit dependency on target 'React-jsinspectorcdp' in project 'Pods'
        ➜ Explicit dependency on target 'React-performancetimeline' in project 'Pods'
        ➜ Explicit dependency on target 'React-timing' in project 'Pods'
        ➜ Explicit dependency on target 'SocketRocket' in project 'Pods'
        ➜ Explicit dependency on target 'boost' in project 'Pods'
        ➜ Explicit dependency on target 'fast_float' in project 'Pods'
        ➜ Explicit dependency on target 'fmt' in project 'Pods'
        ➜ Explicit dependency on target 'glog' in project 'Pods'
    Target 'React-performancetimeline' in project 'Pods'
        ➜ Explicit dependency on target 'DoubleConversion' in project 'Pods'
        ➜ Explicit dependency on target 'RCT-Folly' in project 'Pods'
        ➜ Explicit dependency on target 'React-featureflags' in project 'Pods'
        ➜ Explicit dependency on target 'React-jsinspectortracing' in project 'Pods'
        ➜ Explicit dependency on target 'React-perflogger' in project 'Pods'
        ➜ Explicit dependency on target 'React-timing' in project 'Pods'
        ➜ Explicit dependency on target 'SocketRocket' in project 'Pods'
        ➜ Explicit dependency on target 'boost' in project 'Pods'
        ➜ Explicit dependency on target 'fast_float' in project 'Pods'
        ➜ Explicit dependency on target 'fmt' in project 'Pods'
        ➜ Explicit dependency on target 'glog' in project 'Pods'
    Target 'React-perflogger' in project 'Pods'
        ➜ Explicit dependency on target 'DoubleConversion' in project 'Pods'
        ➜ Explicit dependency on target 'RCT-Folly' in project 'Pods'
        ➜ Explicit dependency on target 'SocketRocket' in project 'Pods'
        ➜ Explicit dependency on target 'boost' in project 'Pods'
        ➜ Explicit dependency on target 'fast_float' in project 'Pods'
        ➜ Explicit dependency on target 'fmt' in project 'Pods'
        ➜ Explicit dependency on target 'glog' in project 'Pods'
    Target 'React-jsinspectortracing' in project 'Pods'
        ➜ Explicit dependency on target 'DoubleConversion' in project 'Pods'
        ➜ Explicit dependency on target 'RCT-Folly' in project 'Pods'
        ➜ Explicit dependency on target 'React-oscompat' in project 'Pods'
        ➜ Explicit dependency on target 'React-timing' in project 'Pods'
        ➜ Explicit dependency on target 'SocketRocket' in project 'Pods'
        ➜ Explicit dependency on target 'boost' in project 'Pods'
        ➜ Explicit dependency on target 'fast_float' in project 'Pods'
        ➜ Explicit dependency on target 'fmt' in project 'Pods'
        ➜ Explicit dependency on target 'glog' in project 'Pods'
    Target 'React-timing' in project 'Pods'
        ➜ Explicit dependency on target 'React-debug' in project 'Pods'
    Target 'React-oscompat' in project 'Pods' (no dependencies)
    Target 'React-jsinspectorcdp' in project 'Pods'
        ➜ Explicit dependency on target 'DoubleConversion' in project 'Pods'
        ➜ Explicit dependency on target 'RCT-Folly' in project 'Pods'
        ➜ Explicit dependency on target 'SocketRocket' in project 'Pods'
        ➜ Explicit dependency on target 'boost' in project 'Pods'
        ➜ Explicit dependency on target 'fast_float' in project 'Pods'
        ➜ Explicit dependency on target 'fmt' in project 'Pods'
        ➜ Explicit dependency on target 'glog' in project 'Pods'
    Target 'React-featureflags' in project 'Pods'
        ➜ Explicit dependency on target 'DoubleConversion' in project 'Pods'
        ➜ Explicit dependency on target 'RCT-Folly' in project 'Pods'
        ➜ Explicit dependency on target 'SocketRocket' in project 'Pods'
        ➜ Explicit dependency on target 'boost' in project 'Pods'
        ➜ Explicit dependency on target 'fast_float' in project 'Pods'
        ➜ Explicit dependency on target 'fmt' in project 'Pods'
        ➜ Explicit dependency on target 'glog' in project 'Pods'
    Target 'React-jsi' in project 'Pods'
        ➜ Explicit dependency on target 'DoubleConversion' in project 'Pods'
        ➜ Explicit dependency on target 'RCT-Folly' in project 'Pods'
        ➜ Explicit dependency on target 'SocketRocket' in project 'Pods'
        ➜ Explicit dependency on target 'boost' in project 'Pods'
        ➜ Explicit dependency on target 'fast_float' in project 'Pods'
        ➜ Explicit dependency on target 'fmt' in project 'Pods'
        ➜ Explicit dependency on target 'glog' in project 'Pods'
        ➜ Explicit dependency on target 'hermes-engine' in project 'Pods'
    Target 'hermes-engine' in project 'Pods' (no dependencies)
    Target 'SocketRocket' in project 'Pods' (no dependencies)
    Target 'React-debug' in project 'Pods' (no dependencies)
    Target 'React-cxxreact-React-cxxreact_privacy' in project 'Pods' (no dependencies)
    Target 'React-callinvoker' in project 'Pods' (no dependencies)
    Target 'React-Core-React-Core_privacy' in project 'Pods' (no dependencies)
    Target 'RCTDeprecation' in project 'Pods' (no dependencies)
    Target 'RCTRequired' in project 'Pods' (no dependencies)
    Target 'RCT-Folly' in project 'Pods'
        ➜ Explicit dependency on target 'DoubleConversion' in project 'Pods'
        ➜ Explicit dependency on target 'RCT-Folly-RCT-Folly_privacy' in project 'Pods'
        ➜ Explicit dependency on target 'boost' in project 'Pods'
        ➜ Explicit dependency on target 'fast_float' in project 'Pods'
        ➜ Explicit dependency on target 'fmt' in project 'Pods'
        ➜ Explicit dependency on target 'glog' in project 'Pods'
    Target 'glog' in project 'Pods'
        ➜ Explicit dependency on target 'glog-glog_privacy' in project 'Pods'
    Target 'glog-glog_privacy' in project 'Pods' (no dependencies)
    Target 'fmt' in project 'Pods' (no dependencies)
    Target 'fast_float' in project 'Pods' (no dependencies)
    Target 'boost' in project 'Pods'
        ➜ Explicit dependency on target 'boost-boost_privacy' in project 'Pods'
    Target 'boost-boost_privacy' in project 'Pods' (no dependencies)
    Target 'RCT-Folly-RCT-Folly_privacy' in project 'Pods' (no dependencies)
    Target 'MMKV' in project 'Pods'
        ➜ Explicit dependency on target 'MMKVCore' in project 'Pods'
    Target 'MMKVCore' in project 'Pods' (no dependencies)
    Target 'JWTDecode' in project 'Pods' (no dependencies)
    Target 'GZIP' in project 'Pods' (no dependencies)
    Target 'FBLazyVector' in project 'Pods' (no dependencies)
    Target 'DoubleConversion' in project 'Pods' (no dependencies)
    Target 'Base64' in project 'Pods' (no dependencies)
    Target 'BEMCheckBox' in project 'Pods' (no dependencies)

GatherProvisioningInputs

CreateBuildDescription

ClangStatCache /Applications/Xcode.app/Contents/Developer/Toolchains/XcodeDefault.xctoolchain/usr/bin/clang-stat-cache /Applications/Xcode.app/Contents/Developer/Platforms/MacOSX.platform/Developer/SDKs/MacOSX27.0.sdk /Users/ozel0t/Notesnook/notesnook/apps/mobile/ios/build/Catalyst/SDKStatCaches.noindex/macosx27.0-26A425-7231f6df4def33e022ae2eb8f782df1a.sdkstatcache
    cd /Users/ozel0t/Notesnook/notesnook/apps/mobile/ios
    /Applications/Xcode.app/Contents/Developer/Toolchains/XcodeDefault.xctoolchain/usr/bin/clang-stat-cache /Applications/Xcode.app/Contents/Developer/Platforms/MacOSX.platform/Developer/SDKs/MacOSX27.0.sdk -o /Users/ozel0t/Notesnook/notesnook/apps/mobile/ios/build/Catalyst/SDKStatCaches.noindex/macosx27.0-26A425-7231f6df4def33e022ae2eb8f782df1a.sdkstatcache

warning: Run script build phase '[CP-User] [Hermes] Replace Hermes for the right configuration, if needed' will be run during every build because it does not specify any outputs. To address this issue, either add output dependencies to the script phase, or configure it to run in every build by unchecking "Based on dependency analysis" in the script phase. (in target 'hermes-engine' from project 'Pods')
PhaseScriptExecution [CP-User]\ [Hermes]\ Replace\ Hermes\ for\ the\ right\ configuration,\ if\ needed /Users/ozel0t/Notesnook/notesnook/apps/mobile/ios/build/Catalyst/Build/Intermediates.noindex/Pods.build/Release-maccatalyst/hermes-engine.build/Script-46EB2E00034310.sh (in target 'hermes-engine' from project 'Pods')
    cd /Users/ozel0t/Notesnook/notesnook/apps/mobile/ios/Pods
    export ACTION\=build
    export AD_HOC_CODE_SIGNING_ALLOWED\=YES
    export ALLOW_BUILD_REQUEST_OVERRIDES\=NO
    export ALLOW_TARGET_PLATFORM_SPECIALIZATION\=NO
    export ALTERNATE_GROUP\=staff
    export ALTERNATE_MODE\=u+w,go-w,a+rX
    export ALTERNATE_OWNER\=ozel0t
    export ALTERNATIVE_DISTRIBUTION_WEB\=NO
    export ALWAYS_EMBED_SWIFT_STANDARD_LIBRARIES\=NO
    export ALWAYS_SEARCH_USER_PATHS\=NO
    export ALWAYS_USE_SEPARATE_HEADERMAPS\=NO
    export APPLICATION_EXTENSION_API_ONLY\=NO
    export APPLY_RULES_IN_COPY_FILES\=NO
    export APPLY_RULES_IN_COPY_HEADERS\=NO
    export APP_SHORTCUTS_ENABLE_FLEXIBLE_MATCHING\=YES
    export ARCHS\=arm64
    export ARCHS_BASE\=arm64
    export ARCHS_STANDARD\=arm64\ x86_64
    export ARCHS_STANDARD_32_64_BIT\=arm64\ x86_64\ i386
    export ARCHS_STANDARD_32_BIT\=i386
    export ARCHS_STANDARD_64_BIT\=arm64\ x86_64
    export ARCHS_STANDARD_INCLUDING_64_BIT\=arm64\ x86_64
    export ARCH_COHORT_arm64e\=arm64e\ arm64e.x1
    export ASSETCATALOG_COMPILER_APPICON_NAME\=AppIcon
    export ASSETCATALOG_COMPILER_GLOBAL_ACCENT_COLOR_NAME\=AccentColor
    export AUTOMATICALLY_MERGE_DEPENDENCIES\=NO
    export AUTOMATION_APPLE_EVENTS\=NO
    export AVAILABLE_PLATFORMS\=android\ appletvos\ appletvsimulator\ driverkit\ freebsd\ iphoneos\ iphonesimulator\ linux\ macosx\ none\ openbsd\ qnx\ staticlinux\ watchos\ watchsimulator\ webassembly\ xros\ xrsimulator
    export BUILD_ACTIVE_RESOURCES_ONLY\=NO
    export BUILD_COMPONENTS\=headers\ build
    export BUILD_DIR\=/Users/ozel0t/Notesnook/notesnook/apps/mobile/ios/build/Catalyst/Build/Products
    export BUILD_LIBRARY_FOR_DISTRIBUTION\=NO
    export BUILD_ONLY_KNOWN_LOCALIZATIONS\=NO
    export BUILD_ROOT\=/Users/ozel0t/Notesnook/notesnook/apps/mobile/ios/build/Catalyst/Build/Products
    export BUILD_STYLE\=
    export BUILD_VARIANTS\=normal
    export BUILT_PRODUCTS_DIR\=/Users/ozel0t/Notesnook/notesnook/apps/mobile/ios/build/Catalyst/Build/Products/Release-maccatalyst/hermes-engine
    export BUNDLE_CONTENTS_FOLDER_PATH\=Contents/
    export BUNDLE_CONTENTS_FOLDER_PATH_deep\=Contents/
    export BUNDLE_EXECUTABLE_FOLDER_NAME_deep\=MacOS
    export BUNDLE_EXECUTABLE_FOLDER_PATH\=Contents/MacOS
    export BUNDLE_EXTENSIONS_FOLDER_PATH\=Contents/Extensions
    export BUNDLE_FORMAT\=deep
    export BUNDLE_FRAMEWORKS_FOLDER_PATH\=Contents/Frameworks
    export BUNDLE_PLUGINS_FOLDER_PATH\=Contents/PlugIns
    export BUNDLE_PRIVATE_HEADERS_FOLDER_PATH\=Contents/PrivateHeaders
    export BUNDLE_PUBLIC_HEADERS_FOLDER_PATH\=Contents/Headers
    export CACHE_ROOT\=/var/folders/86/45djkvrd2xs_ccbq4w22y12c0000gn/C/com.apple.DeveloperTools/27.0-27A266a/Xcode
    export CCHROOT\=/var/folders/86/45djkvrd2xs_ccbq4w22y12c0000gn/C/com.apple.DeveloperTools/27.0-27A266a/Xcode
    export CHMOD\=/bin/chmod
    export CHOWN\=chown
    export CLANG_ANALYZER_LOCALIZABILITY_NONLOCALIZED\=YES
    export CLANG_ANALYZER_NONNULL\=YES
    export CLANG_ANALYZER_NUMBER_OBJECT_CONVERSION\=YES_AGGRESSIVE
    export CLANG_CACHE_FINE_GRAINED_OUTPUTS\=YES
    export CLANG_CXX_LANGUAGE_STANDARD\=c++20
    export CLANG_CXX_LIBRARY\=compiler-default
    export CLANG_ENABLE_EXPLICIT_MODULES\=YES
    export CLANG_ENABLE_MODULES\=YES
    export CLANG_ENABLE_OBJC_ARC\=YES
    export CLANG_ENABLE_OBJC_WEAK\=NO
    export CLANG_MODULES_BUILD_SESSION_FILE\=/Users/ozel0t/Notesnook/notesnook/apps/mobile/ios/build/Catalyst/ModuleCache.noindex/Session.modulevalidation
    export CLANG_WARN_BLOCK_CAPTURE_AUTORELEASING\=YES
    export CLANG_WARN_BOOL_CONVERSION\=YES
    export CLANG_WARN_COMMA\=YES
    export CLANG_WARN_CONSTANT_CONVERSION\=YES
    export CLANG_WARN_DEPRECATED_OBJC_IMPLEMENTATIONS\=YES
    export CLANG_WARN_DIRECT_OBJC_ISA_USAGE\=YES_ERROR
    export CLANG_WARN_DOCUMENTATION_COMMENTS\=YES
    export CLANG_WARN_EMPTY_BODY\=YES
    export CLANG_WARN_ENUM_CONVERSION\=YES
    export CLANG_WARN_INFINITE_RECURSION\=YES
    export CLANG_WARN_INT_CONVERSION\=YES
    export CLANG_WARN_NON_LITERAL_NULL_CONVERSION\=YES
    export CLANG_WARN_OBJC_IMPLICIT_RETAIN_SELF\=YES
    export CLANG_WARN_OBJC_LITERAL_CONVERSION\=YES
    export CLANG_WARN_OBJC_ROOT_CLASS\=YES_ERROR
    export CLANG_WARN_QUOTED_INCLUDE_IN_FRAMEWORK_HEADER\=NO
    export CLANG_WARN_RANGE_LOOP_ANALYSIS\=YES
    export CLANG_WARN_STRICT_PROTOTYPES\=YES
    export CLANG_WARN_SUSPICIOUS_MOVE\=YES
    export CLANG_WARN_UNGUARDED_AVAILABILITY\=YES_AGGRESSIVE
    export CLANG_WARN_UNREACHABLE_CODE\=YES
    export CLANG_WARN__DUPLICATE_METHOD_MATCH\=YES
    export CLASS_FILE_DIR\=/Users/ozel0t/Notesnook/notesnook/apps/mobile/ios/build/Catalyst/Build/Intermediates.noindex/Pods.build/Release-maccatalyst/hermes-engine.build/JavaClasses
    export CLEAN_PRECOMPS\=YES
    export CLONE_HEADERS\=NO
    export CODESIGNING_FOLDER_PATH\=/Users/ozel0t/Notesnook/notesnook/apps/mobile/ios/build/Catalyst/Build/Products/Release-maccatalyst/hermes-engine/
    export CODE_SIGNING_ALLOWED\=NO
    export CODE_SIGNING_REQUIRED\=YES
    export CODE_SIGN_IDENTITY\=Apple\ Development
    export CODE_SIGN_INJECT_BASE_ENTITLEMENTS\=YES
    export COLOR_DIAGNOSTICS\=NO
    export COMBINE_HIDPI_IMAGES\=NO
    export COMPILATION_CACHE_CAS_PATH\=/Users/ozel0t/Notesnook/notesnook/apps/mobile/ios/build/Catalyst/CompilationCache.noindex
    export COMPILATION_CACHE_KEEP_CAS_DIRECTORY\=YES
    export COMPILER_INDEX_STORE_ENABLE\=Default
    export COMPOSITE_SDK_DIRS\=/Users/ozel0t/Notesnook/notesnook/apps/mobile/ios/build/Catalyst/Build/Intermediates.noindex/CompositeSDKs
    export COMPRESS_PNG_FILES\=NO
    export CONFIGURATION\=Release
    export CONFIGURATION_BUILD_DIR\=/Users/ozel0t/Notesnook/notesnook/apps/mobile/ios/build/Catalyst/Build/Products/Release-maccatalyst/hermes-engine
    export CONFIGURATION_TEMP_DIR\=/Users/ozel0t/Notesnook/notesnook/apps/mobile/ios/build/Catalyst/Build/Intermediates.noindex/Pods.build/Release-maccatalyst
    export COPYING_PRESERVES_HFS_DATA\=NO
    export COPY_HEADERS_RUN_UNIFDEF\=NO
    export COPY_PHASE_STRIP\=NO
    export CP\=/bin/cp
    export CREATE_INFOPLIST_SECTION_IN_BINARY\=NO
    export CURRENT_ARCH\=undefined_arch
    export CURRENT_VARIANT\=normal
    export DEAD_CODE_STRIPPING\=NO
    export DEBUGGING_SYMBOLS\=YES
    export DEBUG_INFORMATION_FORMAT\=dwarf-with-dsym
    export DEBUG_INFORMATION_VERSION\=compiler-default
    export DEFAULT_COMPILER\=com.apple.compilers.llvm.clang.1_0
    export DEFAULT_DEXT_INSTALL_PATH\=/System/Library/DriverExtensions
    export DEFAULT_KEXT_INSTALL_PATH\=/System/Library/Extensions
    export DEFINES_MODULE\=NO
    export DEPLOYMENT_LOCATION\=NO
    export DEPLOYMENT_POSTPROCESSING\=NO
    export DEPLOYMENT_TARGET_SETTING_NAME\=MACOSX_DEPLOYMENT_TARGET
    export DEPLOYMENT_TARGET_SUGGESTED_VALUES\=12.0\ 12.2\ 12.3\ 12.4\ 13.0\ 13.1\ 13.2\ 13.3\ 13.4\ 13.5\ 14.0\ 14.1\ 14.2\ 14.3\ 14.4\ 14.5\ 14.6\ 15.0\ 15.1\ 15.2\ 15.3\ 15.4\ 15.5\ 15.6\ 26.0\ 26.1\ 26.2\ 26.3\ 26.4\ 26.5\ 26.6\ 27.0
    export DERIVED_FILES_DIR\=/Users/ozel0t/Notesnook/notesnook/apps/mobile/ios/build/Catalyst/Build/Intermediates.noindex/Pods.build/Release-maccatalyst/hermes-engine.build/DerivedSources
    export DERIVED_FILE_DIR\=/Users/ozel0t/Notesnook/notesnook/apps/mobile/ios/build/Catalyst/Build/Intermediates.noindex/Pods.build/Release-maccatalyst/hermes-engine.build/DerivedSources
    export DERIVED_SOURCES_DIR\=/Users/ozel0t/Notesnook/notesnook/apps/mobile/ios/build/Catalyst/Build/Intermediates.noindex/Pods.build/Release-maccatalyst/hermes-engine.build/DerivedSources
    export DEVELOPER_APPLICATIONS_DIR\=/Applications/Xcode.app/Contents/Developer/Applications
    export DEVELOPER_BIN_DIR\=/Applications/Xcode.app/Contents/Developer/usr/bin
    export DEVELOPER_DIR\=/Applications/Xcode.app/Contents/Developer
    export DEVELOPER_FRAMEWORKS_DIR\=/Applications/Xcode.app/Contents/Developer/Library/Frameworks
    export DEVELOPER_FRAMEWORKS_DIR_QUOTED\=/Applications/Xcode.app/Contents/Developer/Library/Frameworks
    export DEVELOPER_LIBRARY_DIR\=/Applications/Xcode.app/Contents/Developer/Library
    export DEVELOPER_SDK_DIR\=/Applications/Xcode.app/Contents/Developer/Platforms/MacOSX.platform/Developer/SDKs
    export DEVELOPER_TOOLS_DIR\=/Applications/Xcode.app/Contents/Developer/Tools
    export DEVELOPER_USR_DIR\=/Applications/Xcode.app/Contents/Developer/usr
    export DEVELOPMENT_LANGUAGE\=en
    export DIAGNOSE_MISSING_TARGET_DEPENDENCIES\=YES
    export DIFF\=/usr/bin/diff
    export DONT_GENERATE_INFOPLIST_FILE\=NO
    export DSTROOT\=/tmp/Pods.dst
    export DT_TOOLCHAIN_DIR\=/Applications/Xcode.app/Contents/Developer/Toolchains/XcodeDefault.xctoolchain
    export DWARF_DSYM_FILE_NAME\=.dSYM
    export DWARF_DSYM_FILE_SHOULD_ACCOMPANY_PRODUCT\=NO
    export DWARF_DSYM_FOLDER_PATH\=/Users/ozel0t/Notesnook/notesnook/apps/mobile/ios/build/Catalyst/Build/Products/Release-maccatalyst/hermes-engine
    export DYNAMIC_LIBRARY_EXTENSION\=dylib
    export EAGER_COMPILATION_ALLOW_SCRIPTS\=NO
    export EAGER_LINKING\=NO
    export EFFECTIVE_PLATFORM_NAME\=-maccatalyst
    export EFFECTIVE_PLATFORM_NAME_MAC_CATALYST_USE_DISTINCT_BUILD_DIR\=YES
    export EFFECTIVE_PLATFORM_NAME_MAC_CATALYST_USE_DISTINCT_BUILD_DIR_YES\=-maccatalyst
    export EFFECTIVE_SWIFT_VERSION\=5
    export EMBEDDED_CONTENT_CONTAINS_SWIFT\=NO
    export EMBEDDED_PROFILE_NAME\=embedded.provisionprofile
    export EMBED_ASSET_PACKS_IN_PRODUCT_BUNDLE\=NO
    export ENABLE_APP_SANDBOX\=NO
    export ENABLE_CODE_COVERAGE\=YES
    export ENABLE_COHORT_ARCHS\=YES
    export ENABLE_CPLUSPLUS_BOUNDS_SAFE_BUFFERS\=NO
    export ENABLE_C_BOUNDS_SAFETY\=NO
    export ENABLE_DEBUG_DYLIB\=NO
    export ENABLE_DEFAULT_HEADER_SEARCH_PATHS\=YES
    export ENABLE_DEFAULT_SEARCH_PATHS\=YES
    export ENABLE_ENHANCED_SECURITY\=NO
    export ENABLE_HARDENED_RUNTIME\=YES
    export ENABLE_HARDWARE_CHECKED_POINTER_ARITHMETIC_SLICE\=NO
    export ENABLE_HEADER_DEPENDENCIES\=YES
    export ENABLE_INCOMING_NETWORK_CONNECTIONS\=NO
    export ENABLE_NS_ASSERTIONS\=NO
    export ENABLE_ON_DEMAND_RESOURCES\=NO
    export ENABLE_OUTGOING_NETWORK_CONNECTIONS\=NO
    export ENABLE_POINTER_AUTHENTICATION\=NO
    export ENABLE_PREVIEWS\=NO
    export ENABLE_RESOURCE_ACCESS_AUDIO_INPUT\=NO
    export ENABLE_RESOURCE_ACCESS_BLUETOOTH\=NO
    export ENABLE_RESOURCE_ACCESS_CALENDARS\=NO
    export ENABLE_RESOURCE_ACCESS_CAMERA\=NO
    export ENABLE_RESOURCE_ACCESS_CONTACTS\=NO
    export ENABLE_RESOURCE_ACCESS_LOCATION\=NO
    export ENABLE_RESOURCE_ACCESS_PHOTO_LIBRARY\=NO
    export ENABLE_RESOURCE_ACCESS_PRINTING\=NO
    export ENABLE_RESOURCE_ACCESS_USB\=NO
    export ENABLE_SDK_IMPORTS\=NO
    export ENABLE_SECURITY_COMPILER_WARNINGS\=NO
    export ENABLE_STRICT_OBJC_MSGSEND\=YES
    export ENABLE_TESTABILITY\=NO
    export ENABLE_TESTING_SEARCH_PATHS\=NO
    export ENABLE_USER_SCRIPT_SANDBOXING\=NO
    export ENABLE_XOJIT_PREVIEWS\=NO
    export ENFORCE_VALID_ARCHS\=YES
    export ENTITLEMENTS_DESTINATION\=Signature
    export ENTITLEMENTS_REQUIRED\=YES
    export EXCLUDED_ARCHS\=x86_64
    export EXCLUDED_INSTALLSRC_SUBDIRECTORY_PATTERNS\=.DS_Store\ .svn\ .git\ .hg\ CVS
    export EXCLUDED_RECURSIVE_SEARCH_PATH_SUBDIRECTORIES\=\*.nib\ \*.lproj\ \*.framework\ \*.gch\ \*.xcode\*\ \*.xcassets\ \*.icon\ \(\*\)\ .DS_Store\ CVS\ .svn\ .git\ .hg\ \*.pbproj\ \*.pbxproj
    export FILE_LIST\=/Users/ozel0t/Notesnook/notesnook/apps/mobile/ios/build/Catalyst/Build/Intermediates.noindex/Pods.build/Release-maccatalyst/hermes-engine.build/Objects/LinkFileList
    export FIXED_FILES_DIR\=/Users/ozel0t/Notesnook/notesnook/apps/mobile/ios/build/Catalyst/Build/Intermediates.noindex/Pods.build/Release-maccatalyst/hermes-engine.build/FixedFiles
    export FRAMEWORK_SEARCH_PATHS\=\ \"/Users/ozel0t/Notesnook/notesnook/apps/mobile/ios/Pods/hermes-engine/destroot/Library/Frameworks/universal\"\ \"/Users/ozel0t/Notesnook/notesnook/apps/mobile/ios/build/Catalyst/Build/Products/Release-maccatalyst/XCFrameworkIntermediates/hermes-engine/Pre-built\"
    export FRAMEWORK_VERSION\=A
    export FUSE_BUILD_PHASES\=YES
    export FUSE_BUILD_SCRIPT_PHASES\=NO
    export GCC3_VERSION\=3.3
    export GCC_C_LANGUAGE_STANDARD\=gnu11
    export GCC_NO_COMMON_BLOCKS\=YES
    export GCC_PFE_FILE_C_DIALECTS\=c\ objective-c\ c++\ objective-c++
    export GCC_PREPROCESSOR_DEFINITIONS\=POD_CONFIGURATION_RELEASE\=1\ \ COCOAPODS\=1
    export GCC_TREAT_WARNINGS_AS_ERRORS\=NO
    export GCC_VERSION\=com.apple.compilers.llvm.clang.1_0
    export GCC_VERSION_IDENTIFIER\=com_apple_compilers_llvm_clang_1_0
    export GCC_WARN_64_TO_32_BIT_CONVERSION\=YES
    export GCC_WARN_ABOUT_RETURN_TYPE\=YES_ERROR
    export GCC_WARN_INHIBIT_ALL_WARNINGS\=YES
    export GCC_WARN_UNDECLARED_SELECTOR\=YES
    export GCC_WARN_UNINITIALIZED_AUTOS\=YES_AGGRESSIVE
    export GCC_WARN_UNUSED_FUNCTION\=YES
    export GCC_WARN_UNUSED_VARIABLE\=YES
    export GENERATED_MODULEMAP_DIR\=/Users/ozel0t/Notesnook/notesnook/apps/mobile/ios/build/Catalyst/Build/Intermediates.noindex/GeneratedModuleMaps-maccatalyst
    export GENERATE_INFOPLIST_FILE\=NO
    export GENERATE_INTERMEDIATE_TEXT_BASED_STUBS\=YES
    export GENERATE_PKGINFO_FILE\=NO
    export GENERATE_PRELINK_OBJECT_FILE\=NO
    export GENERATE_PROFILING_CODE\=NO
    export GENERATE_TEXT_BASED_STUBS\=NO
    export GID\=20
    export GROUP\=staff
    export HEADERMAP_INCLUDES_FLAT_ENTRIES_FOR_TARGET_BEING_BUILT\=YES
    export HEADERMAP_INCLUDES_FRAMEWORK_ENTRIES_FOR_ALL_PRODUCT_TYPES\=YES
    export HEADERMAP_INCLUDES_FRAMEWORK_ENTRIES_FOR_TARGETS_NOT_BEING_BUILT\=YES
    export HEADERMAP_INCLUDES_NONPUBLIC_NONPRIVATE_HEADERS\=YES
    export HEADERMAP_INCLUDES_PROJECT_HEADERS\=YES
    export HEADERMAP_USES_FRAMEWORK_PREFIX_ENTRIES\=YES
    export HEADERMAP_USES_VFS\=NO
    export HEADER_SEARCH_PATHS\=\ \"/Users/ozel0t/Notesnook/notesnook/apps/mobile/ios/Pods/Headers/Private\"\ \"/Users/ozel0t/Notesnook/notesnook/apps/mobile/ios/Pods/Headers/Private/hermes-engine\"\ \"/Users/ozel0t/Notesnook/notesnook/apps/mobile/ios/Pods/Headers/Public\"\ \"/Users/ozel0t/Notesnook/notesnook/apps/mobile/ios/Pods/Headers/Public/hermes-engine\"
    export HOME\=/Users/ozel0t
    export HOST_ARCH\=arm64
    export HOST_PLATFORM\=macosx
    export ICONV\=/usr/bin/iconv
    export IMPLICIT_DEPENDENCY_DOMAIN\=default
    export INDEX_ENABLE_OPTIMIZATION_LEVEL_OVERRIDE\=YES
    export INDEX_STORE_COMPRESS\=NO
    export INDEX_STORE_ONLY_PROJECT_FILES\=NO
    export INFOPLIST_ENABLE_CFBUNDLEICONS_MERGE\=YES
    export INFOPLIST_EXPAND_BUILD_SETTINGS\=YES
    export INFOPLIST_OUTPUT_FORMAT\=same-as-input
    export INFOPLIST_PREPROCESS\=NO
    export INLINE_PRIVATE_FRAMEWORKS\=NO
    export INSTALLAPI_IGNORE_SKIP_INSTALL\=YES
    export INSTALLHDRS_COPY_PHASE\=NO
    export INSTALLHDRS_SCRIPT_PHASE\=NO
    export INSTALL_DIR\=/tmp/Pods.dst
    export INSTALL_GROUP\=staff
    export INSTALL_MODE_FLAG\=u+w,go-w,a+rX
    export INSTALL_OWNER\=ozel0t
    export INSTALL_ROOT\=/tmp/Pods.dst
    export IOS_UNZIPPERED_TWIN_PREFIX_PATH\=/System/iOSSupport
    export IS_MACCATALYST\=YES
    export IS_UNOPTIMIZED_BUILD\=NO
    export JAVAC_DEFAULT_FLAGS\=-J-Xms64m\ -J-XX:NewSize\=4M\ -J-Dfile.encoding\=UTF8
    export JAVA_APP_STUB\=/System/Library/Frameworks/JavaVM.framework/Resources/MacOS/JavaApplicationStub
    export JAVA_ARCHIVE_CLASSES\=YES
    export JAVA_ARCHIVE_TYPE\=JAR
    export JAVA_COMPILER\=/usr/bin/javac
    export JAVA_FRAMEWORK_RESOURCES_DIRS\=Resources
    export JAVA_JAR_FLAGS\=cv
    export JAVA_SOURCE_SUBDIR\=.
    export JAVA_USE_DEPENDENCIES\=YES
    export JAVA_ZIP_FLAGS\=-urg
    export JIKES_DEFAULT_FLAGS\=+E\ +OLDCSO
    export KASAN_CFLAGS_CLASSIC\=-DKASAN\=1\ -DKASAN_CLASSIC\=1\ -fsanitize\=address\ -mllvm\ -asan-globals-live-support\ -mllvm\ -asan-force-dynamic-shadow
    export KASAN_CFLAGS_TBI\=-DKASAN\=1\ -DKASAN_TBI\=1\ -fsanitize\=kernel-hwaddress\ -mllvm\ -hwasan-recover\=0\ -mllvm\ -hwasan-instrument-atomics\=0\ -mllvm\ -hwasan-instrument-stack\=1\ -mllvm\ -hwasan-generate-tags-with-calls\=1\ -mllvm\ -hwasan-instrument-with-calls\=1\ -mllvm\ -hwasan-use-short-granules\=0\ -mllvm\ -hwasan-memory-access-callback-prefix\=__asan_
    export KASAN_DEFAULT_CFLAGS\=-DKASAN\=1\ -DKASAN_CLASSIC\=1\ -fsanitize\=address\ -mllvm\ -asan-globals-live-support\ -mllvm\ -asan-force-dynamic-shadow
    export KEEP_PRIVATE_EXTERNS\=NO
    export LD_DEPENDENCY_INFO_FILE\=/Users/ozel0t/Notesnook/notesnook/apps/mobile/ios/build/Catalyst/Build/Intermediates.noindex/Pods.build/Release-maccatalyst/hermes-engine.build/Objects-normal/undefined_arch/hermes-engine_dependency_info.dat
    export LD_EXPORT_SYMBOLS\=YES
    export LD_GENERATE_MAP_FILE\=NO
    export LD_MAP_FILE_PATH\=/Users/ozel0t/Notesnook/notesnook/apps/mobile/ios/build/Catalyst/Build/Intermediates.noindex/Pods.build/Release-maccatalyst/hermes-engine.build/hermes-engine-LinkMap-normal-undefined_arch.txt
    export LD_NO_PIE\=NO
    export LD_QUOTE_LINKER_ARGUMENTS_FOR_COMPILER_DRIVER\=YES
    export LD_RUNPATH_SEARCH_PATHS\=\ @executable_path/Frameworks
    export LD_SHARED_CACHE_ELIGIBLE\=Automatic
    export LD_WARN_DUPLICATE_LIBRARIES\=NO
    export LD_WARN_UNUSED_DYLIBS\=NO
    export LEGACY_DEVELOPER_DIR\=/Applications/Xcode.app/Contents/PlugIns/Xcode3Core.ideplugin/Contents/SharedSupport/Developer
    export LEX\=lex
    export LIBRARY_DEXT_INSTALL_PATH\=/Library/DriverExtensions
    export LIBRARY_FLAG_NOSPACE\=YES
    export LIBRARY_KEXT_INSTALL_PATH\=/Library/Extensions
    export LIBRARY_SEARCH_PATHS\=\ /Applications/Xcode.app/Contents/Developer/Platforms/MacOSX.platform/Developer/SDKs/MacOSX27.0.sdk/System/iOSSupport/usr/lib\ /Applications/Xcode.app/Contents/Developer/Toolchains/XcodeDefault.xctoolchain/usr/lib/swift/maccatalyst\ \ /Applications/Xcode.app/Contents/Developer/Platforms/MacOSX.platform/Developer/SDKs/MacOSX27.0.sdk/System/iOSSupport/usr/lib\ /Applications/Xcode.app/Contents/Developer/Toolchains/XcodeDefault.xctoolchain/usr/lib/swift/maccatalyst
    export LINKER_DISPLAYS_MANGLED_NAMES\=NO
    export LINK_FILE_LIST_normal_arm64\=/Users/ozel0t/Notesnook/notesnook/apps/mobile/ios/build/Catalyst/Build/Intermediates.noindex/Pods.build/Release-maccatalyst/hermes-engine.build/Objects-normal/arm64/hermes-engine.LinkFileList
    export LINK_OBJC_RUNTIME\=YES
    export LINK_WITH_STANDARD_LIBRARIES\=YES
    export LLVM_TARGET_TRIPLE_OS_VERSION\=ios15.6
    export LLVM_TARGET_TRIPLE_OS_VERSION_NO\=ios15.6
    export LLVM_TARGET_TRIPLE_OS_VERSION_YES\=ios27.0
    export LLVM_TARGET_TRIPLE_SUFFIX\=-macabi
    export LLVM_TARGET_TRIPLE_VENDOR\=apple
    export LM_AUX_CONST_METADATA_LIST_PATH_normal_arm64\=/Users/ozel0t/Notesnook/notesnook/apps/mobile/ios/build/Catalyst/Build/Intermediates.noindex/Pods.build/Release-maccatalyst/hermes-engine.build/Objects-normal/arm64/hermes-engine.SwiftConstValuesFileList
    export LOCALIZATION_EXPORT_SUPPORTED\=YES
    export LOCALIZATION_PREFERS_STRING_CATALOGS\=NO
    export LOCALIZED_STRING_CODE_COMMENTS\=NO
    export LOCALIZED_STRING_MACRO_NAMES\=NSLocalizedString\ CFCopyLocalizedString
    export LOCALIZED_STRING_SWIFTUI_SUPPORT\=YES
    export LOCAL_ADMIN_APPS_DIR\=/Applications/Utilities
    export LOCAL_APPS_DIR\=/Applications
    export LOCAL_DEVELOPER_DIR\=/Library/Developer
    export LOCAL_LIBRARY_DIR\=/Library
    export LOCROOT\=/Users/ozel0t/Notesnook/notesnook/apps/mobile/ios/Pods
    export LOCSYMROOT\=/Users/ozel0t/Notesnook/notesnook/apps/mobile/ios/Pods
    export MACOSX_DEPLOYMENT_TARGET\=12.5
    export MAC_OS_X_PRODUCT_BUILD_VERSION\=26B5091g
    export MAC_OS_X_VERSION_ACTUAL\=270200
    export MAC_OS_X_VERSION_MAJOR\=270000
    export MAC_OS_X_VERSION_MINOR\=270200
    export MAKE_MERGEABLE\=NO
    export MERGEABLE_LIBRARY\=NO
    export MERGED_BINARY_TYPE\=none
    export MERGE_LINKED_LIBRARIES\=NO
    export METAL_LIBRARY_FILE_BASE\=default
    export METAL_LIBRARY_OUTPUT_DIR\=/Users/ozel0t/Notesnook/notesnook/apps/mobile/ios/build/Catalyst/Build/Products/Release-maccatalyst/hermes-engine/
    export MODULE_CACHE_DIR\=/Users/ozel0t/Notesnook/notesnook/apps/mobile/ios/build/Catalyst/ModuleCache.noindex
    export MTL_ENABLE_DEBUG_INFO\=NO
    export MTL_FAST_MATH\=YES
    export NATIVE_ARCH\=arm64
    export NATIVE_ARCH_32_BIT\=arm
    export NATIVE_ARCH_64_BIT\=arm64
    export NATIVE_ARCH_ACTUAL\=arm64
    export NO_COMMON\=YES
    export OBJECT_FILE_DIR\=/Users/ozel0t/Notesnook/notesnook/apps/mobile/ios/build/Catalyst/Build/Intermediates.noindex/Pods.build/Release-maccatalyst/hermes-engine.build/Objects
    export OBJECT_FILE_DIR_normal\=/Users/ozel0t/Notesnook/notesnook/apps/mobile/ios/build/Catalyst/Build/Intermediates.noindex/Pods.build/Release-maccatalyst/hermes-engine.build/Objects-normal
    export OBJROOT\=/Users/ozel0t/Notesnook/notesnook/apps/mobile/ios/build/Catalyst/Build/Intermediates.noindex
    export ONLY_ACTIVE_ARCH\=NO
    export ONLY_ARCH\=arm64
    export OS\=MACOS
    export OSAC\=/usr/bin/osacompile
    export OTHER_CFLAGS\=\ -DNDEBUG
    export OTHER_CPLUSPLUSFLAGS\=\ -DNDEBUG\ -DNDEBUG
    export PASCAL_STRINGS\=YES
    export PATH\=/Applications/Xcode.app/Contents/SharedFrameworks/SwiftBuild.framework/Versions/A/PlugIns/SWBBuildService.bundle/Contents/PlugIns/SWBUniversalPlatformPlugin.bundle/Contents/Frameworks/SWBUniversalPlatform.framework/Resources:/Applications/Xcode.app/Contents/Developer/Toolchains/XcodeDefault.xctoolchain/usr/bin:/Applications/Xcode.app/Contents/Developer/Toolchains/XcodeDefault.xctoolchain/usr/local/bin:/Applications/Xcode.app/Contents/Developer/Toolchains/XcodeDefault.xctoolchain/usr/libexec:/Applications/Xcode.app/Contents/Developer/Platforms/MacOSX.platform/usr/bin:/Applications/Xcode.app/Contents/Developer/Platforms/MacOSX.platform/usr/local/bin:/Applications/Xcode.app/Contents/Developer/Platforms/MacOSX.platform/Developer/usr/bin:/Applications/Xcode.app/Contents/Developer/Platforms/MacOSX.platform/Developer/usr/local/bin:/Applications/Xcode.app/Contents/Developer/usr/bin:/Applications/Xcode.app/Contents/Developer/usr/local/bin:/Users/ozel0t/.local/share/flutter/3.47.2/bin:/opt/homebrew/bin:/opt/homebrew/sbin:/usr/local/bin:/System/Cryptexes/App/usr/bin:/usr/bin:/bin:/usr/sbin:/sbin:/var/run/com.apple.security.cryptexd/codex.system/bootstrap/usr/local/bin:/var/run/com.apple.security.cryptexd/codex.system/bootstrap/usr/bin:/var/run/com.apple.security.cryptexd/codex.system/bootstrap/usr/appleinternal/bin:/pkg/env/global/bin:/Library/Apple/usr/bin:/Users/ozel0t/.cargo/bin:/Users/ozel0t/.nvm/versions/node/v24.15.0/bin:/Users/ozel0t/Library/pnpm:/Users/ozel0t/.local/bin
    export PATH_PREFIXES_EXCLUDED_FROM_HEADER_DEPENDENCIES\=/usr/include\ /usr/local/include\ /System/Library/Frameworks\ /System/Library/PrivateFrameworks\ /Applications/Xcode.app/Contents/Developer/Headers\ /Applications/Xcode.app/Contents/Developer/SDKs\ /Applications/Xcode.app/Contents/Developer/Platforms
    export PER_ARCH_MODULE_FILE_DIR\=/Users/ozel0t/Notesnook/notesnook/apps/mobile/ios/build/Catalyst/Build/Intermediates.noindex/Pods.build/Release-maccatalyst/hermes-engine.build/Objects-normal/undefined_arch
    export PER_ARCH_OBJECT_FILE_DIR\=/Users/ozel0t/Notesnook/notesnook/apps/mobile/ios/build/Catalyst/Build/Intermediates.noindex/Pods.build/Release-maccatalyst/hermes-engine.build/Objects-normal/undefined_arch
    export PER_VARIANT_OBJECT_FILE_DIR\=/Users/ozel0t/Notesnook/notesnook/apps/mobile/ios/build/Catalyst/Build/Intermediates.noindex/Pods.build/Release-maccatalyst/hermes-engine.build/Objects-normal
    export PKGINFO_FILE_PATH\=/Users/ozel0t/Notesnook/notesnook/apps/mobile/ios/build/Catalyst/Build/Intermediates.noindex/Pods.build/Release-maccatalyst/hermes-engine.build/PkgInfo
    export PLATFORM_DEVELOPER_APPLICATIONS_DIR\=/Applications/Xcode.app/Contents/Developer/Applications
    export PLATFORM_DEVELOPER_BIN_DIR\=/Applications/Xcode.app/Contents/Developer/usr/bin
    export PLATFORM_DEVELOPER_LIBRARY_DIR\=/Applications/Xcode.app/Contents/Developer/Library
    export PLATFORM_DEVELOPER_SDK_DIR\=/Applications/Xcode.app/Contents/Developer/Platforms/MacOSX.platform/Developer/SDKs
    export PLATFORM_DEVELOPER_TOOLS_DIR\=/Applications/Xcode.app/Contents/Developer/Tools
    export PLATFORM_DEVELOPER_USR_DIR\=/Applications/Xcode.app/Contents/Developer/usr
    export PLATFORM_DIR\=/Applications/Xcode.app/Contents/Developer/Platforms/MacOSX.platform
    export PLATFORM_DISPLAY_NAME\=macOS
    export PLATFORM_FAMILY_NAME\=macOS
    export PLATFORM_NAME\=macosx
    export PLATFORM_PREFERRED_ARCH\=x86_64
    export PLATFORM_PRODUCT_BUILD_VERSION\=26A425
    export PLATFORM_REQUIRES_SWIFT_AUTOLINK_EXTRACT\=NO
    export PLATFORM_REQUIRES_SWIFT_MODULEWRAP\=NO
    export PLATFORM_USES_DSYMS\=YES
    export PLIST_FILE_OUTPUT_FORMAT\=same-as-input
    export PODS_BUILD_DIR\=/Users/ozel0t/Notesnook/notesnook/apps/mobile/ios/build/Catalyst/Build/Products
    export PODS_CONFIGURATION_BUILD_DIR\=/Users/ozel0t/Notesnook/notesnook/apps/mobile/ios/build/Catalyst/Build/Products/Release-maccatalyst
    export PODS_DEVELOPMENT_LANGUAGE\=en
    export PODS_ROOT\=/Users/ozel0t/Notesnook/notesnook/apps/mobile/ios/Pods
    export PODS_TARGET_SRCROOT\=/Users/ozel0t/Notesnook/notesnook/apps/mobile/ios/Pods/hermes-engine
    export PODS_XCFRAMEWORKS_BUILD_DIR\=/Users/ozel0t/Notesnook/notesnook/apps/mobile/ios/build/Catalyst/Build/Products/Release-maccatalyst/XCFrameworkIntermediates
    export PRECOMPS_INCLUDE_HEADERS_FROM_BUILT_PRODUCTS_DIR\=YES
    export PRECOMP_DESTINATION_DIR\=/Users/ozel0t/Notesnook/notesnook/apps/mobile/ios/build/Catalyst/Build/Intermediates.noindex/Pods.build/Release-maccatalyst/hermes-engine.build/PrefixHeaders
    export PRELINK_DEPENDENCY_INFO_FILE\=/Users/ozel0t/Notesnook/notesnook/apps/mobile/ios/build/Catalyst/Build/Intermediates.noindex/Pods.build/Release-maccatalyst/hermes-engine.build/Objects-normal/undefined_arch/hermes-engine_prelink_dependency_info.dat
    export PROCESSED_INFOPLIST_PATH\=/Users/ozel0t/Notesnook/notesnook/apps/mobile/ios/build/Catalyst/Build/Intermediates.noindex/Pods.build/Release-maccatalyst/hermes-engine.build/Objects-normal/undefined_arch/Processed-Info.plist
    export PRODUCT_BUNDLE_IDENTIFIER\=org.cocoapods.hermes-engine
    export PRODUCT_MODULE_NAME\=hermes_engine
    export PRODUCT_NAME\=hermes-engine
    export PRODUCT_SETTINGS_PATH\=
    export PROFILING_CODE\=NO
    export PROJECT\=Pods
    export PROJECT_DERIVED_FILE_DIR\=/Users/ozel0t/Notesnook/notesnook/apps/mobile/ios/build/Catalyst/Build/Intermediates.noindex/Pods.build/DerivedSources
    export PROJECT_DIR\=/Users/ozel0t/Notesnook/notesnook/apps/mobile/ios/Pods
    export PROJECT_FILE_PATH\=/Users/ozel0t/Notesnook/notesnook/apps/mobile/ios/Pods/Pods.xcodeproj
    export PROJECT_GUID\=8699adb1dd336b26511df848a716bd42
    export PROJECT_NAME\=Pods
    export PROJECT_TEMP_DIR\=/Users/ozel0t/Notesnook/notesnook/apps/mobile/ios/build/Catalyst/Build/Intermediates.noindex/Pods.build
    export PROJECT_TEMP_ROOT\=/Users/ozel0t/Notesnook/notesnook/apps/mobile/ios/build/Catalyst/Build/Intermediates.noindex
    export REACT_NATIVE_PATH\=/Users/ozel0t/Notesnook/notesnook/apps/mobile/ios/Pods/../../node_modules/react-native
    export RECOMMENDED_IPHONEOS_DEPLOYMENT_TARGET\=17.0
    export RECOMMENDED_MACOSX_DEPLOYMENT_TARGET\=14.0
    export RECURSIVE_SEARCH_PATHS_FOLLOW_SYMLINKS\=YES
    export REMOVE_CVS_FROM_RESOURCES\=YES
    export REMOVE_GIT_FROM_RESOURCES\=YES
    export REMOVE_HEADERS_FROM_EMBEDDED_BUNDLES\=YES
    export REMOVE_HG_FROM_RESOURCES\=YES
    export REMOVE_STATIC_EXECUTABLES_FROM_EMBEDDED_BUNDLES\=YES
    export REMOVE_SVN_FROM_RESOURCES\=YES
    export RESCHEDULE_INDEPENDENT_HEADERS_PHASES\=YES
    export RESOURCES_MINIMUM_DEPLOYMENT_TARGET\=15.6
    export RESOURCES_PLATFORM_NAME\=macosx
    export RESOURCES_UI_FRAMEWORK_FAMILY\=uikit
    export REZ_COLLECTOR_DIR\=/Users/ozel0t/Notesnook/notesnook/apps/mobile/ios/build/Catalyst/Build/Intermediates.noindex/Pods.build/Release-maccatalyst/hermes-engine.build/ResourceManagerResources
    export REZ_OBJECTS_DIR\=/Users/ozel0t/Notesnook/notesnook/apps/mobile/ios/build/Catalyst/Build/Intermediates.noindex/Pods.build/Release-maccatalyst/hermes-engine.build/ResourceManagerResources/Objects
    export RPATH_ORIGIN\=@loader_path
    export RUNTIME_EXCEPTION_ALLOW_DYLD_ENVIRONMENT_VARIABLES\=NO
    export RUNTIME_EXCEPTION_ALLOW_JIT\=NO
    export RUNTIME_EXCEPTION_ALLOW_UNSIGNED_EXECUTABLE_MEMORY\=NO
    export RUNTIME_EXCEPTION_DEBUGGING_TOOL\=NO
    export RUNTIME_EXCEPTION_DISABLE_EXECUTABLE_PAGE_PROTECTION\=NO
    export RUNTIME_EXCEPTION_DISABLE_LIBRARY_VALIDATION\=NO
    export SCANNING_PCM_KEEP_CACHE_DIRECTORY\=YES
    export SCAN_ALL_SOURCE_FILES_FOR_INCLUDES\=NO
    export SCRIPT_INPUT_FILE_COUNT\=0
    export SCRIPT_INPUT_FILE_LIST_COUNT\=0
    export SCRIPT_OUTPUT_FILE_COUNT\=0
    export SCRIPT_OUTPUT_FILE_LIST_COUNT\=0
    export SDKROOT\=/Applications/Xcode.app/Contents/Developer/Platforms/MacOSX.platform/Developer/SDKs/MacOSX27.0.sdk
    export SDK_DIR\=/Applications/Xcode.app/Contents/Developer/Platforms/MacOSX.platform/Developer/SDKs/MacOSX27.0.sdk
    export SDK_DIR_macosx\=/Applications/Xcode.app/Contents/Developer/Platforms/MacOSX.platform/Developer/SDKs/MacOSX27.0.sdk
    export SDK_DIR_macosx27_0\=/Applications/Xcode.app/Contents/Developer/Platforms/MacOSX.platform/Developer/SDKs/MacOSX27.0.sdk
    export SDK_NAME\=macosx27.0
    export SDK_NAMES\=macosx27.0
    export SDK_PRODUCT_BUILD_VERSION\=26A425
    export SDK_STAT_CACHE_DIR\=/Users/ozel0t/Notesnook/notesnook/apps/mobile/ios/build/Catalyst
    export SDK_STAT_CACHE_ENABLE\=YES
    export SDK_STAT_CACHE_PATH\=/Users/ozel0t/Notesnook/notesnook/apps/mobile/ios/build/Catalyst/SDKStatCaches.noindex/macosx27.0-26A425-7231f6df4def33e022ae2eb8f782df1a.sdkstatcache
    export SDK_VERSION\=27.0
    export SDK_VERSION_ACTUAL\=270000
    export SDK_VERSION_MAJOR\=270000
    export SDK_VERSION_MINOR\=270000
    export SED\=/usr/bin/sed
    export SEPARATE_STRIP\=NO
    export SEPARATE_SYMBOL_EDIT\=NO
    export SET_DIR_MODE_OWNER_GROUP\=YES
    export SET_FILE_MODE_OWNER_GROUP\=NO
    export SHALLOW_BUNDLE\=NO
    export SHARED_DERIVED_FILE_DIR\=/Users/ozel0t/Notesnook/notesnook/apps/mobile/ios/build/Catalyst/Build/Products/Release-maccatalyst/hermes-engine/DerivedSources
    export SHARED_PRECOMPS_DIR\=/Users/ozel0t/Notesnook/notesnook/apps/mobile/ios/build/Catalyst/Build/Intermediates.noindex/PrecompiledHeaders
    export SKIP_COPYING_TEST_FRAMEWORKS\=YES
    export SKIP_INSTALL\=YES
    export SKIP_MERGEABLE_LIBRARY_BUNDLE_HOOK\=NO
    export SOURCE_ROOT\=/Users/ozel0t/Notesnook/notesnook/apps/mobile/ios/Pods
    export SRCROOT\=/Users/ozel0t/Notesnook/notesnook/apps/mobile/ios/Pods
    export STRINGSDATA_DIR\=/Users/ozel0t/Notesnook/notesnook/apps/mobile/ios/build/Catalyst/Build/Intermediates.noindex/Pods.build/Release-maccatalyst/hermes-engine.build/Objects-normal/undefined_arch
    export STRINGSDATA_ROOT\=/Users/ozel0t/Notesnook/notesnook/apps/mobile/ios/build/Catalyst/Build/Intermediates.noindex/Pods.build/Release-maccatalyst/hermes-engine.build
    export STRINGS_FILE_INFOPLIST_RENAME\=YES
    export STRINGS_FILE_OUTPUT_ENCODING\=UTF-16
    export STRING_CATALOG_GENERATE_SYMBOLS\=NO
    export STRIP_BITCODE_FROM_COPIED_FILES\=NO
    export STRIP_INSTALLED_PRODUCT\=NO
    export STRIP_PNG_TEXT\=NO
    export STRIP_STYLE\=all
    export STRIP_SWIFT_SYMBOLS\=YES
    export SUPPORTED_PLATFORMS\=macosx\ macosx
    export SUPPORTS_MACCATALYST\=YES
    export SUPPORTS_TEXT_BASED_API\=NO
    export SUPPRESS_WARNINGS\=NO
    export SWIFTC_PASS_SDKROOT\=YES
    export SWIFTC_PASS_SYSROOT\=NO
    export SWIFT_COLOR_DIAGNOSTICS\=NO
    export SWIFT_COMPILATION_MODE\=wholemodule
    export SWIFT_DEPLOYMENT_TARGET\=15.6
    export SWIFT_EMIT_CONST_VALUE_PROTOCOLS\=AnyResolverProviding\ AppEntity\ AppEnum\ AppExtension\ AppIntent\ AppIntentsPackage\ AppShortcutProviding\ AppShortcutsProvider\ AppUnionValue\ AppUnionValueCasesProviding\ DynamicOptionsProvider\ EntityQuery\ ExtensionPointDefining\ IntentValueQuery\ Resolver\ TransientEntity\ _AssistantIntentsProvider\ _GenerativeFunctionExtractable\ _IntentValueRepresentable
    export SWIFT_EMIT_LOC_STRINGS\=NO
    export SWIFT_ENABLE_EXPLICIT_MODULES\=YES
    export SWIFT_OPTIMIZATION_LEVEL\=-O
    export SWIFT_PLATFORM_TARGET_PREFIX\=ios
    export SWIFT_RESPONSE_FILE_PATH_normal_arm64\=/Users/ozel0t/Notesnook/notesnook/apps/mobile/ios/build/Catalyst/Build/Intermediates.noindex/Pods.build/Release-maccatalyst/hermes-engine.build/Objects-normal/arm64/hermes-engine.SwiftFileList
    export SWIFT_VERSION\=5.0
    export SYMROOT\=/Users/ozel0t/Notesnook/notesnook/apps/mobile/ios/build/Catalyst/Build/Products
    export SYSROOT\=/Applications/Xcode.app/Contents/Developer/Platforms/MacOSX.platform/Developer/SDKs/MacOSX27.0.sdk
    export SYSTEM_ADMIN_APPS_DIR\=/Applications/Utilities
    export SYSTEM_APPS_DIR\=/Applications
    export SYSTEM_CORE_SERVICES_DIR\=/System/Library/CoreServices
    export SYSTEM_DEMOS_DIR\=/Applications/Extras
    export SYSTEM_DEVELOPER_APPS_DIR\=/Applications/Xcode.app/Contents/Developer/Applications
    export SYSTEM_DEVELOPER_BIN_DIR\=/Applications/Xcode.app/Contents/Developer/usr/bin
    export SYSTEM_DEVELOPER_DEMOS_DIR\=/Applications/Xcode.app/Contents/Developer/Applications/Utilities/Built\ Examples
    export SYSTEM_DEVELOPER_DIR\=/Applications/Xcode.app/Contents/Developer
    export SYSTEM_DEVELOPER_DOC_DIR\=/Applications/Xcode.app/Contents/Developer/ADC\ Reference\ Library
    export SYSTEM_DEVELOPER_GRAPHICS_TOOLS_DIR\=/Applications/Xcode.app/Contents/Developer/Applications/Graphics\ Tools
    export SYSTEM_DEVELOPER_JAVA_TOOLS_DIR\=/Applications/Xcode.app/Contents/Developer/Applications/Java\ Tools
    export SYSTEM_DEVELOPER_PERFORMANCE_TOOLS_DIR\=/Applications/Xcode.app/Contents/Developer/Applications/Performance\ Tools
    export SYSTEM_DEVELOPER_RELEASENOTES_DIR\=/Applications/Xcode.app/Contents/Developer/ADC\ Reference\ Library/releasenotes
    export SYSTEM_DEVELOPER_TOOLS\=/Applications/Xcode.app/Contents/Developer/Tools
    export SYSTEM_DEVELOPER_TOOLS_DOC_DIR\=/Applications/Xcode.app/Contents/Developer/ADC\ Reference\ Library/documentation/DeveloperTools
    export SYSTEM_DEVELOPER_TOOLS_RELEASENOTES_DIR\=/Applications/Xcode.app/Contents/Developer/ADC\ Reference\ Library/releasenotes/DeveloperTools
    export SYSTEM_DEVELOPER_USR_DIR\=/Applications/Xcode.app/Contents/Developer/usr
    export SYSTEM_DEVELOPER_UTILITIES_DIR\=/Applications/Xcode.app/Contents/Developer/Applications/Utilities
    export SYSTEM_DEXT_INSTALL_PATH\=/System/Library/DriverExtensions
    export SYSTEM_DOCUMENTATION_DIR\=/Library/Documentation
    export SYSTEM_FRAMEWORK_SEARCH_PATHS\=\ /Applications/Xcode.app/Contents/Developer/Platforms/MacOSX.platform/Developer/SDKs/MacOSX27.0.sdk/System/iOSSupport/System/Library/Frameworks\ /Applications/Xcode.app/Contents/Developer/Platforms/MacOSX.platform/Developer/SDKs/MacOSX27.0.sdk/System/iOSSupport/System/Library/SubFrameworks\ \ /Applications/Xcode.app/Contents/Developer/Platforms/MacOSX.platform/Developer/SDKs/MacOSX27.0.sdk/System/iOSSupport/System/Library/Frameworks\ /Applications/Xcode.app/Contents/Developer/Platforms/MacOSX.platform/Developer/SDKs/MacOSX27.0.sdk/System/iOSSupport/System/Library/SubFrameworks
    export SYSTEM_HEADER_SEARCH_PATHS\=\ /Applications/Xcode.app/Contents/Developer/Platforms/MacOSX.platform/Developer/SDKs/MacOSX27.0.sdk/System/iOSSupport/usr/include\ \ /Applications/Xcode.app/Contents/Developer/Platforms/MacOSX.platform/Developer/SDKs/MacOSX27.0.sdk/System/iOSSupport/usr/include
    export SYSTEM_KEXT_INSTALL_PATH\=/System/Library/Extensions
    export SYSTEM_LIBRARY_DIR\=/System/Library
    export SYSTEM_PREFIX\=/System/iOSSupport
    export TAPI_DEMANGLE\=YES
    export TAPI_ENABLE_PROJECT_HEADERS\=NO
    export TAPI_LANGUAGE\=objective-c
    export TAPI_LANGUAGE_STANDARD\=compiler-default
    export TAPI_USE_SRCROOT\=YES
    export TAPI_VERIFY_MODE\=Pedantic
    export TARGETED_DEVICE_FAMILY\=1,2
    export TARGETNAME\=hermes-engine
    export TARGET_BUILD_DIR\=/Users/ozel0t/Notesnook/notesnook/apps/mobile/ios/build/Catalyst/Build/Products/Release-maccatalyst/hermes-engine
    export TARGET_NAME\=hermes-engine
    export TARGET_TEMP_DIR\=/Users/ozel0t/Notesnook/notesnook/apps/mobile/ios/build/Catalyst/Build/Intermediates.noindex/Pods.build/Release-maccatalyst/hermes-engine.build
    export TEMP_DIR\=/Users/ozel0t/Notesnook/notesnook/apps/mobile/ios/build/Catalyst/Build/Intermediates.noindex/Pods.build/Release-maccatalyst/hermes-engine.build
    export TEMP_FILES_DIR\=/Users/ozel0t/Notesnook/notesnook/apps/mobile/ios/build/Catalyst/Build/Intermediates.noindex/Pods.build/Release-maccatalyst/hermes-engine.build
    export TEMP_FILE_DIR\=/Users/ozel0t/Notesnook/notesnook/apps/mobile/ios/build/Catalyst/Build/Intermediates.noindex/Pods.build/Release-maccatalyst/hermes-engine.build
    export TEMP_ROOT\=/Users/ozel0t/Notesnook/notesnook/apps/mobile/ios/build/Catalyst/Build/Intermediates.noindex
    export TEMP_SANDBOX_DIR\=/Users/ozel0t/Notesnook/notesnook/apps/mobile/ios/build/Catalyst/Build/Intermediates.noindex/TemporaryTaskSandboxes
    export TEST_FRAMEWORK_SEARCH_PATHS\=\ /Applications/Xcode.app/Contents/Developer/Platforms/MacOSX.platform/Developer/Library/Frameworks
    export TEST_LIBRARY_SEARCH_PATHS\=\ /Applications/Xcode.app/Contents/Developer/Platforms/MacOSX.platform/Developer/usr/lib
    export TOOLCHAINS\=com.apple.dt.toolchain.XcodeDefault
    export TOOLCHAIN_DIR\=/Applications/Xcode.app/Contents/Developer/Toolchains/XcodeDefault.xctoolchain
    export TREAT_MISSING_BASELINES_AS_TEST_FAILURES\=NO
    export TREAT_MISSING_SCRIPT_PHASE_OUTPUTS_AS_ERRORS\=NO
    export UID\=501
    export UNINSTALLED_PRODUCTS_DIR\=/Users/ozel0t/Notesnook/notesnook/apps/mobile/ios/build/Catalyst/Build/Intermediates.noindex/UninstalledProducts
    export UNSTRIPPED_PRODUCT\=NO
    export USER\=ozel0t
    export USER_APPS_DIR\=/Users/ozel0t/Applications
    export USER_LIBRARY_DIR\=/Users/ozel0t/Library
    export USE_DYNAMIC_NO_PIC\=YES
    export USE_HEADERMAP\=YES
    export USE_HEADER_SYMLINKS\=NO
    export USE_HERMES\=true
    export USE_RECURSIVE_SCRIPT_INPUTS_IN_SCRIPT_PHASES\=YES
    export VALIDATE_DEVELOPMENT_ASSET_PATHS\=YES_ERROR
    export VALIDATE_PRODUCT\=YES
    export VALID_ARCHS\=arm64\ arm64e\ arm64e.x1\ i386\ x86_64
    export VERBOSE_PBXCP\=NO
    export VERSION_INFO_BUILDER\=ozel0t
    export VERSION_INFO_FILE\=hermes-engine_vers.c
    export VERSION_INFO_STRING\=\"@\(\#\)PROGRAM:hermes-engine\ \ PROJECT:Pods-\"
    export WORKSPACE_DIR\=/Users/ozel0t/Notesnook/notesnook/apps/mobile/ios
    export WRAP_ASSET_PACKS_IN_SEPARATE_DIRECTORIES\=NO
    export XCODE_APP_SUPPORT_DIR\=/Applications/Xcode.app/Contents/Developer/Library/Xcode
    export XCODE_PRODUCT_BUILD_VERSION\=27A266a
    export XCODE_VERSION_ACTUAL\=2700
    export XCODE_VERSION_MAJOR\=2700
    export XCODE_VERSION_MINOR\=2700
    export XPCSERVICES_FOLDER_PATH\=/XPCServices
    export YACC\=yacc
    export _BOOL_\=NO
    export _BOOL_NO\=NO
    export _BOOL_YES\=YES
    export _DISCOVER_COMMAND_LINE_LINKER_INPUTS\=YES
    export _DISCOVER_COMMAND_LINE_LINKER_INPUTS_INCLUDE_WL\=YES
    export _IPHONEOS_DEPLOYMENT_TARGET_IS_EMPTY\=NO
    export _IS_EMPTY_\=YES
    export _LD_MULTIARCH\=YES
    export _SWIFT_EXPLICIT_MODULES_ALLOW_CXX_INTEROP\=YES
    export __ARCHS__\=arm64
    export __DIAGNOSE_DEPRECATED_ARCHS\=YES
    export __DIAGNOSE_INVALID_DEPLOYMENT_TARGET_AS_ERROR\=YES
    export __ORIGINAL_SDK_DEFINED_LLVM_TARGET_TRIPLE_SYS\=ios
    export arch\=undefined_arch
    export variant\=normal
    /bin/sh -c /Users/ozel0t/Notesnook/notesnook/apps/mobile/ios/build/Catalyst/Build/Intermediates.noindex/Pods.build/Release-maccatalyst/hermes-engine.build/Script-46EB2E00034310.sh
Node found at: /usr/local/bin/node
Found .last_build_configuration file
Same config of the previous build. No need to replace Hermes engine

note: Run script build phase '[CP-User] Config codegen' will be run during every build because the option to run the script phase "Based on dependency analysis" is unchecked. (in target 'react-native-config' from project 'Pods')
PhaseScriptExecution [CP-User]\ Config\ codegen /Users/ozel0t/Notesnook/notesnook/apps/mobile/ios/build/Catalyst/Build/Intermediates.noindex/Pods.build/Release-maccatalyst/react-native-config.build/Script-46EB2E00034320.sh (in target 'react-native-config' from project 'Pods')
    cd /Users/ozel0t/Notesnook/notesnook/apps/mobile/ios/Pods
    export ACTION\=build
    export AD_HOC_CODE_SIGNING_ALLOWED\=YES
    export ALLOW_BUILD_REQUEST_OVERRIDES\=NO
    export ALLOW_TARGET_PLATFORM_SPECIALIZATION\=NO
    export ALTERNATE_GROUP\=staff
    export ALTERNATE_MODE\=u+w,go-w,a+rX
    export ALTERNATE_OWNER\=ozel0t
    export ALTERNATIVE_DISTRIBUTION_WEB\=NO
    export ALWAYS_EMBED_SWIFT_STANDARD_LIBRARIES\=NO
    export ALWAYS_SEARCH_USER_PATHS\=NO
    export ALWAYS_USE_SEPARATE_HEADERMAPS\=NO
    export APPLICATION_EXTENSION_API_ONLY\=NO
    export APPLY_RULES_IN_COPY_FILES\=NO
    export APPLY_RULES_IN_COPY_HEADERS\=NO
    export APP_SHORTCUTS_ENABLE_FLEXIBLE_MATCHING\=YES
    export ARCHS\=arm64
    export ARCHS_BASE\=arm64
    export ARCHS_STANDARD\=arm64\ x86_64
    export ARCHS_STANDARD_32_64_BIT\=arm64\ x86_64\ i386
    export ARCHS_STANDARD_32_BIT\=i386
    export ARCHS_STANDARD_64_BIT\=arm64\ x86_64
    export ARCHS_STANDARD_INCLUDING_64_BIT\=arm64\ x86_64
    export ARCH_COHORT_arm64e\=arm64e\ arm64e.x1
    export AUTOMATICALLY_MERGE_DEPENDENCIES\=NO
    export AUTOMATION_APPLE_EVENTS\=NO
    export AVAILABLE_PLATFORMS\=android\ appletvos\ appletvsimulator\ driverkit\ freebsd\ iphoneos\ iphonesimulator\ linux\ macosx\ none\ openbsd\ qnx\ staticlinux\ watchos\ watchsimulator\ webassembly\ xros\ xrsimulator
    export BUILD_ACTIVE_RESOURCES_ONLY\=NO
    export BUILD_COMPONENTS\=headers\ build
    export BUILD_DIR\=/Users/ozel0t/Notesnook/notesnook/apps/mobile/ios/build/Catalyst/Build/Products
    export BUILD_LIBRARY_FOR_DISTRIBUTION\=NO
    export BUILD_ONLY_KNOWN_LOCALIZATIONS\=NO
    export BUILD_ROOT\=/Users/ozel0t/Notesnook/notesnook/apps/mobile/ios/build/Catalyst/Build/Products
    export BUILD_STYLE\=
    export BUILD_VARIANTS\=normal
    export BUILT_PRODUCTS_DIR\=/Users/ozel0t/Notesnook/notesnook/apps/mobile/ios/build/Catalyst/Build/Products/Release-maccatalyst/react-native-config
    export BUNDLE_CONTENTS_FOLDER_PATH\=Contents/
    export BUNDLE_CONTENTS_FOLDER_PATH_deep\=Contents/
    export BUNDLE_EXECUTABLE_FOLDER_NAME_deep\=MacOS
    export BUNDLE_EXECUTABLE_FOLDER_PATH\=Contents/MacOS
    export BUNDLE_EXTENSIONS_FOLDER_PATH\=Contents/Extensions
    export BUNDLE_FORMAT\=deep
    export BUNDLE_FRAMEWORKS_FOLDER_PATH\=Contents/Frameworks
    export BUNDLE_PLUGINS_FOLDER_PATH\=Contents/PlugIns
    export BUNDLE_PRIVATE_HEADERS_FOLDER_PATH\=Contents/PrivateHeaders
    export BUNDLE_PUBLIC_HEADERS_FOLDER_PATH\=Contents/Headers
    export CACHE_ROOT\=/var/folders/86/45djkvrd2xs_ccbq4w22y12c0000gn/C/com.apple.DeveloperTools/27.0-27A266a/Xcode
    export CCHROOT\=/var/folders/86/45djkvrd2xs_ccbq4w22y12c0000gn/C/com.apple.DeveloperTools/27.0-27A266a/Xcode
    export CHMOD\=/bin/chmod
    export CHOWN\=chown
    export CLANG_ANALYZER_LOCALIZABILITY_NONLOCALIZED\=YES
    export CLANG_ANALYZER_NONNULL\=YES
    export CLANG_ANALYZER_NUMBER_OBJECT_CONVERSION\=YES_AGGRESSIVE
    export CLANG_CACHE_FINE_GRAINED_OUTPUTS\=YES
    export CLANG_CXX_LANGUAGE_STANDARD\=c++20
    export CLANG_CXX_LIBRARY\=libc++
    export CLANG_ENABLE_EXPLICIT_MODULES\=YES
    export CLANG_ENABLE_MODULES\=YES
    export CLANG_ENABLE_MODULE_DEBUGGING\=NO
    export CLANG_ENABLE_OBJC_ARC\=YES
    export CLANG_ENABLE_OBJC_WEAK\=YES
    export CLANG_MODULES_BUILD_SESSION_FILE\=/Users/ozel0t/Notesnook/notesnook/apps/mobile/ios/build/Catalyst/ModuleCache.noindex/Session.modulevalidation
    export CLANG_WARN_BLOCK_CAPTURE_AUTORELEASING\=YES
    export CLANG_WARN_BOOL_CONVERSION\=YES
    export CLANG_WARN_COMMA\=YES
    export CLANG_WARN_CONSTANT_CONVERSION\=YES
    export CLANG_WARN_DEPRECATED_OBJC_IMPLEMENTATIONS\=YES
    export CLANG_WARN_DIRECT_OBJC_ISA_USAGE\=YES_ERROR
    export CLANG_WARN_DOCUMENTATION_COMMENTS\=YES
    export CLANG_WARN_EMPTY_BODY\=YES
    export CLANG_WARN_ENUM_CONVERSION\=YES
    export CLANG_WARN_INFINITE_RECURSION\=YES
    export CLANG_WARN_INT_CONVERSION\=YES
    export CLANG_WARN_NON_LITERAL_NULL_CONVERSION\=YES
    export CLANG_WARN_OBJC_IMPLICIT_RETAIN_SELF\=YES
    export CLANG_WARN_OBJC_LITERAL_CONVERSION\=YES
    export CLANG_WARN_OBJC_ROOT_CLASS\=YES_ERROR
    export CLANG_WARN_QUOTED_INCLUDE_IN_FRAMEWORK_HEADER\=NO
    export CLANG_WARN_RANGE_LOOP_ANALYSIS\=YES
    export CLANG_WARN_STRICT_PROTOTYPES\=YES
    export CLANG_WARN_SUSPICIOUS_MOVE\=YES
    export CLANG_WARN_UNGUARDED_AVAILABILITY\=YES_AGGRESSIVE
    export CLANG_WARN_UNREACHABLE_CODE\=YES
    export CLANG_WARN__DUPLICATE_METHOD_MATCH\=YES
    export CLASS_FILE_DIR\=/Users/ozel0t/Notesnook/notesnook/apps/mobile/ios/build/Catalyst/Build/Intermediates.noindex/Pods.build/Release-maccatalyst/react-native-config.build/JavaClasses
    export CLEAN_PRECOMPS\=YES
    export CLONE_HEADERS\=NO
    export CODESIGNING_FOLDER_PATH\=/Users/ozel0t/Notesnook/notesnook/apps/mobile/ios/build/Catalyst/Build/Products/Release-maccatalyst/react-native-config/libreact-native-config.a
    export CODE_SIGNING_ALLOWED\=NO
    export CODE_SIGNING_REQUIRED\=YES
    export CODE_SIGN_IDENTITY\=Apple\ Development
    export CODE_SIGN_INJECT_BASE_ENTITLEMENTS\=YES
    export COLOR_DIAGNOSTICS\=NO
    export COMBINE_HIDPI_IMAGES\=NO
    export COMPILATION_CACHE_CAS_PATH\=/Users/ozel0t/Notesnook/notesnook/apps/mobile/ios/build/Catalyst/CompilationCache.noindex
    export COMPILATION_CACHE_KEEP_CAS_DIRECTORY\=YES
    export COMPILER_INDEX_STORE_ENABLE\=Default
    export COMPOSITE_SDK_DIRS\=/Users/ozel0t/Notesnook/notesnook/apps/mobile/ios/build/Catalyst/Build/Intermediates.noindex/CompositeSDKs
    export COMPRESS_PNG_FILES\=NO
    export CONFIGURATION\=Release
    export CONFIGURATION_BUILD_DIR\=/Users/ozel0t/Notesnook/notesnook/apps/mobile/ios/build/Catalyst/Build/Products/Release-maccatalyst/react-native-config
    export CONFIGURATION_TEMP_DIR\=/Users/ozel0t/Notesnook/notesnook/apps/mobile/ios/build/Catalyst/Build/Intermediates.noindex/Pods.build/Release-maccatalyst
    export COPYING_PRESERVES_HFS_DATA\=NO
    export COPY_HEADERS_RUN_UNIFDEF\=NO
    export COPY_PHASE_STRIP\=NO
    export CP\=/bin/cp
    export CREATE_INFOPLIST_SECTION_IN_BINARY\=NO
    export CURRENT_ARCH\=undefined_arch
    export CURRENT_VARIANT\=normal
    export DEAD_CODE_STRIPPING\=NO
    export DEBUGGING_SYMBOLS\=YES
    export DEBUG_INFORMATION_FORMAT\=dwarf-with-dsym
    export DEBUG_INFORMATION_VERSION\=compiler-default
    export DEFAULT_COMPILER\=com.apple.compilers.llvm.clang.1_0
    export DEFAULT_DEXT_INSTALL_PATH\=/System/Library/DriverExtensions
    export DEFAULT_KEXT_INSTALL_PATH\=/System/Library/Extensions
    export DEFINES_MODULE\=NO
    export DEPLOYMENT_LOCATION\=NO
    export DEPLOYMENT_POSTPROCESSING\=NO
    export DEPLOYMENT_TARGET_SETTING_NAME\=MACOSX_DEPLOYMENT_TARGET
    export DEPLOYMENT_TARGET_SUGGESTED_VALUES\=12.0\ 12.2\ 12.3\ 12.4\ 13.0\ 13.1\ 13.2\ 13.3\ 13.4\ 13.5\ 14.0\ 14.1\ 14.2\ 14.3\ 14.4\ 14.5\ 14.6\ 15.0\ 15.1\ 15.2\ 15.3\ 15.4\ 15.5\ 15.6\ 26.0\ 26.1\ 26.2\ 26.3\ 26.4\ 26.5\ 26.6\ 27.0
    export DERIVED_FILES_DIR\=/Users/ozel0t/Notesnook/notesnook/apps/mobile/ios/build/Catalyst/Build/Intermediates.noindex/Pods.build/Release-maccatalyst/react-native-config.build/DerivedSources
    export DERIVED_FILE_DIR\=/Users/ozel0t/Notesnook/notesnook/apps/mobile/ios/build/Catalyst/Build/Intermediates.noindex/Pods.build/Release-maccatalyst/react-native-config.build/DerivedSources
    export DERIVED_SOURCES_DIR\=/Users/ozel0t/Notesnook/notesnook/apps/mobile/ios/build/Catalyst/Build/Intermediates.noindex/Pods.build/Release-maccatalyst/react-native-config.build/DerivedSources
    export DEVELOPER_APPLICATIONS_DIR\=/Applications/Xcode.app/Contents/Developer/Applications
    export DEVELOPER_BIN_DIR\=/Applications/Xcode.app/Contents/Developer/usr/bin
    export DEVELOPER_DIR\=/Applications/Xcode.app/Contents/Developer
    export DEVELOPER_FRAMEWORKS_DIR\=/Applications/Xcode.app/Contents/Developer/Library/Frameworks
    export DEVELOPER_FRAMEWORKS_DIR_QUOTED\=/Applications/Xcode.app/Contents/Developer/Library/Frameworks
    export DEVELOPER_LIBRARY_DIR\=/Applications/Xcode.app/Contents/Developer/Library
    export DEVELOPER_SDK_DIR\=/Applications/Xcode.app/Contents/Developer/Platforms/MacOSX.platform/Developer/SDKs
    export DEVELOPER_TOOLS_DIR\=/Applications/Xcode.app/Contents/Developer/Tools
    export DEVELOPER_USR_DIR\=/Applications/Xcode.app/Contents/Developer/usr
    export DEVELOPMENT_LANGUAGE\=en
    export DIAGNOSE_MISSING_TARGET_DEPENDENCIES\=YES
    export DIFF\=/usr/bin/diff
    export DONT_GENERATE_INFOPLIST_FILE\=NO
    export DSTROOT\=/tmp/Pods.dst
    export DT_TOOLCHAIN_DIR\=/Applications/Xcode.app/Contents/Developer/Toolchains/XcodeDefault.xctoolchain
    export DWARF_DSYM_FILE_NAME\=libreact-native-config.a.dSYM
    export DWARF_DSYM_FILE_SHOULD_ACCOMPANY_PRODUCT\=NO
    export DWARF_DSYM_FOLDER_PATH\=/Users/ozel0t/Notesnook/notesnook/apps/mobile/ios/build/Catalyst/Build/Products/Release-maccatalyst/react-native-config
    export DYNAMIC_LIBRARY_EXTENSION\=dylib
    export EAGER_COMPILATION_ALLOW_SCRIPTS\=NO
    export EAGER_LINKING\=NO
    export EFFECTIVE_PLATFORM_NAME\=-maccatalyst
    export EFFECTIVE_PLATFORM_NAME_MAC_CATALYST_USE_DISTINCT_BUILD_DIR\=YES
    export EFFECTIVE_PLATFORM_NAME_MAC_CATALYST_USE_DISTINCT_BUILD_DIR_YES\=-maccatalyst
    export EFFECTIVE_SWIFT_VERSION\=5
    export EMBEDDED_CONTENT_CONTAINS_SWIFT\=NO
    export EMBEDDED_PROFILE_NAME\=embedded.provisionprofile
    export EMBED_ASSET_PACKS_IN_PRODUCT_BUNDLE\=NO
    export ENABLE_APP_SANDBOX\=NO
    export ENABLE_CODE_COVERAGE\=YES
    export ENABLE_COHORT_ARCHS\=YES
    export ENABLE_CPLUSPLUS_BOUNDS_SAFE_BUFFERS\=NO
    export ENABLE_C_BOUNDS_SAFETY\=NO
    export ENABLE_DEBUG_DYLIB\=NO
    export ENABLE_DEFAULT_HEADER_SEARCH_PATHS\=YES
    export ENABLE_DEFAULT_SEARCH_PATHS\=YES
    export ENABLE_ENHANCED_SECURITY\=NO
    export ENABLE_HARDENED_RUNTIME\=YES
    export ENABLE_HARDWARE_CHECKED_POINTER_ARITHMETIC_SLICE\=NO
    export ENABLE_HEADER_DEPENDENCIES\=YES
    export ENABLE_INCOMING_NETWORK_CONNECTIONS\=NO
    export ENABLE_MODULE_VERIFIER\=NO
    export ENABLE_NS_ASSERTIONS\=NO
    export ENABLE_ON_DEMAND_RESOURCES\=NO
    export ENABLE_OUTGOING_NETWORK_CONNECTIONS\=NO
    export ENABLE_POINTER_AUTHENTICATION\=NO
    export ENABLE_PREVIEWS\=NO
    export ENABLE_RESOURCE_ACCESS_AUDIO_INPUT\=NO
    export ENABLE_RESOURCE_ACCESS_BLUETOOTH\=NO
    export ENABLE_RESOURCE_ACCESS_CALENDARS\=NO
    export ENABLE_RESOURCE_ACCESS_CAMERA\=NO
    export ENABLE_RESOURCE_ACCESS_CONTACTS\=NO
    export ENABLE_RESOURCE_ACCESS_LOCATION\=NO
    export ENABLE_RESOURCE_ACCESS_PHOTO_LIBRARY\=NO
    export ENABLE_RESOURCE_ACCESS_PRINTING\=NO
    export ENABLE_RESOURCE_ACCESS_USB\=NO
    export ENABLE_SDK_IMPORTS\=NO
    export ENABLE_SECURITY_COMPILER_WARNINGS\=NO
    export ENABLE_STRICT_OBJC_MSGSEND\=YES
    export ENABLE_TESTABILITY\=NO
    export ENABLE_TESTING_SEARCH_PATHS\=NO
    export ENABLE_USER_SCRIPT_SANDBOXING\=NO
    export ENABLE_XOJIT_PREVIEWS\=NO
    export ENFORCE_VALID_ARCHS\=YES
    export ENTITLEMENTS_DESTINATION\=Signature
    export ENTITLEMENTS_REQUIRED\=YES
    export EXCLUDED_ARCHS\=x86_64
    export EXCLUDED_INSTALLSRC_SUBDIRECTORY_PATTERNS\=.DS_Store\ .svn\ .git\ .hg\ CVS
    export EXCLUDED_RECURSIVE_SEARCH_PATH_SUBDIRECTORIES\=\*.nib\ \*.lproj\ \*.framework\ \*.gch\ \*.xcode\*\ \*.xcassets\ \*.icon\ \(\*\)\ .DS_Store\ CVS\ .svn\ .git\ .hg\ \*.pbproj\ \*.pbxproj
    export EXECUTABLE_EXTENSION\=a
    export EXECUTABLE_NAME\=libreact-native-config.a
    export EXECUTABLE_PATH\=libreact-native-config.a
    export EXECUTABLE_PREFIX\=lib
    export EXECUTABLE_SUFFIX\=.a
    export FILE_LIST\=/Users/ozel0t/Notesnook/notesnook/apps/mobile/ios/build/Catalyst/Build/Intermediates.noindex/Pods.build/Release-maccatalyst/react-native-config.build/Objects/LinkFileList
    export FIXED_FILES_DIR\=/Users/ozel0t/Notesnook/notesnook/apps/mobile/ios/build/Catalyst/Build/Intermediates.noindex/Pods.build/Release-maccatalyst/react-native-config.build/FixedFiles
    export FRAMEWORK_FLAG_PREFIX\=-framework
    export FRAMEWORK_SEARCH_PATHS\=/Users/ozel0t/Notesnook/notesnook/apps/mobile/ios/build/Catalyst/Build/Products/Release-maccatalyst/react-native-config\ \ \"/Users/ozel0t/Notesnook/notesnook/apps/mobile/ios/Pods/hermes-engine/destroot/Library/Frameworks/universal\"\ \"/Users/ozel0t/Notesnook/notesnook/apps/mobile/ios/build/Catalyst/Build/Products/Release-maccatalyst/XCFrameworkIntermediates/hermes-engine/Pre-built\"
    export FRAMEWORK_VERSION\=A
    export FULL_PRODUCT_NAME\=libreact-native-config.a
    export FUSE_BUILD_PHASES\=YES
    export FUSE_BUILD_SCRIPT_PHASES\=NO
    export GCC3_VERSION\=3.3
    export GCC_C_LANGUAGE_STANDARD\=gnu11
    export GCC_NO_COMMON_BLOCKS\=YES
    export GCC_PFE_FILE_C_DIALECTS\=c\ objective-c\ c++\ objective-c++
    export GCC_PREFIX_HEADER\=Target\ Support\ Files/react-native-config/react-native-config-prefix.pch
    export GCC_PREPROCESSOR_DEFINITIONS\=POD_CONFIGURATION_RELEASE\=1\ \ COCOAPODS\=1
    export GCC_TREAT_WARNINGS_AS_ERRORS\=NO
    export GCC_VERSION\=com.apple.compilers.llvm.clang.1_0
    export GCC_VERSION_IDENTIFIER\=com_apple_compilers_llvm_clang_1_0
    export GCC_WARN_64_TO_32_BIT_CONVERSION\=YES
    export GCC_WARN_ABOUT_RETURN_TYPE\=YES_ERROR
    export GCC_WARN_UNDECLARED_SELECTOR\=YES
    export GCC_WARN_UNINITIALIZED_AUTOS\=YES_AGGRESSIVE
    export GCC_WARN_UNUSED_FUNCTION\=YES
    export GCC_WARN_UNUSED_VARIABLE\=YES
    export GENERATED_MODULEMAP_DIR\=/Users/ozel0t/Notesnook/notesnook/apps/mobile/ios/build/Catalyst/Build/Intermediates.noindex/GeneratedModuleMaps-maccatalyst
    export GENERATE_INFOPLIST_FILE\=NO
    export GENERATE_INTERMEDIATE_TEXT_BASED_STUBS\=YES
    export GENERATE_PKGINFO_FILE\=NO
    export GENERATE_PRELINK_OBJECT_FILE\=NO
    export GENERATE_PROFILING_CODE\=NO
    export GENERATE_TEXT_BASED_STUBS\=NO
    export GID\=20
    export GROUP\=staff
    export HEADERMAP_INCLUDES_FLAT_ENTRIES_FOR_TARGET_BEING_BUILT\=YES
    export HEADERMAP_INCLUDES_FRAMEWORK_ENTRIES_FOR_ALL_PRODUCT_TYPES\=YES
    export HEADERMAP_INCLUDES_FRAMEWORK_ENTRIES_FOR_TARGETS_NOT_BEING_BUILT\=YES
    export HEADERMAP_INCLUDES_NONPUBLIC_NONPRIVATE_HEADERS\=YES
    export HEADERMAP_INCLUDES_PROJECT_HEADERS\=YES
    export HEADERMAP_USES_FRAMEWORK_PREFIX_ENTRIES\=YES
    export HEADERMAP_USES_VFS\=NO
    export HEADER_SEARCH_PATHS\=/Users/ozel0t/Notesnook/notesnook/apps/mobile/ios/build/Catalyst/Build/Products/Release-maccatalyst/react-native-config/include\ \ \"/Users/ozel0t/Notesnook/notesnook/apps/mobile/ios/Pods/Headers/Private\"\ \"/Users/ozel0t/Notesnook/notesnook/apps/mobile/ios/Pods/Headers/Private/react-native-config\"\ \"/Users/ozel0t/Notesnook/notesnook/apps/mobile/ios/Pods/Headers/Public\"\ \"/Users/ozel0t/Notesnook/notesnook/apps/mobile/ios/Pods/Headers/Public/DoubleConversion\"\ \"/Users/ozel0t/Notesnook/notesnook/apps/mobile/ios/Pods/Headers/Public/RCT-Folly\"\ \"/Users/ozel0t/Notesnook/notesnook/apps/mobile/ios/Pods/Headers/Public/RCTDeprecation\"\ \"/Users/ozel0t/Notesnook/notesnook/apps/mobile/ios/Pods/Headers/Public/React-Core\"\ \"/Users/ozel0t/Notesnook/notesnook/apps/mobile/ios/Pods/Headers/Public/React-callinvoker\"\ \"/Users/ozel0t/Notesnook/notesnook/apps/mobile/ios/Pods/Headers/Public/React-cxxreact\"\ \"/Users/ozel0t/Notesnook/notesnook/apps/mobile/ios/Pods/Headers/Public/React-debug\"\ \"/Users/ozel0t/Notesnook/notesnook/apps/mobile/ios/Pods/Headers/Public/React-featureflags\"\ \"/Users/ozel0t/Notesnook/notesnook/apps/mobile/ios/Pods/Headers/Public/React-hermes\"\ \"/Users/ozel0t/Notesnook/notesnook/apps/mobile/ios/Pods/Headers/Public/React-jsi\"\ \"/Users/ozel0t/Notesnook/notesnook/apps/mobile/ios/Pods/Headers/Public/React-jsiexecutor\"\ \"/Users/ozel0t/Notesnook/notesnook/apps/mobile/ios/Pods/Headers/Public/React-jsinspector\"\ \"/Users/ozel0t/Notesnook/notesnook/apps/mobile/ios/Pods/Headers/Public/React-jsinspectorcdp\"\ \"/Users/ozel0t/Notesnook/notesnook/apps/mobile/ios/Pods/Headers/Public/React-jsinspectornetwork\"\ \"/Users/ozel0t/Notesnook/notesnook/apps/mobile/ios/Pods/Headers/Public/React-jsinspectortracing\"\ \"/Users/ozel0t/Notesnook/notesnook/apps/mobile/ios/Pods/Headers/Public/React-jsitooling\"\ \"/Users/ozel0t/Notesnook/notesnook/apps/mobile/ios/Pods/Headers/Public/React-logger\"\ \"/Users/ozel0t/Notesnook/notesnook/apps/mobile/ios/Pods/Headers/Public/React-oscompat\"\ \"/Users/ozel0t/Notesnook/notesnook/apps/mobile/ios/Pods/Headers/Public/React-perflogger\"\ \"/Users/ozel0t/Notesnook/notesnook/apps/mobile/ios/Pods/Headers/Public/React-performancetimeline\"\ \"/Users/ozel0t/Notesnook/notesnook/apps/mobile/ios/Pods/Headers/Public/React-rendererconsistency\"\ \"/Users/ozel0t/Notesnook/notesnook/apps/mobile/ios/Pods/Headers/Public/React-rendererdebug\"\ \"/Users/ozel0t/Notesnook/notesnook/apps/mobile/ios/Pods/Headers/Public/React-runtimeexecutor\"\ \"/Users/ozel0t/Notesnook/notesnook/apps/mobile/ios/Pods/Headers/Public/React-runtimescheduler\"\ \"/Users/ozel0t/Notesnook/notesnook/apps/mobile/ios/Pods/Headers/Public/React-timing\"\ \"/Users/ozel0t/Notesnook/notesnook/apps/mobile/ios/Pods/Headers/Public/React-utils\"\ \"/Users/ozel0t/Notesnook/notesnook/apps/mobile/ios/Pods/Headers/Public/SocketRocket\"\ \"/Users/ozel0t/Notesnook/notesnook/apps/mobile/ios/Pods/Headers/Public/Yoga\"\ \"/Users/ozel0t/Notesnook/notesnook/apps/mobile/ios/Pods/Headers/Public/boost\"\ \"/Users/ozel0t/Notesnook/notesnook/apps/mobile/ios/Pods/Headers/Public/fast_float\"\ \"/Users/ozel0t/Notesnook/notesnook/apps/mobile/ios/Pods/Headers/Public/fmt\"\ \"/Users/ozel0t/Notesnook/notesnook/apps/mobile/ios/Pods/Headers/Public/glog\"\ \"/Users/ozel0t/Notesnook/notesnook/apps/mobile/ios/Pods/Headers/Public/hermes-engine\"\ \"/Users/ozel0t/Notesnook/notesnook/apps/mobile/ios/Pods/Headers/Public/react-native-config\"
    export HOME\=/Users/ozel0t
    export HOST_ARCH\=arm64
    export HOST_PLATFORM\=macosx
    export ICONV\=/usr/bin/iconv
    export IMPLICIT_DEPENDENCY_DOMAIN\=default
    export INDEX_ENABLE_OPTIMIZATION_LEVEL_OVERRIDE\=YES
    export INDEX_STORE_COMPRESS\=NO
    export INDEX_STORE_ONLY_PROJECT_FILES\=NO
    export INFOPLIST_ENABLE_CFBUNDLEICONS_MERGE\=YES
    export INFOPLIST_EXPAND_BUILD_SETTINGS\=YES
    export INFOPLIST_OUTPUT_FORMAT\=same-as-input
    export INFOPLIST_PREPROCESS\=NO
    export INLINE_PRIVATE_FRAMEWORKS\=NO
    export INSTALLAPI_IGNORE_SKIP_INSTALL\=YES
    export INSTALLHDRS_COPY_PHASE\=NO
    export INSTALLHDRS_SCRIPT_PHASE\=NO
    export INSTALL_DIR\=/tmp/Pods.dst/usr/local/lib
    export INSTALL_GROUP\=staff
    export INSTALL_MODE_FLAG\=u+w,go-w,a+rX
    export INSTALL_OWNER\=ozel0t
    export INSTALL_PATH\=/usr/local/lib
    export INSTALL_ROOT\=/tmp/Pods.dst
    export IOS_UNZIPPERED_TWIN_PREFIX_PATH\=/System/iOSSupport
    export IS_MACCATALYST\=YES
    export IS_UNOPTIMIZED_BUILD\=NO
    export JAVAC_DEFAULT_FLAGS\=-J-Xms64m\ -J-XX:NewSize\=4M\ -J-Dfile.encoding\=UTF8
    export JAVA_APP_STUB\=/System/Library/Frameworks/JavaVM.framework/Resources/MacOS/JavaApplicationStub
    export JAVA_ARCHIVE_CLASSES\=YES
    export JAVA_ARCHIVE_TYPE\=JAR
    export JAVA_COMPILER\=/usr/bin/javac
    export JAVA_FRAMEWORK_RESOURCES_DIRS\=Resources
    export JAVA_JAR_FLAGS\=cv
    export JAVA_SOURCE_SUBDIR\=.
    export JAVA_USE_DEPENDENCIES\=YES
    export JAVA_ZIP_FLAGS\=-urg
    export JIKES_DEFAULT_FLAGS\=+E\ +OLDCSO
    export KASAN_CFLAGS_CLASSIC\=-DKASAN\=1\ -DKASAN_CLASSIC\=1\ -fsanitize\=address\ -mllvm\ -asan-globals-live-support\ -mllvm\ -asan-force-dynamic-shadow
    export KASAN_CFLAGS_TBI\=-DKASAN\=1\ -DKASAN_TBI\=1\ -fsanitize\=kernel-hwaddress\ -mllvm\ -hwasan-recover\=0\ -mllvm\ -hwasan-instrument-atomics\=0\ -mllvm\ -hwasan-instrument-stack\=1\ -mllvm\ -hwasan-generate-tags-with-calls\=1\ -mllvm\ -hwasan-instrument-with-calls\=1\ -mllvm\ -hwasan-use-short-granules\=0\ -mllvm\ -hwasan-memory-access-callback-prefix\=__asan_
    export KASAN_DEFAULT_CFLAGS\=-DKASAN\=1\ -DKASAN_CLASSIC\=1\ -fsanitize\=address\ -mllvm\ -asan-globals-live-support\ -mllvm\ -asan-force-dynamic-shadow
    export KEEP_PRIVATE_EXTERNS\=NO
    export LD_DEPENDENCY_INFO_FILE\=/Users/ozel0t/Notesnook/notesnook/apps/mobile/ios/build/Catalyst/Build/Intermediates.noindex/Pods.build/Release-maccatalyst/react-native-config.build/Objects-normal/undefined_arch/react-native-config_dependency_info.dat
    export LD_EXPORT_SYMBOLS\=YES
    export LD_GENERATE_MAP_FILE\=NO
    export LD_MAP_FILE_PATH\=/Users/ozel0t/Notesnook/notesnook/apps/mobile/ios/build/Catalyst/Build/Intermediates.noindex/Pods.build/Release-maccatalyst/react-native-config.build/react-native-config-LinkMap-normal-undefined_arch.txt
    export LD_NO_PIE\=NO
    export LD_QUOTE_LINKER_ARGUMENTS_FOR_COMPILER_DRIVER\=YES
    export LD_SHARED_CACHE_ELIGIBLE\=Automatic
    export LD_WARN_DUPLICATE_LIBRARIES\=NO
    export LD_WARN_UNUSED_DYLIBS\=NO
    export LEGACY_DEVELOPER_DIR\=/Applications/Xcode.app/Contents/PlugIns/Xcode3Core.ideplugin/Contents/SharedSupport/Developer
    export LEX\=lex
    export LIBRARY_DEXT_INSTALL_PATH\=/Library/DriverExtensions
    export LIBRARY_FLAG_NOSPACE\=YES
    export LIBRARY_FLAG_PREFIX\=-l
    export LIBRARY_KEXT_INSTALL_PATH\=/Library/Extensions
    export LIBRARY_SEARCH_PATHS\=/Users/ozel0t/Notesnook/notesnook/apps/mobile/ios/build/Catalyst/Build/Products/Release-maccatalyst/react-native-config\ \ /Applications/Xcode.app/Contents/Developer/Platforms/MacOSX.platform/Developer/SDKs/MacOSX27.0.sdk/System/iOSSupport/usr/lib\ /Applications/Xcode.app/Contents/Developer/Toolchains/XcodeDefault.xctoolchain/usr/lib/swift/maccatalyst\ \ /Applications/Xcode.app/Contents/Developer/Platforms/MacOSX.platform/Developer/SDKs/MacOSX27.0.sdk/System/iOSSupport/usr/lib\ /Applications/Xcode.app/Contents/Developer/Toolchains/XcodeDefault.xctoolchain/usr/lib/swift/maccatalyst
    export LINKER_DISPLAYS_MANGLED_NAMES\=NO
    export LINK_FILE_LIST_normal_arm64\=/Users/ozel0t/Notesnook/notesnook/apps/mobile/ios/build/Catalyst/Build/Intermediates.noindex/Pods.build/Release-maccatalyst/react-native-config.build/Objects-normal/arm64/react-native-config.LinkFileList
    export LINK_OBJC_RUNTIME\=YES
    export LINK_WITH_STANDARD_LIBRARIES\=YES
    export LLVM_TARGET_TRIPLE_OS_VERSION\=ios15.6
    export LLVM_TARGET_TRIPLE_OS_VERSION_NO\=ios15.6
    export LLVM_TARGET_TRIPLE_OS_VERSION_YES\=ios27.0
    export LLVM_TARGET_TRIPLE_SUFFIX\=-macabi
    export LLVM_TARGET_TRIPLE_VENDOR\=apple
    export LM_AUX_CONST_METADATA_LIST_PATH_normal_arm64\=/Users/ozel0t/Notesnook/notesnook/apps/mobile/ios/build/Catalyst/Build/Intermediates.noindex/Pods.build/Release-maccatalyst/react-native-config.build/Objects-normal/arm64/react-native-config.SwiftConstValuesFileList
    export LOCALIZATION_EXPORT_SUPPORTED\=YES
    export LOCALIZATION_PREFERS_STRING_CATALOGS\=NO
    export LOCALIZED_STRING_CODE_COMMENTS\=NO
    export LOCALIZED_STRING_MACRO_NAMES\=NSLocalizedString\ CFCopyLocalizedString
    export LOCALIZED_STRING_SWIFTUI_SUPPORT\=YES
    export LOCAL_ADMIN_APPS_DIR\=/Applications/Utilities
    export LOCAL_APPS_DIR\=/Applications
    export LOCAL_DEVELOPER_DIR\=/Library/Developer
    export LOCAL_LIBRARY_DIR\=/Library
    export LOCROOT\=/Users/ozel0t/Notesnook/notesnook/apps/mobile/ios/Pods
    export LOCSYMROOT\=/Users/ozel0t/Notesnook/notesnook/apps/mobile/ios/Pods
    export MACH_O_TYPE\=staticlib
    export MACOSX_DEPLOYMENT_TARGET\=12.5
    export MAC_OS_X_PRODUCT_BUILD_VERSION\=26B5091g
    export MAC_OS_X_VERSION_ACTUAL\=270200
    export MAC_OS_X_VERSION_MAJOR\=270000
    export MAC_OS_X_VERSION_MINOR\=270200
    export MAKE_MERGEABLE\=NO
    export MERGEABLE_LIBRARY\=NO
    export MERGED_BINARY_TYPE\=none
    export MERGE_LINKED_LIBRARIES\=NO
    export METAL_LIBRARY_FILE_BASE\=default
    export METAL_LIBRARY_OUTPUT_DIR\=/Users/ozel0t/Notesnook/notesnook/apps/mobile/ios/build/Catalyst/Build/Products/Release-maccatalyst/react-native-config/
    export MODULE_CACHE_DIR\=/Users/ozel0t/Notesnook/notesnook/apps/mobile/ios/build/Catalyst/ModuleCache.noindex
    export MTL_ENABLE_DEBUG_INFO\=NO
    export MTL_FAST_MATH\=YES
    export NATIVE_ARCH\=arm64
    export NATIVE_ARCH_32_BIT\=arm
    export NATIVE_ARCH_64_BIT\=arm64
    export NATIVE_ARCH_ACTUAL\=arm64
    export NO_COMMON\=YES
    export OBJECT_FILE_DIR\=/Users/ozel0t/Notesnook/notesnook/apps/mobile/ios/build/Catalyst/Build/Intermediates.noindex/Pods.build/Release-maccatalyst/react-native-config.build/Objects
    export OBJECT_FILE_DIR_normal\=/Users/ozel0t/Notesnook/notesnook/apps/mobile/ios/build/Catalyst/Build/Intermediates.noindex/Pods.build/Release-maccatalyst/react-native-config.build/Objects-normal
    export OBJROOT\=/Users/ozel0t/Notesnook/notesnook/apps/mobile/ios/build/Catalyst/Build/Intermediates.noindex
    export ONLY_ACTIVE_ARCH\=NO
    export ONLY_ARCH\=arm64
    export OS\=MACOS
    export OSAC\=/usr/bin/osacompile
    export OTHER_CFLAGS\=\ -fmodule-map-file\=\"/Users/ozel0t/Notesnook/notesnook/apps/mobile/ios/Pods/Headers/Public/DoubleConversion/DoubleConversion.modulemap\"\ -fmodule-map-file\=\"/Users/ozel0t/Notesnook/notesnook/apps/mobile/ios/Pods/Headers/Public/RCTDeprecation/RCTDeprecation.modulemap\"\ -fmodule-map-file\=\"/Users/ozel0t/Notesnook/notesnook/apps/mobile/ios/Pods/Headers/Public/React/React-Core.modulemap\"\ -fmodule-map-file\=\"/Users/ozel0t/Notesnook/notesnook/apps/mobile/ios/Pods/Headers/Public/React_runtimeexecutor/React-runtimeexecutor.modulemap\"\ -fmodule-map-file\=\"/Users/ozel0t/Notesnook/notesnook/apps/mobile/ios/Pods/Headers/Public/SocketRocket/SocketRocket.modulemap\"\ -fmodule-map-file\=\"/Users/ozel0t/Notesnook/notesnook/apps/mobile/ios/Pods/Headers/Public/fmt/fmt.modulemap\"\ -fmodule-map-file\=\"/Users/ozel0t/Notesnook/notesnook/apps/mobile/ios/Pods/Headers/Public/folly/RCT-Folly.modulemap\"\ -fmodule-map-file\=\"/Users/ozel0t/Notesnook/notesnook/apps/mobile/ios/Pods/Headers/Public/glog/glog.modulemap\"\ -fmodule-map-file\=\"/Users/ozel0t/Notesnook/notesnook/apps/mobile/ios/Pods/Headers/Public/jsi/React-jsi.modulemap\"\ -fmodule-map-file\=\"/Users/ozel0t/Notesnook/notesnook/apps/mobile/ios/Pods/Headers/Public/jsinspector_modern/React-jsinspector.modulemap\"\ -fmodule-map-file\=\"/Users/ozel0t/Notesnook/notesnook/apps/mobile/ios/Pods/Headers/Public/jsinspector_modern_cdp/React-jsinspectorcdp.modulemap\"\ -fmodule-map-file\=\"/Users/ozel0t/Notesnook/notesnook/apps/mobile/ios/Pods/Headers/Public/jsinspector_modern_network/React-jsinspectornetwork.modulemap\"\ -fmodule-map-file\=\"/Users/ozel0t/Notesnook/notesnook/apps/mobile/ios/Pods/Headers/Public/jsinspector_modern_tracing/React-jsinspectortracing.modulemap\"\ -fmodule-map-file\=\"/Users/ozel0t/Notesnook/notesnook/apps/mobile/ios/Pods/Headers/Public/react_debug/React-debug.modulemap\"\ -fmodule-map-file\=\"/Users/ozel0t/Notesnook/notesnook/apps/mobile/ios/Pods/Headers/Public/react_featureflags/React-featureflags.modulemap\"\ -fmodule-map-file\=\"/Users/ozel0t/Notesnook/notesnook/apps/mobile/ios/Pods/Headers/Public/react_renderer_debug/React-rendererdebug.modulemap\"\ -fmodule-map-file\=\"/Users/ozel0t/Notesnook/notesnook/apps/mobile/ios/Pods/Headers/Public/react_runtime/React-jsitooling.modulemap\"\ -fmodule-map-file\=\"/Users/ozel0t/Notesnook/notesnook/apps/mobile/ios/Pods/Headers/Public/react_utils/React-utils.modulemap\"\ -fmodule-map-file\=\"/Users/ozel0t/Notesnook/notesnook/apps/mobile/ios/Pods/Headers/Public/reacthermes/React-hermes.modulemap\"\ -fmodule-map-file\=\"/Users/ozel0t/Notesnook/notesnook/apps/mobile/ios/Pods/Headers/Public/yoga/Yoga.modulemap\"\ -DNDEBUG
    export OTHER_CPLUSPLUSFLAGS\=\ -fmodule-map-file\=\"/Users/ozel0t/Notesnook/notesnook/apps/mobile/ios/Pods/Headers/Public/DoubleConversion/DoubleConversion.modulemap\"\ -fmodule-map-file\=\"/Users/ozel0t/Notesnook/notesnook/apps/mobile/ios/Pods/Headers/Public/RCTDeprecation/RCTDeprecation.modulemap\"\ -fmodule-map-file\=\"/Users/ozel0t/Notesnook/notesnook/apps/mobile/ios/Pods/Headers/Public/React/React-Core.modulemap\"\ -fmodule-map-file\=\"/Users/ozel0t/Notesnook/notesnook/apps/mobile/ios/Pods/Headers/Public/React_runtimeexecutor/React-runtimeexecutor.modulemap\"\ -fmodule-map-file\=\"/Users/ozel0t/Notesnook/notesnook/apps/mobile/ios/Pods/Headers/Public/SocketRocket/SocketRocket.modulemap\"\ -fmodule-map-file\=\"/Users/ozel0t/Notesnook/notesnook/apps/mobile/ios/Pods/Headers/Public/fmt/fmt.modulemap\"\ -fmodule-map-file\=\"/Users/ozel0t/Notesnook/notesnook/apps/mobile/ios/Pods/Headers/Public/folly/RCT-Folly.modulemap\"\ -fmodule-map-file\=\"/Users/ozel0t/Notesnook/notesnook/apps/mobile/ios/Pods/Headers/Public/glog/glog.modulemap\"\ -fmodule-map-file\=\"/Users/ozel0t/Notesnook/notesnook/apps/mobile/ios/Pods/Headers/Public/jsi/React-jsi.modulemap\"\ -fmodule-map-file\=\"/Users/ozel0t/Notesnook/notesnook/apps/mobile/ios/Pods/Headers/Public/jsinspector_modern/React-jsinspector.modulemap\"\ -fmodule-map-file\=\"/Users/ozel0t/Notesnook/notesnook/apps/mobile/ios/Pods/Headers/Public/jsinspector_modern_cdp/React-jsinspectorcdp.modulemap\"\ -fmodule-map-file\=\"/Users/ozel0t/Notesnook/notesnook/apps/mobile/ios/Pods/Headers/Public/jsinspector_modern_network/React-jsinspectornetwork.modulemap\"\ -fmodule-map-file\=\"/Users/ozel0t/Notesnook/notesnook/apps/mobile/ios/Pods/Headers/Public/jsinspector_modern_tracing/React-jsinspectortracing.modulemap\"\ -fmodule-map-file\=\"/Users/ozel0t/Notesnook/notesnook/apps/mobile/ios/Pods/Headers/Public/react_debug/React-debug.modulemap\"\ -fmodule-map-file\=\"/Users/ozel0t/Notesnook/notesnook/apps/mobile/ios/Pods/Headers/Public/react_featureflags/React-featureflags.modulemap\"\ -fmodule-map-file\=\"/Users/ozel0t/Notesnook/notesnook/apps/mobile/ios/Pods/Headers/Public/react_renderer_debug/React-rendererdebug.modulemap\"\ -fmodule-map-file\=\"/Users/ozel0t/Notesnook/notesnook/apps/mobile/ios/Pods/Headers/Public/react_runtime/React-jsitooling.modulemap\"\ -fmodule-map-file\=\"/Users/ozel0t/Notesnook/notesnook/apps/mobile/ios/Pods/Headers/Public/react_utils/React-utils.modulemap\"\ -fmodule-map-file\=\"/Users/ozel0t/Notesnook/notesnook/apps/mobile/ios/Pods/Headers/Public/reacthermes/React-hermes.modulemap\"\ -fmodule-map-file\=\"/Users/ozel0t/Notesnook/notesnook/apps/mobile/ios/Pods/Headers/Public/yoga/Yoga.modulemap\"\ -DNDEBUG\ -DNDEBUG
    export PACKAGE_TYPE\=com.apple.package-type.static-library
    export PASCAL_STRINGS\=YES
    export PATH\=/Applications/Xcode.app/Contents/SharedFrameworks/SwiftBuild.framework/Versions/A/PlugIns/SWBBuildService.bundle/Contents/PlugIns/SWBUniversalPlatformPlugin.bundle/Contents/Frameworks/SWBUniversalPlatform.framework/Resources:/Applications/Xcode.app/Contents/Developer/Toolchains/XcodeDefault.xctoolchain/usr/bin:/Applications/Xcode.app/Contents/Developer/Toolchains/XcodeDefault.xctoolchain/usr/local/bin:/Applications/Xcode.app/Contents/Developer/Toolchains/XcodeDefault.xctoolchain/usr/libexec:/Applications/Xcode.app/Contents/Developer/Platforms/MacOSX.platform/usr/bin:/Applications/Xcode.app/Contents/Developer/Platforms/MacOSX.platform/usr/local/bin:/Applications/Xcode.app/Contents/Developer/Platforms/MacOSX.platform/Developer/usr/bin:/Applications/Xcode.app/Contents/Developer/Platforms/MacOSX.platform/Developer/usr/local/bin:/Applications/Xcode.app/Contents/Developer/usr/bin:/Applications/Xcode.app/Contents/Developer/usr/local/bin:/Users/ozel0t/.local/share/flutter/3.47.2/bin:/opt/homebrew/bin:/opt/homebrew/sbin:/usr/local/bin:/System/Cryptexes/App/usr/bin:/usr/bin:/bin:/usr/sbin:/sbin:/var/run/com.apple.security.cryptexd/codex.system/bootstrap/usr/local/bin:/var/run/com.apple.security.cryptexd/codex.system/bootstrap/usr/bin:/var/run/com.apple.security.cryptexd/codex.system/bootstrap/usr/appleinternal/bin:/pkg/env/global/bin:/Library/Apple/usr/bin:/Users/ozel0t/.cargo/bin:/Users/ozel0t/.nvm/versions/node/v24.15.0/bin:/Users/ozel0t/Library/pnpm:/Users/ozel0t/.local/bin
    export PATH_PREFIXES_EXCLUDED_FROM_HEADER_DEPENDENCIES\=/usr/include\ /usr/local/include\ /System/Library/Frameworks\ /System/Library/PrivateFrameworks\ /Applications/Xcode.app/Contents/Developer/Headers\ /Applications/Xcode.app/Contents/Developer/SDKs\ /Applications/Xcode.app/Contents/Developer/Platforms
    export PER_ARCH_MODULE_FILE_DIR\=/Users/ozel0t/Notesnook/notesnook/apps/mobile/ios/build/Catalyst/Build/Intermediates.noindex/Pods.build/Release-maccatalyst/react-native-config.build/Objects-normal/undefined_arch
    export PER_ARCH_OBJECT_FILE_DIR\=/Users/ozel0t/Notesnook/notesnook/apps/mobile/ios/build/Catalyst/Build/Intermediates.noindex/Pods.build/Release-maccatalyst/react-native-config.build/Objects-normal/undefined_arch
    export PER_VARIANT_OBJECT_FILE_DIR\=/Users/ozel0t/Notesnook/notesnook/apps/mobile/ios/build/Catalyst/Build/Intermediates.noindex/Pods.build/Release-maccatalyst/react-native-config.build/Objects-normal
    export PKGINFO_FILE_PATH\=/Users/ozel0t/Notesnook/notesnook/apps/mobile/ios/build/Catalyst/Build/Intermediates.noindex/Pods.build/Release-maccatalyst/react-native-config.build/PkgInfo
    export PLATFORM_DEVELOPER_APPLICATIONS_DIR\=/Applications/Xcode.app/Contents/Developer/Applications
    export PLATFORM_DEVELOPER_BIN_DIR\=/Applications/Xcode.app/Contents/Developer/usr/bin
    export PLATFORM_DEVELOPER_LIBRARY_DIR\=/Applications/Xcode.app/Contents/Developer/Library
    export PLATFORM_DEVELOPER_SDK_DIR\=/Applications/Xcode.app/Contents/Developer/Platforms/MacOSX.platform/Developer/SDKs
    export PLATFORM_DEVELOPER_TOOLS_DIR\=/Applications/Xcode.app/Contents/Developer/Tools
    export PLATFORM_DEVELOPER_USR_DIR\=/Applications/Xcode.app/Contents/Developer/usr
    export PLATFORM_DIR\=/Applications/Xcode.app/Contents/Developer/Platforms/MacOSX.platform
    export PLATFORM_DISPLAY_NAME\=macOS
    export PLATFORM_FAMILY_NAME\=macOS
    export PLATFORM_NAME\=macosx
    export PLATFORM_PREFERRED_ARCH\=x86_64
    export PLATFORM_PRODUCT_BUILD_VERSION\=26A425
    export PLATFORM_REQUIRES_SWIFT_AUTOLINK_EXTRACT\=NO
    export PLATFORM_REQUIRES_SWIFT_MODULEWRAP\=NO
    export PLATFORM_USES_DSYMS\=YES
    export PLIST_FILE_OUTPUT_FORMAT\=same-as-input
    export PODS_BUILD_DIR\=/Users/ozel0t/Notesnook/notesnook/apps/mobile/ios/build/Catalyst/Build/Products
    export PODS_CONFIGURATION_BUILD_DIR\=/Users/ozel0t/Notesnook/notesnook/apps/mobile/ios/build/Catalyst/Build/Products/Release-maccatalyst
    export PODS_DEVELOPMENT_LANGUAGE\=en
    export PODS_ROOT\=/Users/ozel0t/Notesnook/notesnook/apps/mobile/ios/Pods
    export PODS_TARGET_SRCROOT\=/Users/ozel0t/Notesnook/notesnook/apps/mobile/ios/Pods/../../node_modules/react-native-config
    export PODS_XCFRAMEWORKS_BUILD_DIR\=/Users/ozel0t/Notesnook/notesnook/apps/mobile/ios/build/Catalyst/Build/Products/Release-maccatalyst/XCFrameworkIntermediates
    export PRECOMPS_INCLUDE_HEADERS_FROM_BUILT_PRODUCTS_DIR\=YES
    export PRECOMP_DESTINATION_DIR\=/Users/ozel0t/Notesnook/notesnook/apps/mobile/ios/build/Catalyst/Build/Intermediates.noindex/Pods.build/Release-maccatalyst/react-native-config.build/PrefixHeaders
    export PRELINK_DEPENDENCY_INFO_FILE\=/Users/ozel0t/Notesnook/notesnook/apps/mobile/ios/build/Catalyst/Build/Intermediates.noindex/Pods.build/Release-maccatalyst/react-native-config.build/Objects-normal/undefined_arch/react-native-config_prelink_dependency_info.dat
    export PROCESSED_INFOPLIST_PATH\=/Users/ozel0t/Notesnook/notesnook/apps/mobile/ios/build/Catalyst/Build/Intermediates.noindex/Pods.build/Release-maccatalyst/react-native-config.build/Objects-normal/undefined_arch/Processed-Info.plist
    export PRODUCT_BUNDLE_IDENTIFIER\=org.cocoapods.react-native-config
    export PRODUCT_MODULE_NAME\=react_native_config
    export PRODUCT_NAME\=react-native-config
    export PRODUCT_SETTINGS_PATH\=
    export PRODUCT_TYPE\=com.apple.product-type.library.static
    export PROFILING_CODE\=NO
    export PROJECT\=Pods
    export PROJECT_DERIVED_FILE_DIR\=/Users/ozel0t/Notesnook/notesnook/apps/mobile/ios/build/Catalyst/Build/Intermediates.noindex/Pods.build/DerivedSources
    export PROJECT_DIR\=/Users/ozel0t/Notesnook/notesnook/apps/mobile/ios/Pods
    export PROJECT_FILE_PATH\=/Users/ozel0t/Notesnook/notesnook/apps/mobile/ios/Pods/Pods.xcodeproj
    export PROJECT_GUID\=8699adb1dd336b26511df848a716bd42
    export PROJECT_NAME\=Pods
    export PROJECT_TEMP_DIR\=/Users/ozel0t/Notesnook/notesnook/apps/mobile/ios/build/Catalyst/Build/Intermediates.noindex/Pods.build
    export PROJECT_TEMP_ROOT\=/Users/ozel0t/Notesnook/notesnook/apps/mobile/ios/build/Catalyst/Build/Intermediates.noindex
    export REACT_NATIVE_PATH\=/Users/ozel0t/Notesnook/notesnook/apps/mobile/ios/Pods/../../node_modules/react-native
    export RECOMMENDED_IPHONEOS_DEPLOYMENT_TARGET\=17.0
    export RECOMMENDED_MACOSX_DEPLOYMENT_TARGET\=14.0
    export RECURSIVE_SEARCH_PATHS_FOLLOW_SYMLINKS\=YES
    export REMOVE_CVS_FROM_RESOURCES\=YES
    export REMOVE_GIT_FROM_RESOURCES\=YES
    export REMOVE_HEADERS_FROM_EMBEDDED_BUNDLES\=YES
    export REMOVE_HG_FROM_RESOURCES\=YES
    export REMOVE_STATIC_EXECUTABLES_FROM_EMBEDDED_BUNDLES\=YES
    export REMOVE_SVN_FROM_RESOURCES\=YES
    export RESCHEDULE_INDEPENDENT_HEADERS_PHASES\=YES
    export RESOURCES_MINIMUM_DEPLOYMENT_TARGET\=15.6
    export RESOURCES_PLATFORM_NAME\=macosx
    export RESOURCES_UI_FRAMEWORK_FAMILY\=uikit
    export REZ_COLLECTOR_DIR\=/Users/ozel0t/Notesnook/notesnook/apps/mobile/ios/build/Catalyst/Build/Intermediates.noindex/Pods.build/Release-maccatalyst/react-native-config.build/ResourceManagerResources
    export REZ_EXECUTABLE\=YES
    export REZ_OBJECTS_DIR\=/Users/ozel0t/Notesnook/notesnook/apps/mobile/ios/build/Catalyst/Build/Intermediates.noindex/Pods.build/Release-maccatalyst/react-native-config.build/ResourceManagerResources/Objects
    export REZ_SEARCH_PATHS\=/Users/ozel0t/Notesnook/notesnook/apps/mobile/ios/build/Catalyst/Build/Products/Release-maccatalyst/react-native-config\ 
    export RPATH_ORIGIN\=@loader_path
    export RUNTIME_EXCEPTION_ALLOW_DYLD_ENVIRONMENT_VARIABLES\=NO
    export RUNTIME_EXCEPTION_ALLOW_JIT\=NO
    export RUNTIME_EXCEPTION_ALLOW_UNSIGNED_EXECUTABLE_MEMORY\=NO
    export RUNTIME_EXCEPTION_DEBUGGING_TOOL\=NO
    export RUNTIME_EXCEPTION_DISABLE_EXECUTABLE_PAGE_PROTECTION\=NO
    export RUNTIME_EXCEPTION_DISABLE_LIBRARY_VALIDATION\=NO
    export SCANNING_PCM_KEEP_CACHE_DIRECTORY\=YES
    export SCAN_ALL_SOURCE_FILES_FOR_INCLUDES\=NO
    export SCRIPT_INPUT_FILE_0\=/Users/ozel0t/Notesnook/notesnook/apps/mobile/node_modules/react-native-config/ios/ReactNativeConfig/BuildDotenvConfig.rb
    export SCRIPT_INPUT_FILE_COUNT\=1
    export SCRIPT_INPUT_FILE_LIST_COUNT\=0
    export SCRIPT_OUTPUT_FILE_0\=/Users/ozel0t/Notesnook/notesnook/apps/mobile/ios/build/Catalyst/Build/Products/GeneratedInfoPlistDotEnv.h
    export SCRIPT_OUTPUT_FILE_1\=/Users/ozel0t/Notesnook/notesnook/apps/mobile/node_modules/react-native-config/ios/ReactNativeConfig/GeneratedDotEnv.m
    export SCRIPT_OUTPUT_FILE_COUNT\=2
    export SCRIPT_OUTPUT_FILE_LIST_COUNT\=0
    export SDKROOT\=/Applications/Xcode.app/Contents/Developer/Platforms/MacOSX.platform/Developer/SDKs/MacOSX27.0.sdk
    export SDK_DIR\=/Applications/Xcode.app/Contents/Developer/Platforms/MacOSX.platform/Developer/SDKs/MacOSX27.0.sdk
    export SDK_DIR_macosx\=/Applications/Xcode.app/Contents/Developer/Platforms/MacOSX.platform/Developer/SDKs/MacOSX27.0.sdk
    export SDK_DIR_macosx27_0\=/Applications/Xcode.app/Contents/Developer/Platforms/MacOSX.platform/Developer/SDKs/MacOSX27.0.sdk
    export SDK_NAME\=macosx27.0
    export SDK_NAMES\=macosx27.0
    export SDK_PRODUCT_BUILD_VERSION\=26A425
    export SDK_STAT_CACHE_DIR\=/Users/ozel0t/Notesnook/notesnook/apps/mobile/ios/build/Catalyst
    export SDK_STAT_CACHE_ENABLE\=YES
    export SDK_STAT_CACHE_PATH\=/Users/ozel0t/Notesnook/notesnook/apps/mobile/ios/build/Catalyst/SDKStatCaches.noindex/macosx27.0-26A425-7231f6df4def33e022ae2eb8f782df1a.sdkstatcache
    export SDK_VERSION\=27.0
    export SDK_VERSION_ACTUAL\=270000
    export SDK_VERSION_MAJOR\=270000
    export SDK_VERSION_MINOR\=270000
    export SED\=/usr/bin/sed
    export SEPARATE_STRIP\=NO
    export SEPARATE_SYMBOL_EDIT\=NO
    export SET_DIR_MODE_OWNER_GROUP\=YES
    export SET_FILE_MODE_OWNER_GROUP\=NO
    export SHALLOW_BUNDLE\=NO
    export SHARED_DERIVED_FILE_DIR\=/Users/ozel0t/Notesnook/notesnook/apps/mobile/ios/build/Catalyst/Build/Products/Release-maccatalyst/react-native-config/DerivedSources
    export SHARED_PRECOMPS_DIR\=/Users/ozel0t/Notesnook/notesnook/apps/mobile/ios/build/Catalyst/Build/Intermediates.noindex/PrecompiledHeaders
    export SKIP_COPYING_TEST_FRAMEWORKS\=YES
    export SKIP_INSTALL\=YES
    export SKIP_MERGEABLE_LIBRARY_BUNDLE_HOOK\=NO
    export SOURCE_ROOT\=/Users/ozel0t/Notesnook/notesnook/apps/mobile/ios/Pods
    export SRCROOT\=/Users/ozel0t/Notesnook/notesnook/apps/mobile/ios/Pods
    export STRINGSDATA_DIR\=/Users/ozel0t/Notesnook/notesnook/apps/mobile/ios/build/Catalyst/Build/Intermediates.noindex/Pods.build/Release-maccatalyst/react-native-config.build/Objects-normal/undefined_arch
    export STRINGSDATA_ROOT\=/Users/ozel0t/Notesnook/notesnook/apps/mobile/ios/build/Catalyst/Build/Intermediates.noindex/Pods.build/Release-maccatalyst/react-native-config.build
    export STRINGS_FILE_INFOPLIST_RENAME\=YES
    export STRINGS_FILE_OUTPUT_ENCODING\=UTF-16
    export STRING_CATALOG_GENERATE_SYMBOLS\=NO
    export STRIP_BITCODE_FROM_COPIED_FILES\=NO
    export STRIP_INSTALLED_PRODUCT\=NO
    export STRIP_PNG_TEXT\=NO
    export STRIP_STYLE\=debugging
    export STRIP_SWIFT_SYMBOLS\=YES
    export SUPPORTED_PLATFORMS\=macosx\ macosx
    export SUPPORTS_MACCATALYST\=YES
    export SUPPORTS_TEXT_BASED_API\=NO
    export SUPPRESS_WARNINGS\=NO
    export SWIFTC_PASS_SDKROOT\=YES
    export SWIFTC_PASS_SYSROOT\=NO
    export SWIFT_ACTIVE_COMPILATION_CONDITIONS\=\ 
    export SWIFT_COLOR_DIAGNOSTICS\=NO
    export SWIFT_COMPILATION_MODE\=wholemodule
    export SWIFT_COMPILE_FOR_STATIC_LINKING\=YES
    export SWIFT_DEPLOYMENT_TARGET\=15.6
    export SWIFT_EMIT_CONST_VALUE_PROTOCOLS\=AnyResolverProviding\ AppEntity\ AppEnum\ AppExtension\ AppIntent\ AppIntentsPackage\ AppShortcutProviding\ AppShortcutsProvider\ AppUnionValue\ AppUnionValueCasesProviding\ DynamicOptionsProvider\ EntityQuery\ ExtensionPointDefining\ IntentValueQuery\ Resolver\ TransientEntity\ _AssistantIntentsProvider\ _GenerativeFunctionExtractable\ _IntentValueRepresentable
    export SWIFT_EMIT_LOC_STRINGS\=NO
    export SWIFT_ENABLE_EXPLICIT_MODULES\=YES
    export SWIFT_INSTALL_OBJC_HEADER\=YES
    export SWIFT_OPTIMIZATION_LEVEL\=-O
    export SWIFT_PLATFORM_TARGET_PREFIX\=ios
    export SWIFT_RESPONSE_FILE_PATH_normal_arm64\=/Users/ozel0t/Notesnook/notesnook/apps/mobile/ios/build/Catalyst/Build/Intermediates.noindex/Pods.build/Release-maccatalyst/react-native-config.build/Objects-normal/arm64/react-native-config.SwiftFileList
    export SWIFT_VERSION\=5.0
    export SYMROOT\=/Users/ozel0t/Notesnook/notesnook/apps/mobile/ios/build/Catalyst/Build/Products
    export SYSROOT\=/Applications/Xcode.app/Contents/Developer/Platforms/MacOSX.platform/Developer/SDKs/MacOSX27.0.sdk
    export SYSTEM_ADMIN_APPS_DIR\=/Applications/Utilities
    export SYSTEM_APPS_DIR\=/Applications
    export SYSTEM_CORE_SERVICES_DIR\=/System/Library/CoreServices
    export SYSTEM_DEMOS_DIR\=/Applications/Extras
    export SYSTEM_DEVELOPER_APPS_DIR\=/Applications/Xcode.app/Contents/Developer/Applications
    export SYSTEM_DEVELOPER_BIN_DIR\=/Applications/Xcode.app/Contents/Developer/usr/bin
    export SYSTEM_DEVELOPER_DEMOS_DIR\=/Applications/Xcode.app/Contents/Developer/Applications/Utilities/Built\ Examples
    export SYSTEM_DEVELOPER_DIR\=/Applications/Xcode.app/Contents/Developer
    export SYSTEM_DEVELOPER_DOC_DIR\=/Applications/Xcode.app/Contents/Developer/ADC\ Reference\ Library
    export SYSTEM_DEVELOPER_GRAPHICS_TOOLS_DIR\=/Applications/Xcode.app/Contents/Developer/Applications/Graphics\ Tools
    export SYSTEM_DEVELOPER_JAVA_TOOLS_DIR\=/Applications/Xcode.app/Contents/Developer/Applications/Java\ Tools
    export SYSTEM_DEVELOPER_PERFORMANCE_TOOLS_DIR\=/Applications/Xcode.app/Contents/Developer/Applications/Performance\ Tools
    export SYSTEM_DEVELOPER_RELEASENOTES_DIR\=/Applications/Xcode.app/Contents/Developer/ADC\ Reference\ Library/releasenotes
    export SYSTEM_DEVELOPER_TOOLS\=/Applications/Xcode.app/Contents/Developer/Tools
    export SYSTEM_DEVELOPER_TOOLS_DOC_DIR\=/Applications/Xcode.app/Contents/Developer/ADC\ Reference\ Library/documentation/DeveloperTools
    export SYSTEM_DEVELOPER_TOOLS_RELEASENOTES_DIR\=/Applications/Xcode.app/Contents/Developer/ADC\ Reference\ Library/releasenotes/DeveloperTools
    export SYSTEM_DEVELOPER_USR_DIR\=/Applications/Xcode.app/Contents/Developer/usr
    export SYSTEM_DEVELOPER_UTILITIES_DIR\=/Applications/Xcode.app/Contents/Developer/Applications/Utilities
    export SYSTEM_DEXT_INSTALL_PATH\=/System/Library/DriverExtensions
    export SYSTEM_DOCUMENTATION_DIR\=/Library/Documentation
    export SYSTEM_FRAMEWORK_SEARCH_PATHS\=\ /Applications/Xcode.app/Contents/Developer/Platforms/MacOSX.platform/Developer/SDKs/MacOSX27.0.sdk/System/iOSSupport/System/Library/Frameworks\ /Applications/Xcode.app/Contents/Developer/Platforms/MacOSX.platform/Developer/SDKs/MacOSX27.0.sdk/System/iOSSupport/System/Library/SubFrameworks\ \ /Applications/Xcode.app/Contents/Developer/Platforms/MacOSX.platform/Developer/SDKs/MacOSX27.0.sdk/System/iOSSupport/System/Library/Frameworks\ /Applications/Xcode.app/Contents/Developer/Platforms/MacOSX.platform/Developer/SDKs/MacOSX27.0.sdk/System/iOSSupport/System/Library/SubFrameworks
    export SYSTEM_HEADER_SEARCH_PATHS\=\ /Applications/Xcode.app/Contents/Developer/Platforms/MacOSX.platform/Developer/SDKs/MacOSX27.0.sdk/System/iOSSupport/usr/include\ \ /Applications/Xcode.app/Contents/Developer/Platforms/MacOSX.platform/Developer/SDKs/MacOSX27.0.sdk/System/iOSSupport/usr/include
    export SYSTEM_KEXT_INSTALL_PATH\=/System/Library/Extensions
    export SYSTEM_LIBRARY_DIR\=/System/Library
    export SYSTEM_PREFIX\=/System/iOSSupport
    export TAPI_DEMANGLE\=YES
    export TAPI_ENABLE_PROJECT_HEADERS\=NO
    export TAPI_LANGUAGE\=objective-c
    export TAPI_LANGUAGE_STANDARD\=compiler-default
    export TAPI_USE_SRCROOT\=YES
    export TAPI_VERIFY_MODE\=Pedantic
    export TARGETED_DEVICE_FAMILY\=1,2
    export TARGETNAME\=react-native-config
    export TARGET_BUILD_DIR\=/Users/ozel0t/Notesnook/notesnook/apps/mobile/ios/build/Catalyst/Build/Products/Release-maccatalyst/react-native-config
    export TARGET_NAME\=react-native-config
    export TARGET_TEMP_DIR\=/Users/ozel0t/Notesnook/notesnook/apps/mobile/ios/build/Catalyst/Build/Intermediates.noindex/Pods.build/Release-maccatalyst/react-native-config.build
    export TEMP_DIR\=/Users/ozel0t/Notesnook/notesnook/apps/mobile/ios/build/Catalyst/Build/Intermediates.noindex/Pods.build/Release-maccatalyst/react-native-config.build
    export TEMP_FILES_DIR\=/Users/ozel0t/Notesnook/notesnook/apps/mobile/ios/build/Catalyst/Build/Intermediates.noindex/Pods.build/Release-maccatalyst/react-native-config.build
    export TEMP_FILE_DIR\=/Users/ozel0t/Notesnook/notesnook/apps/mobile/ios/build/Catalyst/Build/Intermediates.noindex/Pods.build/Release-maccatalyst/react-native-config.build
    export TEMP_ROOT\=/Users/ozel0t/Notesnook/notesnook/apps/mobile/ios/build/Catalyst/Build/Intermediates.noindex
    export TEMP_SANDBOX_DIR\=/Users/ozel0t/Notesnook/notesnook/apps/mobile/ios/build/Catalyst/Build/Intermediates.noindex/TemporaryTaskSandboxes
    export TEST_FRAMEWORK_SEARCH_PATHS\=\ /Applications/Xcode.app/Contents/Developer/Platforms/MacOSX.platform/Developer/Library/Frameworks
    export TEST_LIBRARY_SEARCH_PATHS\=\ /Applications/Xcode.app/Contents/Developer/Platforms/MacOSX.platform/Developer/usr/lib
    export TOOLCHAINS\=com.apple.dt.toolchain.XcodeDefault
    export TOOLCHAIN_DIR\=/Applications/Xcode.app/Contents/Developer/Toolchains/XcodeDefault.xctoolchain
    export TREAT_MISSING_BASELINES_AS_TEST_FAILURES\=NO
    export TREAT_MISSING_SCRIPT_PHASE_OUTPUTS_AS_ERRORS\=NO
    export UID\=501
    export UNINSTALLED_PRODUCTS_DIR\=/Users/ozel0t/Notesnook/notesnook/apps/mobile/ios/build/Catalyst/Build/Intermediates.noindex/UninstalledProducts
    export UNSTRIPPED_PRODUCT\=NO
    export USER\=ozel0t
    export USER_APPS_DIR\=/Users/ozel0t/Applications
    export USER_LIBRARY_DIR\=/Users/ozel0t/Library
    export USE_DYNAMIC_NO_PIC\=YES
    export USE_HEADERMAP\=YES
    export USE_HEADER_SYMLINKS\=NO
    export USE_HERMES\=true
    export USE_RECURSIVE_SCRIPT_INPUTS_IN_SCRIPT_PHASES\=YES
    export VALIDATE_DEVELOPMENT_ASSET_PATHS\=YES_ERROR
    export VALIDATE_PRODUCT\=YES
    export VALID_ARCHS\=arm64\ arm64e\ arm64e.x1\ i386\ x86_64
    export VERBOSE_PBXCP\=NO
    export VERSION_INFO_BUILDER\=ozel0t
    export VERSION_INFO_FILE\=react-native-config_vers.c
    export VERSION_INFO_STRING\=\"@\(\#\)PROGRAM:react-native-config\ \ PROJECT:Pods-\"
    export WORKSPACE_DIR\=/Users/ozel0t/Notesnook/notesnook/apps/mobile/ios
    export WRAP_ASSET_PACKS_IN_SEPARATE_DIRECTORIES\=NO
    export XCODE_APP_SUPPORT_DIR\=/Applications/Xcode.app/Contents/Developer/Library/Xcode
    export XCODE_PRODUCT_BUILD_VERSION\=27A266a
    export XCODE_VERSION_ACTUAL\=2700
    export XCODE_VERSION_MAJOR\=2700
    export XCODE_VERSION_MINOR\=2700
    export XPCSERVICES_FOLDER_PATH\=/XPCServices
    export YACC\=yacc
    export _BOOL_\=NO
    export _BOOL_NO\=NO
    export _BOOL_YES\=YES
    export _DISCOVER_COMMAND_LINE_LINKER_INPUTS\=YES
    export _DISCOVER_COMMAND_LINE_LINKER_INPUTS_INCLUDE_WL\=YES
    export _IPHONEOS_DEPLOYMENT_TARGET_IS_EMPTY\=NO
    export _IS_EMPTY_\=YES
    export _LD_MULTIARCH\=YES
    export _SWIFT_EXPLICIT_MODULES_ALLOW_CXX_INTEROP\=YES
    export __ARCHS__\=arm64
    export __DIAGNOSE_DEPRECATED_ARCHS\=YES
    export __DIAGNOSE_INVALID_DEPLOYMENT_TARGET_AS_ERROR\=YES
    export __ORIGINAL_SDK_DEFINED_LLVM_TARGET_TRIPLE_SYS\=ios
    export arch\=undefined_arch
    export variant\=normal
    /bin/sh -c /Users/ozel0t/Notesnook/notesnook/apps/mobile/ios/build/Catalyst/Build/Intermediates.noindex/Pods.build/Release-maccatalyst/react-native-config.build/Script-46EB2E00034320.sh
+ HOST_PATH=/Users/ozel0t/Notesnook/notesnook/apps/mobile/ios/Pods/../..
+ /Users/ozel0t/Notesnook/notesnook/apps/mobile/ios/Pods/../../node_modules/react-native-config/ios/ReactNativeConfig/BuildDotenvConfig.rb /Users/ozel0t/Notesnook/notesnook/apps/mobile/ios/Pods/../.. /Users/ozel0t/Notesnook/notesnook/apps/mobile/ios/Pods/../../node_modules/react-native-config/ios/ReactNativeConfig
reading env file from /Users/ozel0t/Notesnook/notesnook/apps/mobile/ios/Pods/../.. and writing .m to /Users/ozel0t/Notesnook/notesnook/apps/mobile/ios/Pods/../../node_modules/react-native-config/ios/ReactNativeConfig
going to read env file from root folder /Users/ozel0t/Notesnook/notesnook/apps/mobile/ios/Pods/../..
read dotenv {"GITHUB_RELEASE" => "false"}
Wrote to /Users/ozel0t/Notesnook/notesnook/apps/mobile/ios/build/Catalyst/Build/Products/GeneratedInfoPlistDotEnv.h

PhaseScriptExecution [CP-User]\ [RN]Check\ FBReactNativeSpec /Users/ozel0t/Notesnook/notesnook/apps/mobile/ios/build/Catalyst/Build/Intermediates.noindex/Pods.build/Release-maccatalyst/React-RCTFBReactNativeSpec.build/Script-46EB2E000342E0.sh (in target 'React-RCTFBReactNativeSpec' from project 'Pods')
    cd /Users/ozel0t/Notesnook/notesnook/apps/mobile/ios/Pods
    export ACTION\=build
    export AD_HOC_CODE_SIGNING_ALLOWED\=YES
    export ALLOW_BUILD_REQUEST_OVERRIDES\=NO
    export ALLOW_TARGET_PLATFORM_SPECIALIZATION\=NO
    export ALTERNATE_GROUP\=staff
    export ALTERNATE_MODE\=u+w,go-w,a+rX
    export ALTERNATE_OWNER\=ozel0t
    export ALTERNATIVE_DISTRIBUTION_WEB\=NO
    export ALWAYS_EMBED_SWIFT_STANDARD_LIBRARIES\=NO
    export ALWAYS_SEARCH_USER_PATHS\=NO
    export ALWAYS_USE_SEPARATE_HEADERMAPS\=NO
    export APPLICATION_EXTENSION_API_ONLY\=NO
    export APPLY_RULES_IN_COPY_FILES\=NO
    export APPLY_RULES_IN_COPY_HEADERS\=NO
    export APP_SHORTCUTS_ENABLE_FLEXIBLE_MATCHING\=YES
    export ARCHS\=arm64
    export ARCHS_BASE\=arm64
    export ARCHS_STANDARD\=arm64\ x86_64
    export ARCHS_STANDARD_32_64_BIT\=arm64\ x86_64\ i386
    export ARCHS_STANDARD_32_BIT\=i386
    export ARCHS_STANDARD_64_BIT\=arm64\ x86_64
    export ARCHS_STANDARD_INCLUDING_64_BIT\=arm64\ x86_64
    export ARCH_COHORT_arm64e\=arm64e\ arm64e.x1
    export AUTOMATICALLY_MERGE_DEPENDENCIES\=NO
    export AUTOMATION_APPLE_EVENTS\=NO
    export AVAILABLE_PLATFORMS\=android\ appletvos\ appletvsimulator\ driverkit\ freebsd\ iphoneos\ iphonesimulator\ linux\ macosx\ none\ openbsd\ qnx\ staticlinux\ watchos\ watchsimulator\ webassembly\ xros\ xrsimulator
    export BUILD_ACTIVE_RESOURCES_ONLY\=NO
    export BUILD_COMPONENTS\=headers\ build
    export BUILD_DIR\=/Users/ozel0t/Notesnook/notesnook/apps/mobile/ios/build/Catalyst/Build/Products
    export BUILD_LIBRARY_FOR_DISTRIBUTION\=NO
    export BUILD_ONLY_KNOWN_LOCALIZATIONS\=NO
    export BUILD_ROOT\=/Users/ozel0t/Notesnook/notesnook/apps/mobile/ios/build/Catalyst/Build/Products
    export BUILD_STYLE\=
    export BUILD_VARIANTS\=normal
    export BUILT_PRODUCTS_DIR\=/Users/ozel0t/Notesnook/notesnook/apps/mobile/ios/build/Catalyst/Build/Products/Release-maccatalyst/React-RCTFBReactNativeSpec
    export BUNDLE_CONTENTS_FOLDER_PATH\=Contents/
    export BUNDLE_CONTENTS_FOLDER_PATH_deep\=Contents/
    export BUNDLE_EXECUTABLE_FOLDER_NAME_deep\=MacOS
    export BUNDLE_EXECUTABLE_FOLDER_PATH\=Contents/MacOS
    export BUNDLE_EXTENSIONS_FOLDER_PATH\=Contents/Extensions
    export BUNDLE_FORMAT\=deep
    export BUNDLE_FRAMEWORKS_FOLDER_PATH\=Contents/Frameworks
    export BUNDLE_PLUGINS_FOLDER_PATH\=Contents/PlugIns
    export BUNDLE_PRIVATE_HEADERS_FOLDER_PATH\=Contents/PrivateHeaders
    export BUNDLE_PUBLIC_HEADERS_FOLDER_PATH\=Contents/Headers
    export CACHE_ROOT\=/var/folders/86/45djkvrd2xs_ccbq4w22y12c0000gn/C/com.apple.DeveloperTools/27.0-27A266a/Xcode
    export CCHROOT\=/var/folders/86/45djkvrd2xs_ccbq4w22y12c0000gn/C/com.apple.DeveloperTools/27.0-27A266a/Xcode
    export CHMOD\=/bin/chmod
    export CHOWN\=chown
    export CLANG_ANALYZER_LOCALIZABILITY_NONLOCALIZED\=YES
    export CLANG_ANALYZER_NONNULL\=YES
    export CLANG_ANALYZER_NUMBER_OBJECT_CONVERSION\=YES_AGGRESSIVE
    export CLANG_CACHE_FINE_GRAINED_OUTPUTS\=YES
    export CLANG_CXX_LANGUAGE_STANDARD\=c++20
    export CLANG_CXX_LIBRARY\=libc++
    export CLANG_ENABLE_EXPLICIT_MODULES\=YES
    export CLANG_ENABLE_MODULES\=YES
    export CLANG_ENABLE_MODULE_DEBUGGING\=NO
    export CLANG_ENABLE_OBJC_ARC\=YES
    export CLANG_ENABLE_OBJC_WEAK\=NO
    export CLANG_MODULES_BUILD_SESSION_FILE\=/Users/ozel0t/Notesnook/notesnook/apps/mobile/ios/build/Catalyst/ModuleCache.noindex/Session.modulevalidation
    export CLANG_WARN_BLOCK_CAPTURE_AUTORELEASING\=YES
    export CLANG_WARN_BOOL_CONVERSION\=YES
    export CLANG_WARN_COMMA\=YES
    export CLANG_WARN_CONSTANT_CONVERSION\=YES
    export CLANG_WARN_DEPRECATED_OBJC_IMPLEMENTATIONS\=YES
    export CLANG_WARN_DIRECT_OBJC_ISA_USAGE\=YES_ERROR
    export CLANG_WARN_DOCUMENTATION_COMMENTS\=YES
    export CLANG_WARN_EMPTY_BODY\=YES
    export CLANG_WARN_ENUM_CONVERSION\=YES
    export CLANG_WARN_INFINITE_RECURSION\=YES
    export CLANG_WARN_INT_CONVERSION\=YES
    export CLANG_WARN_NON_LITERAL_NULL_CONVERSION\=YES
    export CLANG_WARN_OBJC_IMPLICIT_RETAIN_SELF\=YES
    export CLANG_WARN_OBJC_LITERAL_CONVERSION\=YES
    export CLANG_WARN_OBJC_ROOT_CLASS\=YES_ERROR
    export CLANG_WARN_QUOTED_INCLUDE_IN_FRAMEWORK_HEADER\=NO
    export CLANG_WARN_RANGE_LOOP_ANALYSIS\=YES
    export CLANG_WARN_STRICT_PROTOTYPES\=YES
    export CLANG_WARN_SUSPICIOUS_MOVE\=YES
    export CLANG_WARN_UNGUARDED_AVAILABILITY\=YES_AGGRESSIVE
    export CLANG_WARN_UNREACHABLE_CODE\=YES
    export CLANG_WARN__DUPLICATE_METHOD_MATCH\=YES
    export CLASS_FILE_DIR\=/Users/ozel0t/Notesnook/notesnook/apps/mobile/ios/build/Catalyst/Build/Intermediates.noindex/Pods.build/Release-maccatalyst/React-RCTFBReactNativeSpec.build/JavaClasses
    export CLEAN_PRECOMPS\=YES
    export CLONE_HEADERS\=NO
    export CODESIGNING_FOLDER_PATH\=/Users/ozel0t/Notesnook/notesnook/apps/mobile/ios/build/Catalyst/Build/Products/Release-maccatalyst/React-RCTFBReactNativeSpec/libReact-RCTFBReactNativeSpec.a
    export CODE_SIGNING_ALLOWED\=NO
    export CODE_SIGNING_REQUIRED\=YES
    export CODE_SIGN_IDENTITY\=Apple\ Development
    export CODE_SIGN_INJECT_BASE_ENTITLEMENTS\=YES
    export COLOR_DIAGNOSTICS\=NO
    export COMBINE_HIDPI_IMAGES\=NO
    export COMPILATION_CACHE_CAS_PATH\=/Users/ozel0t/Notesnook/notesnook/apps/mobile/ios/build/Catalyst/CompilationCache.noindex
    export COMPILATION_CACHE_KEEP_CAS_DIRECTORY\=YES
    export COMPILER_INDEX_STORE_ENABLE\=Default
    export COMPOSITE_SDK_DIRS\=/Users/ozel0t/Notesnook/notesnook/apps/mobile/ios/build/Catalyst/Build/Intermediates.noindex/CompositeSDKs
    export COMPRESS_PNG_FILES\=NO
    export CONFIGURATION\=Release
    export CONFIGURATION_BUILD_DIR\=/Users/ozel0t/Notesnook/notesnook/apps/mobile/ios/build/Catalyst/Build/Products/Release-maccatalyst/React-RCTFBReactNativeSpec
    export CONFIGURATION_TEMP_DIR\=/Users/ozel0t/Notesnook/notesnook/apps/mobile/ios/build/Catalyst/Build/Intermediates.noindex/Pods.build/Release-maccatalyst
    export COPYING_PRESERVES_HFS_DATA\=NO
    export COPY_HEADERS_RUN_UNIFDEF\=NO
    export COPY_PHASE_STRIP\=NO
    export CP\=/bin/cp
    export CREATE_INFOPLIST_SECTION_IN_BINARY\=NO
    export CURRENT_ARCH\=undefined_arch
    export CURRENT_VARIANT\=normal
    export DEAD_CODE_STRIPPING\=NO
    export DEBUGGING_SYMBOLS\=YES
    export DEBUG_INFORMATION_FORMAT\=dwarf-with-dsym
    export DEBUG_INFORMATION_VERSION\=compiler-default
    export DEFAULT_COMPILER\=com.apple.compilers.llvm.clang.1_0
    export DEFAULT_DEXT_INSTALL_PATH\=/System/Library/DriverExtensions
    export DEFAULT_KEXT_INSTALL_PATH\=/System/Library/Extensions
    export DEFINES_MODULE\=NO
    export DEPLOYMENT_LOCATION\=NO
    export DEPLOYMENT_POSTPROCESSING\=NO
    export DEPLOYMENT_TARGET_SETTING_NAME\=MACOSX_DEPLOYMENT_TARGET
    export DEPLOYMENT_TARGET_SUGGESTED_VALUES\=12.0\ 12.2\ 12.3\ 12.4\ 13.0\ 13.1\ 13.2\ 13.3\ 13.4\ 13.5\ 14.0\ 14.1\ 14.2\ 14.3\ 14.4\ 14.5\ 14.6\ 15.0\ 15.1\ 15.2\ 15.3\ 15.4\ 15.5\ 15.6\ 26.0\ 26.1\ 26.2\ 26.3\ 26.4\ 26.5\ 26.6\ 27.0
    export DERIVED_FILES_DIR\=/Users/ozel0t/Notesnook/notesnook/apps/mobile/ios/build/Catalyst/Build/Intermediates.noindex/Pods.build/Release-maccatalyst/React-RCTFBReactNativeSpec.build/DerivedSources
    export DERIVED_FILE_DIR\=/Users/ozel0t/Notesnook/notesnook/apps/mobile/ios/build/Catalyst/Build/Intermediates.noindex/Pods.build/Release-maccatalyst/React-RCTFBReactNativeSpec.build/DerivedSources
    export DERIVED_SOURCES_DIR\=/Users/ozel0t/Notesnook/notesnook/apps/mobile/ios/build/Catalyst/Build/Intermediates.noindex/Pods.build/Release-maccatalyst/React-RCTFBReactNativeSpec.build/DerivedSources
    export DEVELOPER_APPLICATIONS_DIR\=/Applications/Xcode.app/Contents/Developer/Applications
    export DEVELOPER_BIN_DIR\=/Applications/Xcode.app/Contents/Developer/usr/bin
    export DEVELOPER_DIR\=/Applications/Xcode.app/Contents/Developer
    export DEVELOPER_FRAMEWORKS_DIR\=/Applications/Xcode.app/Contents/Developer/Library/Frameworks
    export DEVELOPER_FRAMEWORKS_DIR_QUOTED\=/Applications/Xcode.app/Contents/Developer/Library/Frameworks
    export DEVELOPER_LIBRARY_DIR\=/Applications/Xcode.app/Contents/Developer/Library
    export DEVELOPER_SDK_DIR\=/Applications/Xcode.app/Contents/Developer/Platforms/MacOSX.platform/Developer/SDKs
    export DEVELOPER_TOOLS_DIR\=/Applications/Xcode.app/Contents/Developer/Tools
    export DEVELOPER_USR_DIR\=/Applications/Xcode.app/Contents/Developer/usr
    export DEVELOPMENT_LANGUAGE\=en
    export DIAGNOSE_MISSING_TARGET_DEPENDENCIES\=YES
    export DIFF\=/usr/bin/diff
    export DONT_GENERATE_INFOPLIST_FILE\=NO
    export DSTROOT\=/tmp/Pods.dst
    export DT_TOOLCHAIN_DIR\=/Applications/Xcode.app/Contents/Developer/Toolchains/XcodeDefault.xctoolchain
    export DWARF_DSYM_FILE_NAME\=libReact-RCTFBReactNativeSpec.a.dSYM
    export DWARF_DSYM_FILE_SHOULD_ACCOMPANY_PRODUCT\=NO
    export DWARF_DSYM_FOLDER_PATH\=/Users/ozel0t/Notesnook/notesnook/apps/mobile/ios/build/Catalyst/Build/Products/Release-maccatalyst/React-RCTFBReactNativeSpec
    export DYNAMIC_LIBRARY_EXTENSION\=dylib
    export EAGER_COMPILATION_ALLOW_SCRIPTS\=NO
    export EAGER_LINKING\=NO
    export EFFECTIVE_PLATFORM_NAME\=-maccatalyst
    export EFFECTIVE_PLATFORM_NAME_MAC_CATALYST_USE_DISTINCT_BUILD_DIR\=YES
    export EFFECTIVE_PLATFORM_NAME_MAC_CATALYST_USE_DISTINCT_BUILD_DIR_YES\=-maccatalyst
    export EFFECTIVE_SWIFT_VERSION\=5
    export EMBEDDED_CONTENT_CONTAINS_SWIFT\=NO
    export EMBEDDED_PROFILE_NAME\=embedded.provisionprofile
    export EMBED_ASSET_PACKS_IN_PRODUCT_BUNDLE\=NO
    export ENABLE_APP_SANDBOX\=NO
    export ENABLE_CODE_COVERAGE\=YES
    export ENABLE_COHORT_ARCHS\=YES
    export ENABLE_CPLUSPLUS_BOUNDS_SAFE_BUFFERS\=NO
    export ENABLE_C_BOUNDS_SAFETY\=NO
    export ENABLE_DEBUG_DYLIB\=NO
    export ENABLE_DEFAULT_HEADER_SEARCH_PATHS\=YES
    export ENABLE_DEFAULT_SEARCH_PATHS\=YES
    export ENABLE_ENHANCED_SECURITY\=NO
    export ENABLE_HARDENED_RUNTIME\=YES
    export ENABLE_HARDWARE_CHECKED_POINTER_ARITHMETIC_SLICE\=NO
    export ENABLE_HEADER_DEPENDENCIES\=YES
    export ENABLE_INCOMING_NETWORK_CONNECTIONS\=NO
    export ENABLE_MODULE_VERIFIER\=NO
    export ENABLE_NS_ASSERTIONS\=NO
    export ENABLE_ON_DEMAND_RESOURCES\=NO
    export ENABLE_OUTGOING_NETWORK_CONNECTIONS\=NO
    export ENABLE_POINTER_AUTHENTICATION\=NO
    export ENABLE_PREVIEWS\=NO
    export ENABLE_RESOURCE_ACCESS_AUDIO_INPUT\=NO
    export ENABLE_RESOURCE_ACCESS_BLUETOOTH\=NO
    export ENABLE_RESOURCE_ACCESS_CALENDARS\=NO
    export ENABLE_RESOURCE_ACCESS_CAMERA\=NO
    export ENABLE_RESOURCE_ACCESS_CONTACTS\=NO
    export ENABLE_RESOURCE_ACCESS_LOCATION\=NO
    export ENABLE_RESOURCE_ACCESS_PHOTO_LIBRARY\=NO
    export ENABLE_RESOURCE_ACCESS_PRINTING\=NO
    export ENABLE_RESOURCE_ACCESS_USB\=NO
    export ENABLE_SDK_IMPORTS\=NO
    export ENABLE_SECURITY_COMPILER_WARNINGS\=NO
    export ENABLE_STRICT_OBJC_MSGSEND\=YES
    export ENABLE_TESTABILITY\=NO
    export ENABLE_TESTING_SEARCH_PATHS\=NO
    export ENABLE_USER_SCRIPT_SANDBOXING\=NO
    export ENABLE_XOJIT_PREVIEWS\=NO
    export ENFORCE_VALID_ARCHS\=YES
    export ENTITLEMENTS_DESTINATION\=Signature
    export ENTITLEMENTS_REQUIRED\=YES
    export EXCLUDED_ARCHS\=x86_64
    export EXCLUDED_INSTALLSRC_SUBDIRECTORY_PATTERNS\=.DS_Store\ .svn\ .git\ .hg\ CVS
    export EXCLUDED_RECURSIVE_SEARCH_PATH_SUBDIRECTORIES\=\*.nib\ \*.lproj\ \*.framework\ \*.gch\ \*.xcode\*\ \*.xcassets\ \*.icon\ \(\*\)\ .DS_Store\ CVS\ .svn\ .git\ .hg\ \*.pbproj\ \*.pbxproj
    export EXECUTABLE_EXTENSION\=a
    export EXECUTABLE_NAME\=libReact-RCTFBReactNativeSpec.a
    export EXECUTABLE_PATH\=libReact-RCTFBReactNativeSpec.a
    export EXECUTABLE_PREFIX\=lib
    export EXECUTABLE_SUFFIX\=.a
    export FILE_LIST\=/Users/ozel0t/Notesnook/notesnook/apps/mobile/ios/build/Catalyst/Build/Intermediates.noindex/Pods.build/Release-maccatalyst/React-RCTFBReactNativeSpec.build/Objects/LinkFileList
    export FIXED_FILES_DIR\=/Users/ozel0t/Notesnook/notesnook/apps/mobile/ios/build/Catalyst/Build/Intermediates.noindex/Pods.build/Release-maccatalyst/React-RCTFBReactNativeSpec.build/FixedFiles
    export FRAMEWORK_FLAG_PREFIX\=-framework
    export FRAMEWORK_SEARCH_PATHS\=/Users/ozel0t/Notesnook/notesnook/apps/mobile/ios/build/Catalyst/Build/Products/Release-maccatalyst/React-RCTFBReactNativeSpec\ \ \"/Users/ozel0t/Notesnook/notesnook/apps/mobile/ios/Pods/hermes-engine/destroot/Library/Frameworks/universal\"\ \"/Users/ozel0t/Notesnook/notesnook/apps/mobile/ios/build/Catalyst/Build/Products/Release-maccatalyst/XCFrameworkIntermediates/hermes-engine/Pre-built\"
    export FRAMEWORK_VERSION\=A
    export FULL_PRODUCT_NAME\=libReact-RCTFBReactNativeSpec.a
    export FUSE_BUILD_PHASES\=YES
    export FUSE_BUILD_SCRIPT_PHASES\=NO
    export GCC3_VERSION\=3.3
    export GCC_C_LANGUAGE_STANDARD\=gnu11
    export GCC_NO_COMMON_BLOCKS\=YES
    export GCC_PFE_FILE_C_DIALECTS\=c\ objective-c\ c++\ objective-c++
    export GCC_PREFIX_HEADER\=Target\ Support\ Files/React-RCTFBReactNativeSpec/React-RCTFBReactNativeSpec-prefix.pch
    export GCC_PREPROCESSOR_DEFINITIONS\=POD_CONFIGURATION_RELEASE\=1\ \ COCOAPODS\=1
    export GCC_TREAT_WARNINGS_AS_ERRORS\=NO
    export GCC_VERSION\=com.apple.compilers.llvm.clang.1_0
    export GCC_VERSION_IDENTIFIER\=com_apple_compilers_llvm_clang_1_0
    export GCC_WARN_64_TO_32_BIT_CONVERSION\=YES
    export GCC_WARN_ABOUT_RETURN_TYPE\=YES_ERROR
    export GCC_WARN_UNDECLARED_SELECTOR\=YES
    export GCC_WARN_UNINITIALIZED_AUTOS\=YES_AGGRESSIVE
    export GCC_WARN_UNUSED_FUNCTION\=YES
    export GCC_WARN_UNUSED_VARIABLE\=YES
    export GENERATED_MODULEMAP_DIR\=/Users/ozel0t/Notesnook/notesnook/apps/mobile/ios/build/Catalyst/Build/Intermediates.noindex/GeneratedModuleMaps-maccatalyst
    export GENERATE_INFOPLIST_FILE\=NO
    export GENERATE_INTERMEDIATE_TEXT_BASED_STUBS\=YES
    export GENERATE_PKGINFO_FILE\=NO
    export GENERATE_PRELINK_OBJECT_FILE\=NO
    export GENERATE_PROFILING_CODE\=NO
    export GENERATE_TEXT_BASED_STUBS\=NO
    export GID\=20
    export GROUP\=staff
    export HEADERMAP_INCLUDES_FLAT_ENTRIES_FOR_TARGET_BEING_BUILT\=YES
    export HEADERMAP_INCLUDES_FRAMEWORK_ENTRIES_FOR_ALL_PRODUCT_TYPES\=YES
    export HEADERMAP_INCLUDES_FRAMEWORK_ENTRIES_FOR_TARGETS_NOT_BEING_BUILT\=YES
    export HEADERMAP_INCLUDES_NONPUBLIC_NONPRIVATE_HEADERS\=YES
    export HEADERMAP_INCLUDES_PROJECT_HEADERS\=YES
    export HEADERMAP_USES_FRAMEWORK_PREFIX_ENTRIES\=YES
    export HEADERMAP_USES_VFS\=NO
    export HEADER_SEARCH_PATHS\=/Users/ozel0t/Notesnook/notesnook/apps/mobile/ios/build/Catalyst/Build/Products/Release-maccatalyst/React-RCTFBReactNativeSpec/include\ \ \"/Users/ozel0t/Notesnook/notesnook/apps/mobile/ios/Pods/Headers/Private\"\ \"/Users/ozel0t/Notesnook/notesnook/apps/mobile/ios/Pods/Headers/Private/React-RCTFBReactNativeSpec\"\ \"/Users/ozel0t/Notesnook/notesnook/apps/mobile/ios/Pods/Headers/Public\"\ \"/Users/ozel0t/Notesnook/notesnook/apps/mobile/ios/Pods/Headers/Public/DoubleConversion\"\ \"/Users/ozel0t/Notesnook/notesnook/apps/mobile/ios/Pods/Headers/Public/FBLazyVector\"\ \"/Users/ozel0t/Notesnook/notesnook/apps/mobile/ios/Pods/Headers/Public/RCT-Folly\"\ \"/Users/ozel0t/Notesnook/notesnook/apps/mobile/ios/Pods/Headers/Public/RCTDeprecation\"\ \"/Users/ozel0t/Notesnook/notesnook/apps/mobile/ios/Pods/Headers/Public/RCTRequired\"\ \"/Users/ozel0t/Notesnook/notesnook/apps/mobile/ios/Pods/Headers/Public/RCTTypeSafety\"\ \"/Users/ozel0t/Notesnook/notesnook/apps/mobile/ios/Pods/Headers/Public/React-Core\"\ \"/Users/ozel0t/Notesnook/notesnook/apps/mobile/ios/Pods/Headers/Public/React-Fabric\"\ \"/Users/ozel0t/Notesnook/notesnook/apps/mobile/ios/Pods/Headers/Public/React-NativeModulesApple\"\ \"/Users/ozel0t/Notesnook/notesnook/apps/mobile/ios/Pods/Headers/Public/React-RCTFBReactNativeSpec\"\ \"/Users/ozel0t/Notesnook/notesnook/apps/mobile/ios/Pods/Headers/Public/React-callinvoker\"\ \"/Users/ozel0t/Notesnook/notesnook/apps/mobile/ios/Pods/Headers/Public/React-cxxreact\"\ \"/Users/ozel0t/Notesnook/notesnook/apps/mobile/ios/Pods/Headers/Public/React-debug\"\ \"/Users/ozel0t/Notesnook/notesnook/apps/mobile/ios/Pods/Headers/Public/React-featureflags\"\ \"/Users/ozel0t/Notesnook/notesnook/apps/mobile/ios/Pods/Headers/Public/React-graphics\"\ \"/Users/ozel0t/Notesnook/notesnook/apps/mobile/ios/Pods/Headers/Public/React-hermes\"\ \"/Users/ozel0t/Notesnook/notesnook/apps/mobile/ios/Pods/Headers/Public/React-jsi\"\ \"/Users/ozel0t/Notesnook/notesnook/apps/mobile/ios/Pods/Headers/Public/React-jsiexecutor\"\ \"/Users/ozel0t/Notesnook/notesnook/apps/mobile/ios/Pods/Headers/Public/React-jsinspector\"\ \"/Users/ozel0t/Notesnook/notesnook/apps/mobile/ios/Pods/Headers/Public/React-jsinspectorcdp\"\ \"/Users/ozel0t/Notesnook/notesnook/apps/mobile/ios/Pods/Headers/Public/React-jsinspectornetwork\"\ \"/Users/ozel0t/Notesnook/notesnook/apps/mobile/ios/Pods/Headers/Public/React-jsinspectortracing\"\ \"/Users/ozel0t/Notesnook/notesnook/apps/mobile/ios/Pods/Headers/Public/React-jsitooling\"\ \"/Users/ozel0t/Notesnook/notesnook/apps/mobile/ios/Pods/Headers/Public/React-logger\"\ \"/Users/ozel0t/Notesnook/notesnook/apps/mobile/ios/Pods/Headers/Public/React-oscompat\"\ \"/Users/ozel0t/Notesnook/notesnook/apps/mobile/ios/Pods/Headers/Public/React-perflogger\"\ \"/Users/ozel0t/Notesnook/notesnook/apps/mobile/ios/Pods/Headers/Public/React-performancecdpmetrics\"\ \"/Users/ozel0t/Notesnook/notesnook/apps/mobile/ios/Pods/Headers/Public/React-performancetimeline\"\ \"/Users/ozel0t/Notesnook/notesnook/apps/mobile/ios/Pods/Headers/Public/React-rendererconsistency\"\ \"/Users/ozel0t/Notesnook/notesnook/apps/mobile/ios/Pods/Headers/Public/React-renderercss\"\ \"/Users/ozel0t/Notesnook/notesnook/apps/mobile/ios/Pods/Headers/Public/React-rendererdebug\"\ \"/Users/ozel0t/Notesnook/notesnook/apps/mobile/ios/Pods/Headers/Public/React-runtimeexecutor\"\ \"/Users/ozel0t/Notesnook/notesnook/apps/mobile/ios/Pods/Headers/Public/React-runtimescheduler\"\ \"/Users/ozel0t/Notesnook/notesnook/apps/mobile/ios/Pods/Headers/Public/React-timing\"\ \"/Users/ozel0t/Notesnook/notesnook/apps/mobile/ios/Pods/Headers/Public/React-utils\"\ \"/Users/ozel0t/Notesnook/notesnook/apps/mobile/ios/Pods/Headers/Public/ReactCommon\"\ \"/Users/ozel0t/Notesnook/notesnook/apps/mobile/ios/Pods/Headers/Public/SocketRocket\"\ \"/Users/ozel0t/Notesnook/notesnook/apps/mobile/ios/Pods/Headers/Public/Yoga\"\ \"/Users/ozel0t/Notesnook/notesnook/apps/mobile/ios/Pods/Headers/Public/boost\"\ \"/Users/ozel0t/Notesnook/notesnook/apps/mobile/ios/Pods/Headers/Public/fast_float\"\ \"/Users/ozel0t/Notesnook/notesnook/apps/mobile/ios/Pods/Headers/Public/fmt\"\ \"/Users/ozel0t/Notesnook/notesnook/apps/mobile/ios/Pods/Headers/Public/glog\"\ \"/Users/ozel0t/Notesnook/notesnook/apps/mobile/ios/Pods/Headers/Public/hermes-engine\"\ \"/Users/ozel0t/Notesnook/notesnook/apps/mobile/ios/Pods/../../node_modules/react-native/React/FBReactNativeSpec\"\ \"/Users/ozel0t/Notesnook/notesnook/apps/mobile/ios/Pods/Headers/Private/Yoga\"\ \"/Users/ozel0t/Notesnook/notesnook/apps/mobile/ios/build/Catalyst/Build/Products/Release-maccatalyst/ReactCommon/ReactCommon.framework/Headers\"\ \"/Users/ozel0t/Notesnook/notesnook/apps/mobile/ios/build/Catalyst/Build/Products/Release-maccatalyst/ReactCommon/ReactCommon.framework/Headers/react/nativemodule/core\"\ \"/Users/ozel0t/Notesnook/notesnook/apps/mobile/ios/build/Catalyst/Build/Products/Release-maccatalyst/ReactCommon/ReactCommon.framework/Headers\"\ \"/Users/ozel0t/Notesnook/notesnook/apps/mobile/ios/build/Catalyst/Build/Products/Release-maccatalyst/ReactCommon/ReactCommon.framework/Headers/react/nativemodule/bridging\"\ /Users/ozel0t/Notesnook/notesnook/apps/mobile/ios/Pods/glog\ /Users/ozel0t/Notesnook/notesnook/apps/mobile/ios/Pods/boost\ /Users/ozel0t/Notesnook/notesnook/apps/mobile/ios/Pods/DoubleConversion\ /Users/ozel0t/Notesnook/notesnook/apps/mobile/ios/Pods/fast_float/include\ /Users/ozel0t/Notesnook/notesnook/apps/mobile/ios/Pods/fmt/include\ /Users/ozel0t/Notesnook/notesnook/apps/mobile/ios/Pods/SocketRocket\ /Users/ozel0t/Notesnook/notesnook/apps/mobile/ios/Pods/RCT-Folly\ \"/Users/ozel0t/Notesnook/notesnook/apps/mobile/ios/Pods/../../node_modules/react-native/React/FBReactNativeSpec\"\ \"/Users/ozel0t/Notesnook/notesnook/apps/mobile/ios/Pods/Headers/Private/Yoga\"\ \"/Users/ozel0t/Notesnook/notesnook/apps/mobile/ios/build/Catalyst/Build/Products/Release-maccatalyst/ReactCommon/ReactCommon.framework/Headers\"\ \"/Users/ozel0t/Notesnook/notesnook/apps/mobile/ios/build/Catalyst/Build/Products/Release-maccatalyst/ReactCommon/ReactCommon.framework/Headers/react/nativemodule/core\"\ \"/Users/ozel0t/Notesnook/notesnook/apps/mobile/ios/build/Catalyst/Build/Products/Release-maccatalyst/ReactCommon/ReactCommon.framework/Headers\"\ \"/Users/ozel0t/Notesnook/notesnook/apps/mobile/ios/build/Catalyst/Build/Products/Release-maccatalyst/ReactCommon/ReactCommon.framework/Headers/react/nativemodule/bridging\"\ /Users/ozel0t/Notesnook/notesnook/apps/mobile/ios/Pods/glog\ /Users/ozel0t/Notesnook/notesnook/apps/mobile/ios/Pods/boost\ /Users/ozel0t/Notesnook/notesnook/apps/mobile/ios/Pods/DoubleConversion\ /Users/ozel0t/Notesnook/notesnook/apps/mobile/ios/Pods/fast_float/include\ /Users/ozel0t/Notesnook/notesnook/apps/mobile/ios/Pods/fmt/include\ /Users/ozel0t/Notesnook/notesnook/apps/mobile/ios/Pods/SocketRocket\ /Users/ozel0t/Notesnook/notesnook/apps/mobile/ios/Pods/RCT-Folly\ \"/Users/ozel0t/Notesnook/notesnook/apps/mobile/ios/build/Catalyst/Build/Products/Release-maccatalyst/React-featureflags/React_featureflags.framework/Headers\"\ \"/Users/ozel0t/Notesnook/notesnook/apps/mobile/ios/build/Catalyst/Build/Products/Release-maccatalyst/React-debug/React_debug.framework/Headers\"\ \"/Users/ozel0t/Notesnook/notesnook/apps/mobile/ios/build/Catalyst/Build/Products/Release-maccatalyst/React-rendererdebug/React_rendererdebug.framework/Headers\"\ \"/Users/ozel0t/Notesnook/notesnook/apps/mobile/ios/build/Catalyst/Build/Products/Release-maccatalyst/React-utils/React_utils.framework/Headers\"\ \"/Users/ozel0t/Notesnook/notesnook/apps/mobile/ios/build/Catalyst/Build/Products/Release-maccatalyst/React-graphics/React_graphics.framework/Headers\"\ \"/Users/ozel0t/Notesnook/notesnook/apps/mobile/ios/build/Catalyst/Build/Products/Release-maccatalyst/React-graphics/React_graphics.framework/Headers/react/renderer/graphics/platform/ios\"\ \"/Users/ozel0t/Notesnook/notesnook/apps/mobile/ios/build/Catalyst/Build/Products/Release-maccatalyst/React-Fabric/React_Fabric.framework/Headers\"\ \"/Users/ozel0t/Notesnook/notesnook/apps/mobile/ios/build/Catalyst/Build/Products/Release-maccatalyst/React-Fabric/React_Fabric.framework/Headers/react/renderer/components/view/platform/cxx\"
    export HOME\=/Users/ozel0t
    export HOST_ARCH\=arm64
    export HOST_PLATFORM\=macosx
    export ICONV\=/usr/bin/iconv
    export IMPLICIT_DEPENDENCY_DOMAIN\=default
    export INDEX_ENABLE_OPTIMIZATION_LEVEL_OVERRIDE\=YES
    export INDEX_STORE_COMPRESS\=NO
    export INDEX_STORE_ONLY_PROJECT_FILES\=NO
    export INFOPLIST_ENABLE_CFBUNDLEICONS_MERGE\=YES
    export INFOPLIST_EXPAND_BUILD_SETTINGS\=YES
    export INFOPLIST_OUTPUT_FORMAT\=same-as-input
    export INFOPLIST_PREPROCESS\=NO
    export INLINE_PRIVATE_FRAMEWORKS\=NO
    export INSTALLAPI_IGNORE_SKIP_INSTALL\=YES
    export INSTALLHDRS_COPY_PHASE\=NO
    export INSTALLHDRS_SCRIPT_PHASE\=NO
    export INSTALL_DIR\=/tmp/Pods.dst/usr/local/lib
    export INSTALL_GROUP\=staff
    export INSTALL_MODE_FLAG\=u+w,go-w,a+rX
    export INSTALL_OWNER\=ozel0t
    export INSTALL_PATH\=/usr/local/lib
    export INSTALL_ROOT\=/tmp/Pods.dst
    export IOS_UNZIPPERED_TWIN_PREFIX_PATH\=/System/iOSSupport
    export IS_MACCATALYST\=YES
    export IS_UNOPTIMIZED_BUILD\=NO
    export JAVAC_DEFAULT_FLAGS\=-J-Xms64m\ -J-XX:NewSize\=4M\ -J-Dfile.encoding\=UTF8
    export JAVA_APP_STUB\=/System/Library/Frameworks/JavaVM.framework/Resources/MacOS/JavaApplicationStub
    export JAVA_ARCHIVE_CLASSES\=YES
    export JAVA_ARCHIVE_TYPE\=JAR
    export JAVA_COMPILER\=/usr/bin/javac
    export JAVA_FRAMEWORK_RESOURCES_DIRS\=Resources
    export JAVA_JAR_FLAGS\=cv
    export JAVA_SOURCE_SUBDIR\=.
    export JAVA_USE_DEPENDENCIES\=YES
    export JAVA_ZIP_FLAGS\=-urg
    export JIKES_DEFAULT_FLAGS\=+E\ +OLDCSO
    export KASAN_CFLAGS_CLASSIC\=-DKASAN\=1\ -DKASAN_CLASSIC\=1\ -fsanitize\=address\ -mllvm\ -asan-globals-live-support\ -mllvm\ -asan-force-dynamic-shadow
    export KASAN_CFLAGS_TBI\=-DKASAN\=1\ -DKASAN_TBI\=1\ -fsanitize\=kernel-hwaddress\ -mllvm\ -hwasan-recover\=0\ -mllvm\ -hwasan-instrument-atomics\=0\ -mllvm\ -hwasan-instrument-stack\=1\ -mllvm\ -hwasan-generate-tags-with-calls\=1\ -mllvm\ -hwasan-instrument-with-calls\=1\ -mllvm\ -hwasan-use-short-granules\=0\ -mllvm\ -hwasan-memory-access-callback-prefix\=__asan_
    export KASAN_DEFAULT_CFLAGS\=-DKASAN\=1\ -DKASAN_CLASSIC\=1\ -fsanitize\=address\ -mllvm\ -asan-globals-live-support\ -mllvm\ -asan-force-dynamic-shadow
    export KEEP_PRIVATE_EXTERNS\=NO
    export LD_DEPENDENCY_INFO_FILE\=/Users/ozel0t/Notesnook/notesnook/apps/mobile/ios/build/Catalyst/Build/Intermediates.noindex/Pods.build/Release-maccatalyst/React-RCTFBReactNativeSpec.build/Objects-normal/undefined_arch/React-RCTFBReactNativeSpec_dependency_info.dat
    export LD_EXPORT_SYMBOLS\=YES
    export LD_GENERATE_MAP_FILE\=NO
    export LD_MAP_FILE_PATH\=/Users/ozel0t/Notesnook/notesnook/apps/mobile/ios/build/Catalyst/Build/Intermediates.noindex/Pods.build/Release-maccatalyst/React-RCTFBReactNativeSpec.build/React-RCTFBReactNativeSpec-LinkMap-normal-undefined_arch.txt
    export LD_NO_PIE\=NO
    export LD_QUOTE_LINKER_ARGUMENTS_FOR_COMPILER_DRIVER\=YES
    export LD_SHARED_CACHE_ELIGIBLE\=Automatic
    export LD_WARN_DUPLICATE_LIBRARIES\=NO
    export LD_WARN_UNUSED_DYLIBS\=NO
    export LEGACY_DEVELOPER_DIR\=/Applications/Xcode.app/Contents/PlugIns/Xcode3Core.ideplugin/Contents/SharedSupport/Developer
    export LEX\=lex
    export LIBRARY_DEXT_INSTALL_PATH\=/Library/DriverExtensions
    export LIBRARY_FLAG_NOSPACE\=YES
    export LIBRARY_FLAG_PREFIX\=-l
    export LIBRARY_KEXT_INSTALL_PATH\=/Library/Extensions
    export LIBRARY_SEARCH_PATHS\=/Users/ozel0t/Notesnook/notesnook/apps/mobile/ios/build/Catalyst/Build/Products/Release-maccatalyst/React-RCTFBReactNativeSpec\ \ /Applications/Xcode.app/Contents/Developer/Platforms/MacOSX.platform/Developer/SDKs/MacOSX27.0.sdk/System/iOSSupport/usr/lib\ /Applications/Xcode.app/Contents/Developer/Toolchains/XcodeDefault.xctoolchain/usr/lib/swift/maccatalyst\ \ /Applications/Xcode.app/Contents/Developer/Platforms/MacOSX.platform/Developer/SDKs/MacOSX27.0.sdk/System/iOSSupport/usr/lib\ /Applications/Xcode.app/Contents/Developer/Toolchains/XcodeDefault.xctoolchain/usr/lib/swift/maccatalyst
    export LINKER_DISPLAYS_MANGLED_NAMES\=NO
    export LINK_FILE_LIST_normal_arm64\=/Users/ozel0t/Notesnook/notesnook/apps/mobile/ios/build/Catalyst/Build/Intermediates.noindex/Pods.build/Release-maccatalyst/React-RCTFBReactNativeSpec.build/Objects-normal/arm64/React-RCTFBReactNativeSpec.LinkFileList
    export LINK_OBJC_RUNTIME\=YES
    export LINK_WITH_STANDARD_LIBRARIES\=YES
    export LLVM_TARGET_TRIPLE_OS_VERSION\=ios15.6
    export LLVM_TARGET_TRIPLE_OS_VERSION_NO\=ios15.6
    export LLVM_TARGET_TRIPLE_OS_VERSION_YES\=ios27.0
    export LLVM_TARGET_TRIPLE_SUFFIX\=-macabi
    export LLVM_TARGET_TRIPLE_VENDOR\=apple
    export LM_AUX_CONST_METADATA_LIST_PATH_normal_arm64\=/Users/ozel0t/Notesnook/notesnook/apps/mobile/ios/build/Catalyst/Build/Intermediates.noindex/Pods.build/Release-maccatalyst/React-RCTFBReactNativeSpec.build/Objects-normal/arm64/React-RCTFBReactNativeSpec.SwiftConstValuesFileList
    export LOCALIZATION_EXPORT_SUPPORTED\=YES
    export LOCALIZATION_PREFERS_STRING_CATALOGS\=NO
    export LOCALIZED_STRING_CODE_COMMENTS\=NO
    export LOCALIZED_STRING_MACRO_NAMES\=NSLocalizedString\ CFCopyLocalizedString
    export LOCALIZED_STRING_SWIFTUI_SUPPORT\=YES
    export LOCAL_ADMIN_APPS_DIR\=/Applications/Utilities
    export LOCAL_APPS_DIR\=/Applications
    export LOCAL_DEVELOPER_DIR\=/Library/Developer
    export LOCAL_LIBRARY_DIR\=/Library
    export LOCROOT\=/Users/ozel0t/Notesnook/notesnook/apps/mobile/ios/Pods
    export LOCSYMROOT\=/Users/ozel0t/Notesnook/notesnook/apps/mobile/ios/Pods
    export MACH_O_TYPE\=staticlib
    export MACOSX_DEPLOYMENT_TARGET\=12.5
    export MAC_OS_X_PRODUCT_BUILD_VERSION\=26B5091g
    export MAC_OS_X_VERSION_ACTUAL\=270200
    export MAC_OS_X_VERSION_MAJOR\=270000
    export MAC_OS_X_VERSION_MINOR\=270200
    export MAKE_MERGEABLE\=NO
    export MERGEABLE_LIBRARY\=NO
    export MERGED_BINARY_TYPE\=none
    export MERGE_LINKED_LIBRARIES\=NO
    export METAL_LIBRARY_FILE_BASE\=default
    export METAL_LIBRARY_OUTPUT_DIR\=/Users/ozel0t/Notesnook/notesnook/apps/mobile/ios/build/Catalyst/Build/Products/Release-maccatalyst/React-RCTFBReactNativeSpec/
    export MODULE_CACHE_DIR\=/Users/ozel0t/Notesnook/notesnook/apps/mobile/ios/build/Catalyst/ModuleCache.noindex
    export MTL_ENABLE_DEBUG_INFO\=NO
    export MTL_FAST_MATH\=YES
    export NATIVE_ARCH\=arm64
    export NATIVE_ARCH_32_BIT\=arm
    export NATIVE_ARCH_64_BIT\=arm64
    export NATIVE_ARCH_ACTUAL\=arm64
    export NO_COMMON\=YES
    export OBJECT_FILE_DIR\=/Users/ozel0t/Notesnook/notesnook/apps/mobile/ios/build/Catalyst/Build/Intermediates.noindex/Pods.build/Release-maccatalyst/React-RCTFBReactNativeSpec.build/Objects
    export OBJECT_FILE_DIR_normal\=/Users/ozel0t/Notesnook/notesnook/apps/mobile/ios/build/Catalyst/Build/Intermediates.noindex/Pods.build/Release-maccatalyst/React-RCTFBReactNativeSpec.build/Objects-normal
    export OBJROOT\=/Users/ozel0t/Notesnook/notesnook/apps/mobile/ios/build/Catalyst/Build/Intermediates.noindex
    export ONLY_ACTIVE_ARCH\=NO
    export ONLY_ARCH\=arm64
    export OS\=MACOS
    export OSAC\=/usr/bin/osacompile
    export OTHER_CFLAGS\=\ -fmodule-map-file\=\"/Users/ozel0t/Notesnook/notesnook/apps/mobile/ios/Pods/Headers/Public/DoubleConversion/DoubleConversion.modulemap\"\ -fmodule-map-file\=\"/Users/ozel0t/Notesnook/notesnook/apps/mobile/ios/Pods/Headers/Public/RCTDeprecation/RCTDeprecation.modulemap\"\ -fmodule-map-file\=\"/Users/ozel0t/Notesnook/notesnook/apps/mobile/ios/Pods/Headers/Public/RCTTypeSafety/RCTTypeSafety.modulemap\"\ -fmodule-map-file\=\"/Users/ozel0t/Notesnook/notesnook/apps/mobile/ios/Pods/Headers/Public/React/React-Core.modulemap\"\ -fmodule-map-file\=\"/Users/ozel0t/Notesnook/notesnook/apps/mobile/ios/Pods/Headers/Public/ReactCommon/ReactCommon.modulemap\"\ -fmodule-map-file\=\"/Users/ozel0t/Notesnook/notesnook/apps/mobile/ios/Pods/Headers/Public/React_Fabric/React-Fabric.modulemap\"\ -fmodule-map-file\=\"/Users/ozel0t/Notesnook/notesnook/apps/mobile/ios/Pods/Headers/Public/React_NativeModulesApple/React-NativeModulesApple.modulemap\"\ -fmodule-map-file\=\"/Users/ozel0t/Notesnook/notesnook/apps/mobile/ios/Pods/Headers/Public/React_runtimeexecutor/React-runtimeexecutor.modulemap\"\ -fmodule-map-file\=\"/Users/ozel0t/Notesnook/notesnook/apps/mobile/ios/Pods/Headers/Public/SocketRocket/SocketRocket.modulemap\"\ -fmodule-map-file\=\"/Users/ozel0t/Notesnook/notesnook/apps/mobile/ios/Pods/Headers/Public/fmt/fmt.modulemap\"\ -fmodule-map-file\=\"/Users/ozel0t/Notesnook/notesnook/apps/mobile/ios/Pods/Headers/Public/folly/RCT-Folly.modulemap\"\ -fmodule-map-file\=\"/Users/ozel0t/Notesnook/notesnook/apps/mobile/ios/Pods/Headers/Public/glog/glog.modulemap\"\ -fmodule-map-file\=\"/Users/ozel0t/Notesnook/notesnook/apps/mobile/ios/Pods/Headers/Public/jsi/React-jsi.modulemap\"\ -fmodule-map-file\=\"/Users/ozel0t/Notesnook/notesnook/apps/mobile/ios/Pods/Headers/Public/jsinspector_modern/React-jsinspector.modulemap\"\ -fmodule-map-file\=\"/Users/ozel0t/Notesnook/notesnook/apps/mobile/ios/Pods/Headers/Public/jsinspector_modern_cdp/React-jsinspectorcdp.modulemap\"\ -fmodule-map-file\=\"/Users/ozel0t/Notesnook/notesnook/apps/mobile/ios/Pods/Headers/Public/jsinspector_modern_network/React-jsinspectornetwork.modulemap\"\ -fmodule-map-file\=\"/Users/ozel0t/Notesnook/notesnook/apps/mobile/ios/Pods/Headers/Public/jsinspector_modern_tracing/React-jsinspectortracing.modulemap\"\ -fmodule-map-file\=\"/Users/ozel0t/Notesnook/notesnook/apps/mobile/ios/Pods/Headers/Public/react_debug/React-debug.modulemap\"\ -fmodule-map-file\=\"/Users/ozel0t/Notesnook/notesnook/apps/mobile/ios/Pods/Headers/Public/react_featureflags/React-featureflags.modulemap\"\ -fmodule-map-file\=\"/Users/ozel0t/Notesnook/notesnook/apps/mobile/ios/Pods/Headers/Public/react_renderer_css/React-renderercss.modulemap\"\ -fmodule-map-file\=\"/Users/ozel0t/Notesnook/notesnook/apps/mobile/ios/Pods/Headers/Public/react_renderer_debug/React-rendererdebug.modulemap\"\ -fmodule-map-file\=\"/Users/ozel0t/Notesnook/notesnook/apps/mobile/ios/Pods/Headers/Public/react_renderer_graphics/React-graphics.modulemap\"\ -fmodule-map-file\=\"/Users/ozel0t/Notesnook/notesnook/apps/mobile/ios/Pods/Headers/Public/react_runtime/React-jsitooling.modulemap\"\ -fmodule-map-file\=\"/Users/ozel0t/Notesnook/notesnook/apps/mobile/ios/Pods/Headers/Public/react_utils/React-utils.modulemap\"\ -fmodule-map-file\=\"/Users/ozel0t/Notesnook/notesnook/apps/mobile/ios/Pods/Headers/Public/reacthermes/React-hermes.modulemap\"\ -fmodule-map-file\=\"/Users/ozel0t/Notesnook/notesnook/apps/mobile/ios/Pods/Headers/Public/yoga/Yoga.modulemap\"\ -DNDEBUG
    export OTHER_CPLUSPLUSFLAGS\=\ -fmodule-map-file\=\"/Users/ozel0t/Notesnook/notesnook/apps/mobile/ios/Pods/Headers/Public/DoubleConversion/DoubleConversion.modulemap\"\ -fmodule-map-file\=\"/Users/ozel0t/Notesnook/notesnook/apps/mobile/ios/Pods/Headers/Public/RCTDeprecation/RCTDeprecation.modulemap\"\ -fmodule-map-file\=\"/Users/ozel0t/Notesnook/notesnook/apps/mobile/ios/Pods/Headers/Public/RCTTypeSafety/RCTTypeSafety.modulemap\"\ -fmodule-map-file\=\"/Users/ozel0t/Notesnook/notesnook/apps/mobile/ios/Pods/Headers/Public/React/React-Core.modulemap\"\ -fmodule-map-file\=\"/Users/ozel0t/Notesnook/notesnook/apps/mobile/ios/Pods/Headers/Public/ReactCommon/ReactCommon.modulemap\"\ -fmodule-map-file\=\"/Users/ozel0t/Notesnook/notesnook/apps/mobile/ios/Pods/Headers/Public/React_Fabric/React-Fabric.modulemap\"\ -fmodule-map-file\=\"/Users/ozel0t/Notesnook/notesnook/apps/mobile/ios/Pods/Headers/Public/React_NativeModulesApple/React-NativeModulesApple.modulemap\"\ -fmodule-map-file\=\"/Users/ozel0t/Notesnook/notesnook/apps/mobile/ios/Pods/Headers/Public/React_runtimeexecutor/React-runtimeexecutor.modulemap\"\ -fmodule-map-file\=\"/Users/ozel0t/Notesnook/notesnook/apps/mobile/ios/Pods/Headers/Public/SocketRocket/SocketRocket.modulemap\"\ -fmodule-map-file\=\"/Users/ozel0t/Notesnook/notesnook/apps/mobile/ios/Pods/Headers/Public/fmt/fmt.modulemap\"\ -fmodule-map-file\=\"/Users/ozel0t/Notesnook/notesnook/apps/mobile/ios/Pods/Headers/Public/folly/RCT-Folly.modulemap\"\ -fmodule-map-file\=\"/Users/ozel0t/Notesnook/notesnook/apps/mobile/ios/Pods/Headers/Public/glog/glog.modulemap\"\ -fmodule-map-file\=\"/Users/ozel0t/Notesnook/notesnook/apps/mobile/ios/Pods/Headers/Public/jsi/React-jsi.modulemap\"\ -fmodule-map-file\=\"/Users/ozel0t/Notesnook/notesnook/apps/mobile/ios/Pods/Headers/Public/jsinspector_modern/React-jsinspector.modulemap\"\ -fmodule-map-file\=\"/Users/ozel0t/Notesnook/notesnook/apps/mobile/ios/Pods/Headers/Public/jsinspector_modern_cdp/React-jsinspectorcdp.modulemap\"\ -fmodule-map-file\=\"/Users/ozel0t/Notesnook/notesnook/apps/mobile/ios/Pods/Headers/Public/jsinspector_modern_network/React-jsinspectornetwork.modulemap\"\ -fmodule-map-file\=\"/Users/ozel0t/Notesnook/notesnook/apps/mobile/ios/Pods/Headers/Public/jsinspector_modern_tracing/React-jsinspectortracing.modulemap\"\ -fmodule-map-file\=\"/Users/ozel0t/Notesnook/notesnook/apps/mobile/ios/Pods/Headers/Public/react_debug/React-debug.modulemap\"\ -fmodule-map-file\=\"/Users/ozel0t/Notesnook/notesnook/apps/mobile/ios/Pods/Headers/Public/react_featureflags/React-featureflags.modulemap\"\ -fmodule-map-file\=\"/Users/ozel0t/Notesnook/notesnook/apps/mobile/ios/Pods/Headers/Public/react_renderer_css/React-renderercss.modulemap\"\ -fmodule-map-file\=\"/Users/ozel0t/Notesnook/notesnook/apps/mobile/ios/Pods/Headers/Public/react_renderer_debug/React-rendererdebug.modulemap\"\ -fmodule-map-file\=\"/Users/ozel0t/Notesnook/notesnook/apps/mobile/ios/Pods/Headers/Public/react_renderer_graphics/React-graphics.modulemap\"\ -fmodule-map-file\=\"/Users/ozel0t/Notesnook/notesnook/apps/mobile/ios/Pods/Headers/Public/react_runtime/React-jsitooling.modulemap\"\ -fmodule-map-file\=\"/Users/ozel0t/Notesnook/notesnook/apps/mobile/ios/Pods/Headers/Public/react_utils/React-utils.modulemap\"\ -fmodule-map-file\=\"/Users/ozel0t/Notesnook/notesnook/apps/mobile/ios/Pods/Headers/Public/reacthermes/React-hermes.modulemap\"\ -fmodule-map-file\=\"/Users/ozel0t/Notesnook/notesnook/apps/mobile/ios/Pods/Headers/Public/yoga/Yoga.modulemap\"\ -DNDEBUG\ -DNDEBUG
    export PACKAGE_TYPE\=com.apple.package-type.static-library
    export PASCAL_STRINGS\=YES
    export PATH\=/Applications/Xcode.app/Contents/SharedFrameworks/SwiftBuild.framework/Versions/A/PlugIns/SWBBuildService.bundle/Contents/PlugIns/SWBUniversalPlatformPlugin.bundle/Contents/Frameworks/SWBUniversalPlatform.framework/Resources:/Applications/Xcode.app/Contents/Developer/Toolchains/XcodeDefault.xctoolchain/usr/bin:/Applications/Xcode.app/Contents/Developer/Toolchains/XcodeDefault.xctoolchain/usr/local/bin:/Applications/Xcode.app/Contents/Developer/Toolchains/XcodeDefault.xctoolchain/usr/libexec:/Applications/Xcode.app/Contents/Developer/Platforms/MacOSX.platform/usr/bin:/Applications/Xcode.app/Contents/Developer/Platforms/MacOSX.platform/usr/local/bin:/Applications/Xcode.app/Contents/Developer/Platforms/MacOSX.platform/Developer/usr/bin:/Applications/Xcode.app/Contents/Developer/Platforms/MacOSX.platform/Developer/usr/local/bin:/Applications/Xcode.app/Contents/Developer/usr/bin:/Applications/Xcode.app/Contents/Developer/usr/local/bin:/Users/ozel0t/.local/share/flutter/3.47.2/bin:/opt/homebrew/bin:/opt/homebrew/sbin:/usr/local/bin:/System/Cryptexes/App/usr/bin:/usr/bin:/bin:/usr/sbin:/sbin:/var/run/com.apple.security.cryptexd/codex.system/bootstrap/usr/local/bin:/var/run/com.apple.security.cryptexd/codex.system/bootstrap/usr/bin:/var/run/com.apple.security.cryptexd/codex.system/bootstrap/usr/appleinternal/bin:/pkg/env/global/bin:/Library/Apple/usr/bin:/Users/ozel0t/.cargo/bin:/Users/ozel0t/.nvm/versions/node/v24.15.0/bin:/Users/ozel0t/Library/pnpm:/Users/ozel0t/.local/bin
    export PATH_PREFIXES_EXCLUDED_FROM_HEADER_DEPENDENCIES\=/usr/include\ /usr/local/include\ /System/Library/Frameworks\ /System/Library/PrivateFrameworks\ /Applications/Xcode.app/Contents/Developer/Headers\ /Applications/Xcode.app/Contents/Developer/SDKs\ /Applications/Xcode.app/Contents/Developer/Platforms
    export PER_ARCH_MODULE_FILE_DIR\=/Users/ozel0t/Notesnook/notesnook/apps/mobile/ios/build/Catalyst/Build/Intermediates.noindex/Pods.build/Release-maccatalyst/React-RCTFBReactNativeSpec.build/Objects-normal/undefined_arch
    export PER_ARCH_OBJECT_FILE_DIR\=/Users/ozel0t/Notesnook/notesnook/apps/mobile/ios/build/Catalyst/Build/Intermediates.noindex/Pods.build/Release-maccatalyst/React-RCTFBReactNativeSpec.build/Objects-normal/undefined_arch
    export PER_VARIANT_OBJECT_FILE_DIR\=/Users/ozel0t/Notesnook/notesnook/apps/mobile/ios/build/Catalyst/Build/Intermediates.noindex/Pods.build/Release-maccatalyst/React-RCTFBReactNativeSpec.build/Objects-normal
    export PKGINFO_FILE_PATH\=/Users/ozel0t/Notesnook/notesnook/apps/mobile/ios/build/Catalyst/Build/Intermediates.noindex/Pods.build/Release-maccatalyst/React-RCTFBReactNativeSpec.build/PkgInfo
    export PLATFORM_DEVELOPER_APPLICATIONS_DIR\=/Applications/Xcode.app/Contents/Developer/Applications
    export PLATFORM_DEVELOPER_BIN_DIR\=/Applications/Xcode.app/Contents/Developer/usr/bin
    export PLATFORM_DEVELOPER_LIBRARY_DIR\=/Applications/Xcode.app/Contents/Developer/Library
    export PLATFORM_DEVELOPER_SDK_DIR\=/Applications/Xcode.app/Contents/Developer/Platforms/MacOSX.platform/Developer/SDKs
    export PLATFORM_DEVELOPER_TOOLS_DIR\=/Applications/Xcode.app/Contents/Developer/Tools
    export PLATFORM_DEVELOPER_USR_DIR\=/Applications/Xcode.app/Contents/Developer/usr
    export PLATFORM_DIR\=/Applications/Xcode.app/Contents/Developer/Platforms/MacOSX.platform
    export PLATFORM_DISPLAY_NAME\=macOS
    export PLATFORM_FAMILY_NAME\=macOS
    export PLATFORM_NAME\=macosx
    export PLATFORM_PREFERRED_ARCH\=x86_64
    export PLATFORM_PRODUCT_BUILD_VERSION\=26A425
    export PLATFORM_REQUIRES_SWIFT_AUTOLINK_EXTRACT\=NO
    export PLATFORM_REQUIRES_SWIFT_MODULEWRAP\=NO
    export PLATFORM_USES_DSYMS\=YES
    export PLIST_FILE_OUTPUT_FORMAT\=same-as-input
    export PODS_BUILD_DIR\=/Users/ozel0t/Notesnook/notesnook/apps/mobile/ios/build/Catalyst/Build/Products
    export PODS_CONFIGURATION_BUILD_DIR\=/Users/ozel0t/Notesnook/notesnook/apps/mobile/ios/build/Catalyst/Build/Products/Release-maccatalyst
    export PODS_DEVELOPMENT_LANGUAGE\=en
    export PODS_ROOT\=/Users/ozel0t/Notesnook/notesnook/apps/mobile/ios/Pods
    export PODS_TARGET_SRCROOT\=/Users/ozel0t/Notesnook/notesnook/apps/mobile/ios/Pods/../../node_modules/react-native/React
    export PODS_XCFRAMEWORKS_BUILD_DIR\=/Users/ozel0t/Notesnook/notesnook/apps/mobile/ios/build/Catalyst/Build/Products/Release-maccatalyst/XCFrameworkIntermediates
    export PRECOMPS_INCLUDE_HEADERS_FROM_BUILT_PRODUCTS_DIR\=YES
    export PRECOMP_DESTINATION_DIR\=/Users/ozel0t/Notesnook/notesnook/apps/mobile/ios/build/Catalyst/Build/Intermediates.noindex/Pods.build/Release-maccatalyst/React-RCTFBReactNativeSpec.build/PrefixHeaders
    export PRELINK_DEPENDENCY_INFO_FILE\=/Users/ozel0t/Notesnook/notesnook/apps/mobile/ios/build/Catalyst/Build/Intermediates.noindex/Pods.build/Release-maccatalyst/React-RCTFBReactNativeSpec.build/Objects-normal/undefined_arch/React-RCTFBReactNativeSpec_prelink_dependency_info.dat
    export PROCESSED_INFOPLIST_PATH\=/Users/ozel0t/Notesnook/notesnook/apps/mobile/ios/build/Catalyst/Build/Intermediates.noindex/Pods.build/Release-maccatalyst/React-RCTFBReactNativeSpec.build/Objects-normal/undefined_arch/Processed-Info.plist
    export PRODUCT_BUNDLE_IDENTIFIER\=org.cocoapods.React-RCTFBReactNativeSpec
    export PRODUCT_MODULE_NAME\=FBReactNativeSpec
    export PRODUCT_NAME\=React-RCTFBReactNativeSpec
    export PRODUCT_SETTINGS_PATH\=
    export PRODUCT_TYPE\=com.apple.product-type.library.static
    export PROFILING_CODE\=NO
    export PROJECT\=Pods
    export PROJECT_DERIVED_FILE_DIR\=/Users/ozel0t/Notesnook/notesnook/apps/mobile/ios/build/Catalyst/Build/Intermediates.noindex/Pods.build/DerivedSources
    export PROJECT_DIR\=/Users/ozel0t/Notesnook/notesnook/apps/mobile/ios/Pods
    export PROJECT_FILE_PATH\=/Users/ozel0t/Notesnook/notesnook/apps/mobile/ios/Pods/Pods.xcodeproj
    export PROJECT_GUID\=8699adb1dd336b26511df848a716bd42
    export PROJECT_NAME\=Pods
    export PROJECT_TEMP_DIR\=/Users/ozel0t/Notesnook/notesnook/apps/mobile/ios/build/Catalyst/Build/Intermediates.noindex/Pods.build
    export PROJECT_TEMP_ROOT\=/Users/ozel0t/Notesnook/notesnook/apps/mobile/ios/build/Catalyst/Build/Intermediates.noindex
    export REACT_NATIVE_PATH\=/Users/ozel0t/Notesnook/notesnook/apps/mobile/ios/Pods/../../node_modules/react-native
    export RECOMMENDED_IPHONEOS_DEPLOYMENT_TARGET\=17.0
    export RECOMMENDED_MACOSX_DEPLOYMENT_TARGET\=14.0
    export RECURSIVE_SEARCH_PATHS_FOLLOW_SYMLINKS\=YES
    export REMOVE_CVS_FROM_RESOURCES\=YES
    export REMOVE_GIT_FROM_RESOURCES\=YES
    export REMOVE_HEADERS_FROM_EMBEDDED_BUNDLES\=YES
    export REMOVE_HG_FROM_RESOURCES\=YES
    export REMOVE_STATIC_EXECUTABLES_FROM_EMBEDDED_BUNDLES\=YES
    export REMOVE_SVN_FROM_RESOURCES\=YES
    export RESCHEDULE_INDEPENDENT_HEADERS_PHASES\=YES
    export RESOURCES_MINIMUM_DEPLOYMENT_TARGET\=15.6
    export RESOURCES_PLATFORM_NAME\=macosx
    export RESOURCES_UI_FRAMEWORK_FAMILY\=uikit
    export REZ_COLLECTOR_DIR\=/Users/ozel0t/Notesnook/notesnook/apps/mobile/ios/build/Catalyst/Build/Intermediates.noindex/Pods.build/Release-maccatalyst/React-RCTFBReactNativeSpec.build/ResourceManagerResources
    export REZ_EXECUTABLE\=YES
    export REZ_OBJECTS_DIR\=/Users/ozel0t/Notesnook/notesnook/apps/mobile/ios/build/Catalyst/Build/Intermediates.noindex/Pods.build/Release-maccatalyst/React-RCTFBReactNativeSpec.build/ResourceManagerResources/Objects
    export REZ_SEARCH_PATHS\=/Users/ozel0t/Notesnook/notesnook/apps/mobile/ios/build/Catalyst/Build/Products/Release-maccatalyst/React-RCTFBReactNativeSpec\ 
    export RPATH_ORIGIN\=@loader_path
    export RUNTIME_EXCEPTION_ALLOW_DYLD_ENVIRONMENT_VARIABLES\=NO
    export RUNTIME_EXCEPTION_ALLOW_JIT\=NO
    export RUNTIME_EXCEPTION_ALLOW_UNSIGNED_EXECUTABLE_MEMORY\=NO
    export RUNTIME_EXCEPTION_DEBUGGING_TOOL\=NO
    export RUNTIME_EXCEPTION_DISABLE_EXECUTABLE_PAGE_PROTECTION\=NO
    export RUNTIME_EXCEPTION_DISABLE_LIBRARY_VALIDATION\=NO
    export SCANNING_PCM_KEEP_CACHE_DIRECTORY\=YES
    export SCAN_ALL_SOURCE_FILES_FOR_INCLUDES\=NO
    export SCRIPT_INPUT_FILE_COUNT\=0
    export SCRIPT_INPUT_FILE_LIST_COUNT\=0
    export SCRIPT_OUTPUT_FILE_COUNT\=0
    export SCRIPT_OUTPUT_FILE_LIST_COUNT\=0
    export SDKROOT\=/Applications/Xcode.app/Contents/Developer/Platforms/MacOSX.platform/Developer/SDKs/MacOSX27.0.sdk
    export SDK_DIR\=/Applications/Xcode.app/Contents/Developer/Platforms/MacOSX.platform/Developer/SDKs/MacOSX27.0.sdk
    export SDK_DIR_macosx\=/Applications/Xcode.app/Contents/Developer/Platforms/MacOSX.platform/Developer/SDKs/MacOSX27.0.sdk
    export SDK_DIR_macosx27_0\=/Applications/Xcode.app/Contents/Developer/Platforms/MacOSX.platform/Developer/SDKs/MacOSX27.0.sdk
    export SDK_NAME\=macosx27.0
    export SDK_NAMES\=macosx27.0
    export SDK_PRODUCT_BUILD_VERSION\=26A425
    export SDK_STAT_CACHE_DIR\=/Users/ozel0t/Notesnook/notesnook/apps/mobile/ios/build/Catalyst
    export SDK_STAT_CACHE_ENABLE\=YES
    export SDK_STAT_CACHE_PATH\=/Users/ozel0t/Notesnook/notesnook/apps/mobile/ios/build/Catalyst/SDKStatCaches.noindex/macosx27.0-26A425-7231f6df4def33e022ae2eb8f782df1a.sdkstatcache
    export SDK_VERSION\=27.0
    export SDK_VERSION_ACTUAL\=270000
    export SDK_VERSION_MAJOR\=270000
    export SDK_VERSION_MINOR\=270000
    export SED\=/usr/bin/sed
    export SEPARATE_STRIP\=NO
    export SEPARATE_SYMBOL_EDIT\=NO
    export SET_DIR_MODE_OWNER_GROUP\=YES
    export SET_FILE_MODE_OWNER_GROUP\=NO
    export SHALLOW_BUNDLE\=NO
    export SHARED_DERIVED_FILE_DIR\=/Users/ozel0t/Notesnook/notesnook/apps/mobile/ios/build/Catalyst/Build/Products/Release-maccatalyst/React-RCTFBReactNativeSpec/DerivedSources
    export SHARED_PRECOMPS_DIR\=/Users/ozel0t/Notesnook/notesnook/apps/mobile/ios/build/Catalyst/Build/Intermediates.noindex/PrecompiledHeaders
    export SKIP_COPYING_TEST_FRAMEWORKS\=YES
    export SKIP_INSTALL\=YES
    export SKIP_MERGEABLE_LIBRARY_BUNDLE_HOOK\=NO
    export SOURCE_ROOT\=/Users/ozel0t/Notesnook/notesnook/apps/mobile/ios/Pods
    export SRCROOT\=/Users/ozel0t/Notesnook/notesnook/apps/mobile/ios/Pods
    export STRINGSDATA_DIR\=/Users/ozel0t/Notesnook/notesnook/apps/mobile/ios/build/Catalyst/Build/Intermediates.noindex/Pods.build/Release-maccatalyst/React-RCTFBReactNativeSpec.build/Objects-normal/undefined_arch
    export STRINGSDATA_ROOT\=/Users/ozel0t/Notesnook/notesnook/apps/mobile/ios/build/Catalyst/Build/Intermediates.noindex/Pods.build/Release-maccatalyst/React-RCTFBReactNativeSpec.build
    export STRINGS_FILE_INFOPLIST_RENAME\=YES
    export STRINGS_FILE_OUTPUT_ENCODING\=UTF-16
    export STRING_CATALOG_GENERATE_SYMBOLS\=NO
    export STRIP_BITCODE_FROM_COPIED_FILES\=NO
    export STRIP_INSTALLED_PRODUCT\=NO
    export STRIP_PNG_TEXT\=NO
    export STRIP_STYLE\=debugging
    export STRIP_SWIFT_SYMBOLS\=YES
    export SUPPORTED_PLATFORMS\=macosx\ macosx
    export SUPPORTS_MACCATALYST\=YES
    export SUPPORTS_TEXT_BASED_API\=NO
    export SUPPRESS_WARNINGS\=NO
    export SWIFTC_PASS_SDKROOT\=YES
    export SWIFTC_PASS_SYSROOT\=NO
    export SWIFT_ACTIVE_COMPILATION_CONDITIONS\=\ 
    export SWIFT_COLOR_DIAGNOSTICS\=NO
    export SWIFT_COMPILATION_MODE\=wholemodule
    export SWIFT_COMPILE_FOR_STATIC_LINKING\=YES
    export SWIFT_DEPLOYMENT_TARGET\=15.6
    export SWIFT_EMIT_CONST_VALUE_PROTOCOLS\=AnyResolverProviding\ AppEntity\ AppEnum\ AppExtension\ AppIntent\ AppIntentsPackage\ AppShortcutProviding\ AppShortcutsProvider\ AppUnionValue\ AppUnionValueCasesProviding\ DynamicOptionsProvider\ EntityQuery\ ExtensionPointDefining\ IntentValueQuery\ Resolver\ TransientEntity\ _AssistantIntentsProvider\ _GenerativeFunctionExtractable\ _IntentValueRepresentable
    export SWIFT_EMIT_LOC_STRINGS\=NO
    export SWIFT_ENABLE_EXPLICIT_MODULES\=YES
    export SWIFT_INSTALL_OBJC_HEADER\=YES
    export SWIFT_OPTIMIZATION_LEVEL\=-O
    export SWIFT_PLATFORM_TARGET_PREFIX\=ios
    export SWIFT_RESPONSE_FILE_PATH_normal_arm64\=/Users/ozel0t/Notesnook/notesnook/apps/mobile/ios/build/Catalyst/Build/Intermediates.noindex/Pods.build/Release-maccatalyst/React-RCTFBReactNativeSpec.build/Objects-normal/arm64/React-RCTFBReactNativeSpec.SwiftFileList
    export SWIFT_VERSION\=5.0
    export SYMROOT\=/Users/ozel0t/Notesnook/notesnook/apps/mobile/ios/build/Catalyst/Build/Products
    export SYSROOT\=/Applications/Xcode.app/Contents/Developer/Platforms/MacOSX.platform/Developer/SDKs/MacOSX27.0.sdk
    export SYSTEM_ADMIN_APPS_DIR\=/Applications/Utilities
    export SYSTEM_APPS_DIR\=/Applications
    export SYSTEM_CORE_SERVICES_DIR\=/System/Library/CoreServices
    export SYSTEM_DEMOS_DIR\=/Applications/Extras
    export SYSTEM_DEVELOPER_APPS_DIR\=/Applications/Xcode.app/Contents/Developer/Applications
    export SYSTEM_DEVELOPER_BIN_DIR\=/Applications/Xcode.app/Contents/Developer/usr/bin
    export SYSTEM_DEVELOPER_DEMOS_DIR\=/Applications/Xcode.app/Contents/Developer/Applications/Utilities/Built\ Examples
    export SYSTEM_DEVELOPER_DIR\=/Applications/Xcode.app/Contents/Developer
    export SYSTEM_DEVELOPER_DOC_DIR\=/Applications/Xcode.app/Contents/Developer/ADC\ Reference\ Library
    export SYSTEM_DEVELOPER_GRAPHICS_TOOLS_DIR\=/Applications/Xcode.app/Contents/Developer/Applications/Graphics\ Tools
    export SYSTEM_DEVELOPER_JAVA_TOOLS_DIR\=/Applications/Xcode.app/Contents/Developer/Applications/Java\ Tools
    export SYSTEM_DEVELOPER_PERFORMANCE_TOOLS_DIR\=/Applications/Xcode.app/Contents/Developer/Applications/Performance\ Tools
    export SYSTEM_DEVELOPER_RELEASENOTES_DIR\=/Applications/Xcode.app/Contents/Developer/ADC\ Reference\ Library/releasenotes
    export SYSTEM_DEVELOPER_TOOLS\=/Applications/Xcode.app/Contents/Developer/Tools
    export SYSTEM_DEVELOPER_TOOLS_DOC_DIR\=/Applications/Xcode.app/Contents/Developer/ADC\ Reference\ Library/documentation/DeveloperTools
    export SYSTEM_DEVELOPER_TOOLS_RELEASENOTES_DIR\=/Applications/Xcode.app/Contents/Developer/ADC\ Reference\ Library/releasenotes/DeveloperTools
    export SYSTEM_DEVELOPER_USR_DIR\=/Applications/Xcode.app/Contents/Developer/usr
    export SYSTEM_DEVELOPER_UTILITIES_DIR\=/Applications/Xcode.app/Contents/Developer/Applications/Utilities
    export SYSTEM_DEXT_INSTALL_PATH\=/System/Library/DriverExtensions
    export SYSTEM_DOCUMENTATION_DIR\=/Library/Documentation
    export SYSTEM_FRAMEWORK_SEARCH_PATHS\=\ /Applications/Xcode.app/Contents/Developer/Platforms/MacOSX.platform/Developer/SDKs/MacOSX27.0.sdk/System/iOSSupport/System/Library/Frameworks\ /Applications/Xcode.app/Contents/Developer/Platforms/MacOSX.platform/Developer/SDKs/MacOSX27.0.sdk/System/iOSSupport/System/Library/SubFrameworks\ \ /Applications/Xcode.app/Contents/Developer/Platforms/MacOSX.platform/Developer/SDKs/MacOSX27.0.sdk/System/iOSSupport/System/Library/Frameworks\ /Applications/Xcode.app/Contents/Developer/Platforms/MacOSX.platform/Developer/SDKs/MacOSX27.0.sdk/System/iOSSupport/System/Library/SubFrameworks
    export SYSTEM_HEADER_SEARCH_PATHS\=\ /Applications/Xcode.app/Contents/Developer/Platforms/MacOSX.platform/Developer/SDKs/MacOSX27.0.sdk/System/iOSSupport/usr/include\ \ /Applications/Xcode.app/Contents/Developer/Platforms/MacOSX.platform/Developer/SDKs/MacOSX27.0.sdk/System/iOSSupport/usr/include
    export SYSTEM_KEXT_INSTALL_PATH\=/System/Library/Extensions
    export SYSTEM_LIBRARY_DIR\=/System/Library
    export SYSTEM_PREFIX\=/System/iOSSupport
    export TAPI_DEMANGLE\=YES
    export TAPI_ENABLE_PROJECT_HEADERS\=NO
    export TAPI_LANGUAGE\=objective-c
    export TAPI_LANGUAGE_STANDARD\=compiler-default
    export TAPI_USE_SRCROOT\=YES
    export TAPI_VERIFY_MODE\=Pedantic
    export TARGETED_DEVICE_FAMILY\=1,2
    export TARGETNAME\=React-RCTFBReactNativeSpec
    export TARGET_BUILD_DIR\=/Users/ozel0t/Notesnook/notesnook/apps/mobile/ios/build/Catalyst/Build/Products/Release-maccatalyst/React-RCTFBReactNativeSpec
    export TARGET_NAME\=React-RCTFBReactNativeSpec
    export TARGET_TEMP_DIR\=/Users/ozel0t/Notesnook/notesnook/apps/mobile/ios/build/Catalyst/Build/Intermediates.noindex/Pods.build/Release-maccatalyst/React-RCTFBReactNativeSpec.build
    export TEMP_DIR\=/Users/ozel0t/Notesnook/notesnook/apps/mobile/ios/build/Catalyst/Build/Intermediates.noindex/Pods.build/Release-maccatalyst/React-RCTFBReactNativeSpec.build
    export TEMP_FILES_DIR\=/Users/ozel0t/Notesnook/notesnook/apps/mobile/ios/build/Catalyst/Build/Intermediates.noindex/Pods.build/Release-maccatalyst/React-RCTFBReactNativeSpec.build
    export TEMP_FILE_DIR\=/Users/ozel0t/Notesnook/notesnook/apps/mobile/ios/build/Catalyst/Build/Intermediates.noindex/Pods.build/Release-maccatalyst/React-RCTFBReactNativeSpec.build
    export TEMP_ROOT\=/Users/ozel0t/Notesnook/notesnook/apps/mobile/ios/build/Catalyst/Build/Intermediates.noindex
    export TEMP_SANDBOX_DIR\=/Users/ozel0t/Notesnook/notesnook/apps/mobile/ios/build/Catalyst/Build/Intermediates.noindex/TemporaryTaskSandboxes
    export TEST_FRAMEWORK_SEARCH_PATHS\=\ /Applications/Xcode.app/Contents/Developer/Platforms/MacOSX.platform/Developer/Library/Frameworks
    export TEST_LIBRARY_SEARCH_PATHS\=\ /Applications/Xcode.app/Contents/Developer/Platforms/MacOSX.platform/Developer/usr/lib
    export TOOLCHAINS\=com.apple.dt.toolchain.XcodeDefault
    export TOOLCHAIN_DIR\=/Applications/Xcode.app/Contents/Developer/Toolchains/XcodeDefault.xctoolchain
    export TREAT_MISSING_BASELINES_AS_TEST_FAILURES\=NO
    export TREAT_MISSING_SCRIPT_PHASE_OUTPUTS_AS_ERRORS\=NO
    export UID\=501
    export UNINSTALLED_PRODUCTS_DIR\=/Users/ozel0t/Notesnook/notesnook/apps/mobile/ios/build/Catalyst/Build/Intermediates.noindex/UninstalledProducts
    export UNSTRIPPED_PRODUCT\=NO
    export USER\=ozel0t
    export USER_APPS_DIR\=/Users/ozel0t/Applications
    export USER_LIBRARY_DIR\=/Users/ozel0t/Library
    export USE_DYNAMIC_NO_PIC\=YES
    export USE_HEADERMAP\=NO
    export USE_HEADER_SYMLINKS\=NO
    export USE_HERMES\=true
    export USE_RECURSIVE_SCRIPT_INPUTS_IN_SCRIPT_PHASES\=YES
    export VALIDATE_DEVELOPMENT_ASSET_PATHS\=YES_ERROR
    export VALIDATE_PRODUCT\=YES
    export VALID_ARCHS\=arm64\ arm64e\ arm64e.x1\ i386\ x86_64
    export VERBOSE_PBXCP\=NO
    export VERSION_INFO_BUILDER\=ozel0t
    export VERSION_INFO_FILE\=React-RCTFBReactNativeSpec_vers.c
    export VERSION_INFO_STRING\=\"@\(\#\)PROGRAM:React-RCTFBReactNativeSpec\ \ PROJECT:Pods-\"
    export WORKSPACE_DIR\=/Users/ozel0t/Notesnook/notesnook/apps/mobile/ios
    export WRAP_ASSET_PACKS_IN_SEPARATE_DIRECTORIES\=NO
    export XCODE_APP_SUPPORT_DIR\=/Applications/Xcode.app/Contents/Developer/Library/Xcode
    export XCODE_PRODUCT_BUILD_VERSION\=27A266a
    export XCODE_VERSION_ACTUAL\=2700
    export XCODE_VERSION_MAJOR\=2700
    export XCODE_VERSION_MINOR\=2700
    export XPCSERVICES_FOLDER_PATH\=/XPCServices
    export YACC\=yacc
    export _BOOL_\=NO
    export _BOOL_NO\=NO
    export _BOOL_YES\=YES
    export _DISCOVER_COMMAND_LINE_LINKER_INPUTS\=YES
    export _DISCOVER_COMMAND_LINE_LINKER_INPUTS_INCLUDE_WL\=YES
    export _IPHONEOS_DEPLOYMENT_TARGET_IS_EMPTY\=NO
    export _IS_EMPTY_\=YES
    export _LD_MULTIARCH\=YES
    export _SWIFT_EXPLICIT_MODULES_ALLOW_CXX_INTEROP\=YES
    export __ARCHS__\=arm64
    export __DIAGNOSE_DEPRECATED_ARCHS\=YES
    export __DIAGNOSE_INVALID_DEPLOYMENT_TARGET_AS_ERROR\=YES
    export __ORIGINAL_SDK_DEFINED_LLVM_TARGET_TRIPLE_SYS\=ios
    export arch\=undefined_arch
    export variant\=normal
    /bin/sh -c /Users/ozel0t/Notesnook/notesnook/apps/mobile/ios/build/Catalyst/Build/Intermediates.noindex/Pods.build/Release-maccatalyst/React-RCTFBReactNativeSpec.build/Script-46EB2E000342E0.sh
Checking whether Codegen has run...

ScanDependencies /Users/ozel0t/Notesnook/notesnook/apps/mobile/ios/build/Catalyst/Build/Intermediates.noindex/Pods.build/Release-maccatalyst/react-native-config.build/Objects-normal/arm64/GeneratedDotEnv.o /Users/ozel0t/Notesnook/notesnook/apps/mobile/node_modules/react-native-config/ios/ReactNativeConfig/GeneratedDotEnv.m normal arm64 objective-c com.apple.compilers.llvm.clang.1_0.compiler (in target 'react-native-config' from project 'Pods')
    cd /Users/ozel0t/Notesnook/notesnook/apps/mobile/ios/Pods
    
    Using response file: /Users/ozel0t/Notesnook/notesnook/apps/mobile/ios/build/Catalyst/Build/Intermediates.noindex/Pods.build/Release-maccatalyst/react-native-config.build/Objects-normal/arm64/e6072d4f65d7061329687fe24e3d63a7-common-args.resp
    
    builtin-ScanDependencies -o /Users/ozel0t/Notesnook/notesnook/apps/mobile/ios/build/Catalyst/Build/Intermediates.noindex/Pods.build/Release-maccatalyst/react-native-config.build/Objects-normal/arm64/GeneratedDotEnv.o.scan -- /Applications/Xcode.app/Contents/Developer/Toolchains/XcodeDefault.xctoolchain/usr/bin/clang -x objective-c -ivfsstatcache /Users/ozel0t/Notesnook/notesnook/apps/mobile/ios/build/Catalyst/SDKStatCaches.noindex/macosx27.0-26A425-7231f6df4def33e022ae2eb8f782df1a.sdkstatcache -target arm64-apple-ios15.6-macabi -fmessage-length\=0 -fdiagnostics-show-note-include-stack -fmacro-backtrace-limit\=0 -fno-color-diagnostics -fmodules-prune-interval\=86400 -fmodules-prune-after\=345600 -fbuild-session-file\=/Users/ozel0t/Notesnook/notesnook/apps/mobile/ios/build/Catalyst/ModuleCache.noindex/Session.modulevalidation -fmodules-validate-once-per-build-session -Wnon-modular-include-in-framework-module -Werror\=non-modular-include-in-framework-module -Wno-trigraphs -Wno-missing-field-initializers -Wno-missing-prototypes -Werror\=return-type -Wdocumentation -Wunreachable-code -Wno-implicit-atomic-properties -Werror\=deprecated-objc-isa-usage -Wno-objc-interface-ivars -Werror\=objc-root-class -Wno-arc-repeated-use-of-weak -Wimplicit-retain-self -Wduplicate-method-match -Wno-missing-braces -Wparentheses -Wswitch -Wunused-function -Wno-unused-label -Wno-unused-parameter -Wunused-variable -Wunused-value -Wempty-body -Wuninitialized -Wconditional-uninitialized -Wno-unknown-pragmas -Wno-shadow -Wno-four-char-constants -Wno-conversion -Wconstant-conversion -Wint-conversion -Wbool-conversion -Wenum-conversion -Wno-float-conversion -Wnon-literal-null-conversion -Wobjc-literal-conversion -Wshorten-64-to-32 -Wpointer-sign -Wno-newline-eof -Wno-selector -Wno-strict-selector-match -Wundeclared-selector -Wdeprecated-implementations -Wno-implicit-fallthrough -isysroot /Applications/Xcode.app/Contents/Developer/Platforms/MacOSX.platform/Developer/SDKs/MacOSX27.0.sdk -fstrict-aliasing -Wprotocol -Wdeprecated-declarations -Wno-sign-conversion -Winfinite-recursion -Wcomma -Wblock-capture-autoreleasing -Wstrict-prototypes -Wno-semicolon-before-method-body -Wunguarded-availability @/Users/ozel0t/Notesnook/notesnook/apps/mobile/ios/build/Catalyst/Build/Intermediates.noindex/Pods.build/Release-maccatalyst/react-native-config.build/Objects-normal/arm64/e6072d4f65d7061329687fe24e3d63a7-common-args.resp -include /Users/ozel0t/Notesnook/notesnook/apps/mobile/ios/Pods/Target\ Support\ Files/react-native-config/react-native-config-prefix.pch -MMD -MT dependencies -MF /Users/ozel0t/Notesnook/notesnook/apps/mobile/ios/build/Catalyst/Build/Intermediates.noindex/Pods.build/Release-maccatalyst/react-native-config.build/Objects-normal/arm64/GeneratedDotEnv.d --serialize-diagnostics /Users/ozel0t/Notesnook/notesnook/apps/mobile/ios/build/Catalyst/Build/Intermediates.noindex/Pods.build/Release-maccatalyst/react-native-config.build/Objects-normal/arm64/GeneratedDotEnv.dia -c /Users/ozel0t/Notesnook/notesnook/apps/mobile/node_modules/react-native-config/ios/ReactNativeConfig/GeneratedDotEnv.m -o /Users/ozel0t/Notesnook/notesnook/apps/mobile/ios/build/Catalyst/Build/Intermediates.noindex/Pods.build/Release-maccatalyst/react-native-config.build/Objects-normal/arm64/GeneratedDotEnv.o

ScanDependencies /Users/ozel0t/Notesnook/notesnook/apps/mobile/ios/build/Catalyst/Build/Intermediates.noindex/Pods.build/Release-maccatalyst/react-native-config.build/Objects-normal/arm64/RNCConfig.o /Users/ozel0t/Notesnook/notesnook/apps/mobile/node_modules/react-native-config/ios/ReactNativeConfig/RNCConfig.m normal arm64 objective-c com.apple.compilers.llvm.clang.1_0.compiler (in target 'react-native-config' from project 'Pods')
    cd /Users/ozel0t/Notesnook/notesnook/apps/mobile/ios/Pods
    
    Using response file: /Users/ozel0t/Notesnook/notesnook/apps/mobile/ios/build/Catalyst/Build/Intermediates.noindex/Pods.build/Release-maccatalyst/react-native-config.build/Objects-normal/arm64/e6072d4f65d7061329687fe24e3d63a7-common-args.resp
    
    builtin-ScanDependencies -o /Users/ozel0t/Notesnook/notesnook/apps/mobile/ios/build/Catalyst/Build/Intermediates.noindex/Pods.build/Release-maccatalyst/react-native-config.build/Objects-normal/arm64/RNCConfig.o.scan -- /Applications/Xcode.app/Contents/Developer/Toolchains/XcodeDefault.xctoolchain/usr/bin/clang -x objective-c -ivfsstatcache /Users/ozel0t/Notesnook/notesnook/apps/mobile/ios/build/Catalyst/SDKStatCaches.noindex/macosx27.0-26A425-7231f6df4def33e022ae2eb8f782df1a.sdkstatcache -target arm64-apple-ios15.6-macabi -fmessage-length\=0 -fdiagnostics-show-note-include-stack -fmacro-backtrace-limit\=0 -fno-color-diagnostics -fmodules-prune-interval\=86400 -fmodules-prune-after\=345600 -fbuild-session-file\=/Users/ozel0t/Notesnook/notesnook/apps/mobile/ios/build/Catalyst/ModuleCache.noindex/Session.modulevalidation -fmodules-validate-once-per-build-session -Wnon-modular-include-in-framework-module -Werror\=non-modular-include-in-framework-module -Wno-trigraphs -Wno-missing-field-initializers -Wno-missing-prototypes -Werror\=return-type -Wdocumentation -Wunreachable-code -Wno-implicit-atomic-properties -Werror\=deprecated-objc-isa-usage -Wno-objc-interface-ivars -Werror\=objc-root-class -Wno-arc-repeated-use-of-weak -Wimplicit-retain-self -Wduplicate-method-match -Wno-missing-braces -Wparentheses -Wswitch -Wunused-function -Wno-unused-label -Wno-unused-parameter -Wunused-variable -Wunused-value -Wempty-body -Wuninitialized -Wconditional-uninitialized -Wno-unknown-pragmas -Wno-shadow -Wno-four-char-constants -Wno-conversion -Wconstant-conversion -Wint-conversion -Wbool-conversion -Wenum-conversion -Wno-float-conversion -Wnon-literal-null-conversion -Wobjc-literal-conversion -Wshorten-64-to-32 -Wpointer-sign -Wno-newline-eof -Wno-selector -Wno-strict-selector-match -Wundeclared-selector -Wdeprecated-implementations -Wno-implicit-fallthrough -isysroot /Applications/Xcode.app/Contents/Developer/Platforms/MacOSX.platform/Developer/SDKs/MacOSX27.0.sdk -fstrict-aliasing -Wprotocol -Wdeprecated-declarations -Wno-sign-conversion -Winfinite-recursion -Wcomma -Wblock-capture-autoreleasing -Wstrict-prototypes -Wno-semicolon-before-method-body -Wunguarded-availability @/Users/ozel0t/Notesnook/notesnook/apps/mobile/ios/build/Catalyst/Build/Intermediates.noindex/Pods.build/Release-maccatalyst/react-native-config.build/Objects-normal/arm64/e6072d4f65d7061329687fe24e3d63a7-common-args.resp -include /Users/ozel0t/Notesnook/notesnook/apps/mobile/ios/Pods/Target\ Support\ Files/react-native-config/react-native-config-prefix.pch -MMD -MT dependencies -MF /Users/ozel0t/Notesnook/notesnook/apps/mobile/ios/build/Catalyst/Build/Intermediates.noindex/Pods.build/Release-maccatalyst/react-native-config.build/Objects-normal/arm64/RNCConfig.d --serialize-diagnostics /Users/ozel0t/Notesnook/notesnook/apps/mobile/ios/build/Catalyst/Build/Intermediates.noindex/Pods.build/Release-maccatalyst/react-native-config.build/Objects-normal/arm64/RNCConfig.dia -c /Users/ozel0t/Notesnook/notesnook/apps/mobile/node_modules/react-native-config/ios/ReactNativeConfig/RNCConfig.m -o /Users/ozel0t/Notesnook/notesnook/apps/mobile/ios/build/Catalyst/Build/Intermediates.noindex/Pods.build/Release-maccatalyst/react-native-config.build/Objects-normal/arm64/RNCConfig.o

CompileC /Users/ozel0t/Notesnook/notesnook/apps/mobile/ios/build/Catalyst/Build/Intermediates.noindex/Pods.build/Release-maccatalyst/react-native-config.build/Objects-normal/arm64/GeneratedDotEnv.o /Users/ozel0t/Notesnook/notesnook/apps/mobile/node_modules/react-native-config/ios/ReactNativeConfig/GeneratedDotEnv.m normal arm64 objective-c com.apple.compilers.llvm.clang.1_0.compiler (in target 'react-native-config' from project 'Pods')
    cd /Users/ozel0t/Notesnook/notesnook/apps/mobile/ios/Pods
    
    Using response file: /Users/ozel0t/Notesnook/notesnook/apps/mobile/ios/build/Catalyst/Build/Intermediates.noindex/Pods.build/Release-maccatalyst/react-native-config.build/Objects-normal/arm64/e6072d4f65d7061329687fe24e3d63a7-common-args.resp
    
    /Applications/Xcode.app/Contents/Developer/Toolchains/XcodeDefault.xctoolchain/usr/bin/clang -x objective-c -ivfsstatcache /Users/ozel0t/Notesnook/notesnook/apps/mobile/ios/build/Catalyst/SDKStatCaches.noindex/macosx27.0-26A425-7231f6df4def33e022ae2eb8f782df1a.sdkstatcache -target arm64-apple-ios15.6-macabi -fmessage-length\=0 -fdiagnostics-show-note-include-stack -fmacro-backtrace-limit\=0 -fno-color-diagnostics -fmodules-prune-interval\=86400 -fmodules-prune-after\=345600 -fbuild-session-file\=/Users/ozel0t/Notesnook/notesnook/apps/mobile/ios/build/Catalyst/ModuleCache.noindex/Session.modulevalidation -fmodules-validate-once-per-build-session -Wnon-modular-include-in-framework-module -Werror\=non-modular-include-in-framework-module -Wno-trigraphs -Wno-missing-field-initializers -Wno-missing-prototypes -Werror\=return-type -Wdocumentation -Wunreachable-code -Wno-implicit-atomic-properties -Werror\=deprecated-objc-isa-usage -Wno-objc-interface-ivars -Werror\=objc-root-class -Wno-arc-repeated-use-of-weak -Wimplicit-retain-self -Wduplicate-method-match -Wno-missing-braces -Wparentheses -Wswitch -Wunused-function -Wno-unused-label -Wno-unused-parameter -Wunused-variable -Wunused-value -Wempty-body -Wuninitialized -Wconditional-uninitialized -Wno-unknown-pragmas -Wno-shadow -Wno-four-char-constants -Wno-conversion -Wconstant-conversion -Wint-conversion -Wbool-conversion -Wenum-conversion -Wno-float-conversion -Wnon-literal-null-conversion -Wobjc-literal-conversion -Wshorten-64-to-32 -Wpointer-sign -Wno-newline-eof -Wno-selector -Wno-strict-selector-match -Wundeclared-selector -Wdeprecated-implementations -Wno-implicit-fallthrough -isysroot /Applications/Xcode.app/Contents/Developer/Platforms/MacOSX.platform/Developer/SDKs/MacOSX27.0.sdk -fstrict-aliasing -Wprotocol -Wdeprecated-declarations -Wno-sign-conversion -Winfinite-recursion -Wcomma -Wblock-capture-autoreleasing -Wstrict-prototypes -Wno-semicolon-before-method-body -Wunguarded-availability @/Users/ozel0t/Notesnook/notesnook/apps/mobile/ios/build/Catalyst/Build/Intermediates.noindex/Pods.build/Release-maccatalyst/react-native-config.build/Objects-normal/arm64/e6072d4f65d7061329687fe24e3d63a7-common-args.resp -include /Users/ozel0t/Notesnook/notesnook/apps/mobile/ios/Pods/Target\ Support\ Files/react-native-config/react-native-config-prefix.pch -MMD -MT dependencies -MF /Users/ozel0t/Notesnook/notesnook/apps/mobile/ios/build/Catalyst/Build/Intermediates.noindex/Pods.build/Release-maccatalyst/react-native-config.build/Objects-normal/arm64/GeneratedDotEnv.d --serialize-diagnostics /Users/ozel0t/Notesnook/notesnook/apps/mobile/ios/build/Catalyst/Build/Intermediates.noindex/Pods.build/Release-maccatalyst/react-native-config.build/Objects-normal/arm64/GeneratedDotEnv.dia -c /Users/ozel0t/Notesnook/notesnook/apps/mobile/node_modules/react-native-config/ios/ReactNativeConfig/GeneratedDotEnv.m -o /Users/ozel0t/Notesnook/notesnook/apps/mobile/ios/build/Catalyst/Build/Intermediates.noindex/Pods.build/Release-maccatalyst/react-native-config.build/Objects-normal/arm64/GeneratedDotEnv.o

CompileC /Users/ozel0t/Notesnook/notesnook/apps/mobile/ios/build/Catalyst/Build/Intermediates.noindex/Pods.build/Release-maccatalyst/react-native-config.build/Objects-normal/arm64/RNCConfig.o /Users/ozel0t/Notesnook/notesnook/apps/mobile/node_modules/react-native-config/ios/ReactNativeConfig/RNCConfig.m normal arm64 objective-c com.apple.compilers.llvm.clang.1_0.compiler (in target 'react-native-config' from project 'Pods')
    cd /Users/ozel0t/Notesnook/notesnook/apps/mobile/ios/Pods
    
    Using response file: /Users/ozel0t/Notesnook/notesnook/apps/mobile/ios/build/Catalyst/Build/Intermediates.noindex/Pods.build/Release-maccatalyst/react-native-config.build/Objects-normal/arm64/e6072d4f65d7061329687fe24e3d63a7-common-args.resp
    
    /Applications/Xcode.app/Contents/Developer/Toolchains/XcodeDefault.xctoolchain/usr/bin/clang -x objective-c -ivfsstatcache /Users/ozel0t/Notesnook/notesnook/apps/mobile/ios/build/Catalyst/SDKStatCaches.noindex/macosx27.0-26A425-7231f6df4def33e022ae2eb8f782df1a.sdkstatcache -target arm64-apple-ios15.6-macabi -fmessage-length\=0 -fdiagnostics-show-note-include-stack -fmacro-backtrace-limit\=0 -fno-color-diagnostics -fmodules-prune-interval\=86400 -fmodules-prune-after\=345600 -fbuild-session-file\=/Users/ozel0t/Notesnook/notesnook/apps/mobile/ios/build/Catalyst/ModuleCache.noindex/Session.modulevalidation -fmodules-validate-once-per-build-session -Wnon-modular-include-in-framework-module -Werror\=non-modular-include-in-framework-module -Wno-trigraphs -Wno-missing-field-initializers -Wno-missing-prototypes -Werror\=return-type -Wdocumentation -Wunreachable-code -Wno-implicit-atomic-properties -Werror\=deprecated-objc-isa-usage -Wno-objc-interface-ivars -Werror\=objc-root-class -Wno-arc-repeated-use-of-weak -Wimplicit-retain-self -Wduplicate-method-match -Wno-missing-braces -Wparentheses -Wswitch -Wunused-function -Wno-unused-label -Wno-unused-parameter -Wunused-variable -Wunused-value -Wempty-body -Wuninitialized -Wconditional-uninitialized -Wno-unknown-pragmas -Wno-shadow -Wno-four-char-constants -Wno-conversion -Wconstant-conversion -Wint-conversion -Wbool-conversion -Wenum-conversion -Wno-float-conversion -Wnon-literal-null-conversion -Wobjc-literal-conversion -Wshorten-64-to-32 -Wpointer-sign -Wno-newline-eof -Wno-selector -Wno-strict-selector-match -Wundeclared-selector -Wdeprecated-implementations -Wno-implicit-fallthrough -isysroot /Applications/Xcode.app/Contents/Developer/Platforms/MacOSX.platform/Developer/SDKs/MacOSX27.0.sdk -fstrict-aliasing -Wprotocol -Wdeprecated-declarations -Wno-sign-conversion -Winfinite-recursion -Wcomma -Wblock-capture-autoreleasing -Wstrict-prototypes -Wno-semicolon-before-method-body -Wunguarded-availability @/Users/ozel0t/Notesnook/notesnook/apps/mobile/ios/build/Catalyst/Build/Intermediates.noindex/Pods.build/Release-maccatalyst/react-native-config.build/Objects-normal/arm64/e6072d4f65d7061329687fe24e3d63a7-common-args.resp -include /Users/ozel0t/Notesnook/notesnook/apps/mobile/ios/Pods/Target\ Support\ Files/react-native-config/react-native-config-prefix.pch -MMD -MT dependencies -MF /Users/ozel0t/Notesnook/notesnook/apps/mobile/ios/build/Catalyst/Build/Intermediates.noindex/Pods.build/Release-maccatalyst/react-native-config.build/Objects-normal/arm64/RNCConfig.d --serialize-diagnostics /Users/ozel0t/Notesnook/notesnook/apps/mobile/ios/build/Catalyst/Build/Intermediates.noindex/Pods.build/Release-maccatalyst/react-native-config.build/Objects-normal/arm64/RNCConfig.dia -c /Users/ozel0t/Notesnook/notesnook/apps/mobile/node_modules/react-native-config/ios/ReactNativeConfig/RNCConfig.m -o /Users/ozel0t/Notesnook/notesnook/apps/mobile/ios/build/Catalyst/Build/Intermediates.noindex/Pods.build/Release-maccatalyst/react-native-config.build/Objects-normal/arm64/RNCConfig.o

Libtool /Users/ozel0t/Notesnook/notesnook/apps/mobile/ios/build/Catalyst/Build/Products/Release-maccatalyst/react-native-config/libreact-native-config.a normal (in target 'react-native-config' from project 'Pods')
    cd /Users/ozel0t/Notesnook/notesnook/apps/mobile/ios/Pods
    /Applications/Xcode.app/Contents/Developer/Toolchains/XcodeDefault.xctoolchain/usr/bin/libtool -static -arch_only arm64 -D -syslibroot /Applications/Xcode.app/Contents/Developer/Platforms/MacOSX.platform/Developer/SDKs/MacOSX27.0.sdk -L/Users/ozel0t/Notesnook/notesnook/apps/mobile/ios/build/Catalyst/Build/Products/Release-maccatalyst/react-native-config -L/Applications/Xcode.app/Contents/Developer/Platforms/MacOSX.platform/Developer/SDKs/MacOSX27.0.sdk/System/iOSSupport/usr/lib -L/Applications/Xcode.app/Contents/Developer/Toolchains/XcodeDefault.xctoolchain/usr/lib/swift/maccatalyst -L/Applications/Xcode.app/Contents/Developer/Platforms/MacOSX.platform/Developer/SDKs/MacOSX27.0.sdk/System/iOSSupport/usr/lib -L/Applications/Xcode.app/Contents/Developer/Toolchains/XcodeDefault.xctoolchain/usr/lib/swift/maccatalyst -filelist /Users/ozel0t/Notesnook/notesnook/apps/mobile/ios/build/Catalyst/Build/Intermediates.noindex/Pods.build/Release-maccatalyst/react-native-config.build/Objects-normal/arm64/react-native-config.LinkFileList -dependency_info /Users/ozel0t/Notesnook/notesnook/apps/mobile/ios/build/Catalyst/Build/Intermediates.noindex/Pods.build/Release-maccatalyst/react-native-config.build/Objects-normal/arm64/react-native-config_libtool_dependency_info.dat -o /Users/ozel0t/Notesnook/notesnook/apps/mobile/ios/build/Catalyst/Build/Products/Release-maccatalyst/react-native-config/libreact-native-config.a
libtool: warning: 'GeneratedDotEnv.o' has no symbols

note: Run script build phase 'Run Script' will be run during every build because the option to run the script phase "Based on dependency analysis" is unchecked. (in target 'Make Note' from project 'Notesnook')
Ld /Users/ozel0t/Notesnook/notesnook/apps/mobile/ios/build/Catalyst/Build/Products/Release-maccatalyst/Make\ Note.appex/Contents/MacOS/Make\ Note normal (in target 'Make Note' from project 'Notesnook')
    cd /Users/ozel0t/Notesnook/notesnook/apps/mobile/ios
    /Applications/Xcode.app/Contents/Developer/Toolchains/XcodeDefault.xctoolchain/usr/bin/clang -Xlinker -reproducible -target arm64-apple-ios15.6-macabi -isysroot /Applications/Xcode.app/Contents/Developer/Platforms/MacOSX.platform/Developer/SDKs/MacOSX27.0.sdk -Os -Xlinker -no_warn_duplicate_libraries -L/Users/ozel0t/Notesnook/notesnook/apps/mobile/ios/build/Catalyst/Build/Intermediates.noindex/EagerLinkingTBDs/Release-maccatalyst -L/Users/ozel0t/Notesnook/notesnook/apps/mobile/ios/build/Catalyst/Build/Products/Release-maccatalyst -L/Applications/Xcode.app/Contents/Developer/Platforms/MacOSX.platform/Developer/SDKs/MacOSX27.0.sdk/usr/lib/swift -L/Applications/Xcode.app/Contents/Developer/Platforms/MacOSX.platform/Developer/SDKs/MacOSX27.0.sdk/System/iOSSupport/usr/lib/swift -L/Applications/Xcode.app/Contents/Developer/Platforms/MacOSX.platform/Developer/SDKs/MacOSX27.0.sdk/usr/lib/swift -L/Applications/Xcode.app/Contents/Developer/Toolchains/XcodeDefault.xctoolchain/usr/lib/swift/macosx -L/Applications/Xcode.app/Contents/Developer/Toolchains/XcodeDefault.xctoolchain/usr/lib/swift-5.2/macosx -L\ /Applications/Xcode.app/Contents/Developer/Platforms/MacOSX.platform/Developer/SDKs/MacOSX27.0.sdk/System/iOSSupport/usr/lib\ /Applications/Xcode.app/Contents/Developer/Toolchains/XcodeDefault.xctoolchain/usr/lib/swift/maccatalyst -L/Users/ozel0t/Notesnook/notesnook/apps/mobile/ios/build/Catalyst/Build/Products/Release-maccatalyst/BEMCheckBox -L/Users/ozel0t/Notesnook/notesnook/apps/mobile/ios/build/Catalyst/Build/Products/Release-maccatalyst/Base64 -L/Users/ozel0t/Notesnook/notesnook/apps/mobile/ios/build/Catalyst/Build/Products/Release-maccatalyst/DoubleConversion -L/Users/ozel0t/Notesnook/notesnook/apps/mobile/ios/build/Catalyst/Build/Products/Release-maccatalyst/GZIP -L/Users/ozel0t/Notesnook/notesnook/apps/mobile/ios/build/Catalyst/Build/Products/Release-maccatalyst/JWTDecode -L/Users/ozel0t/Notesnook/notesnook/apps/mobile/ios/build/Catalyst/Build/Products/Release-maccatalyst/MMKV -L/Users/ozel0t/Notesnook/notesnook/apps/mobile/ios/build/Catalyst/Build/Products/Release-maccatalyst/MMKVCore -L/Users/ozel0t/Notesnook/notesnook/apps/mobile/ios/build/Catalyst/Build/Products/Release-maccatalyst/NitroCloudUploader -L/Users/ozel0t/Notesnook/notesnook/apps/mobile/ios/build/Catalyst/Build/Products/Release-maccatalyst/NitroModules -L/Users/ozel0t/Notesnook/notesnook/apps/mobile/ios/build/Catalyst/Build/Products/Release-maccatalyst/RCT-Folly -L/Users/ozel0t/Notesnook/notesnook/apps/mobile/ios/build/Catalyst/Build/Products/Release-maccatalyst/RCTDeprecation -L/Users/ozel0t/Notesnook/notesnook/apps/mobile/ios/build/Catalyst/Build/Products/Release-maccatalyst/RCTTypeSafety -L/Users/ozel0t/Notesnook/notesnook/apps/mobile/ios/build/Catalyst/Build/Products/Release-maccatalyst/RNBackgroundFetch -L/Users/ozel0t/Notesnook/notesnook/apps/mobile/ios/build/Catalyst/Build/Products/Release-maccatalyst/RNBootSplash -L/Users/ozel0t/Notesnook/notesnook/apps/mobile/ios/build/Catalyst/Build/Products/Release-maccatalyst/RNCCheckbox -L/Users/ozel0t/Notesnook/notesnook/apps/mobile/ios/build/Catalyst/Build/Products/Release-maccatalyst/RNCClipboard -L/Users/ozel0t/Notesnook/notesnook/apps/mobile/ios/build/Catalyst/Build/Products/Release-maccatalyst/RNCMaskedView -L/Users/ozel0t/Notesnook/notesnook/apps/mobile/ios/build/Catalyst/Build/Products/Release-maccatalyst/RNDateTimePicker -L/Users/ozel0t/Notesnook/notesnook/apps/mobile/ios/build/Catalyst/Build/Products/Release-maccatalyst/RNDeviceInfo -L/Users/ozel0t/Notesnook/notesnook/apps/mobile/ios/build/Catalyst/Build/Products/Release-maccatalyst/RNExitApp -L/Users/ozel0t/Notesnook/notesnook/apps/mobile/ios/build/Catalyst/Build/Products/Release-maccatalyst/RNFileViewer -L/Users/ozel0t/Notesnook/notesnook/apps/mobile/ios/build/Catalyst/Build/Products/Release-maccatalyst/RNGestureHandler -L/Users/ozel0t/Notesnook/notesnook/apps/mobile/ios/build/Catalyst/Build/Products/Release-maccatalyst/RNIap -L/Users/ozel0t/Notesnook/notesnook/apps/mobile/ios/build/Catalyst/Build/Products/Release-maccatalyst/RNImageCropPicker -L/Users/ozel0t/Notesnook/notesnook/apps/mobile/ios/build/Catalyst/Build/Products/Release-maccatalyst/RNKeychain -L/Users/ozel0t/Notesnook/notesnook/apps/mobile/ios/build/Catalyst/Build/Products/Release-maccatalyst/RNNotifee -L/Users/ozel0t/Notesnook/notesnook/apps/mobile/ios/build/Catalyst/Build/Products/Release-maccatalyst/RNReanimated -L/Users/ozel0t/Notesnook/notesnook/apps/mobile/ios/build/Catalyst/Build/Products/Release-maccatalyst/RNSVG -L/Users/ozel0t/Notesnook/notesnook/apps/mobile/ios/build/Catalyst/Build/Products/Release-maccatalyst/RNScreens -L/Users/ozel0t/Notesnook/notesnook/apps/mobile/ios/build/Catalyst/Build/Products/Release-maccatalyst/RNSecureRandom -L/Users/ozel0t/Notesnook/notesnook/apps/mobile/ios/build/Catalyst/Build/Products/Release-maccatalyst/RNShare -L/Users/ozel0t/Notesnook/notesnook/apps/mobile/ios/build/Catalyst/Build/Products/Release-maccatalyst/RNTooltips -L/Users/ozel0t/Notesnook/notesnook/apps/mobile/ios/build/Catalyst/Build/Products/Release-maccatalyst/RNWorklets -L/Users/ozel0t/Notesnook/notesnook/apps/mobile/ios/build/Catalyst/Build/Products/Release-maccatalyst/RNZipArchive -L/Users/ozel0t/Notesnook/notesnook/apps/mobile/ios/build/Catalyst/Build/Products/Release-maccatalyst/React-Codegen -L/Users/ozel0t/Notesnook/notesnook/apps/mobile/ios/build/Catalyst/Build/Products/Release-maccatalyst/React-Core -L/Users/ozel0t/Notesnook/notesnook/apps/mobile/ios/build/Catalyst/Build/Products/Release-maccatalyst/React-CoreModules -L/Users/ozel0t/Notesnook/notesnook/apps/mobile/ios/build/Catalyst/Build/Products/Release-maccatalyst/React-Fabric -L/Users/ozel0t/Notesnook/notesnook/apps/mobile/ios/build/Catalyst/Build/Products/Release-maccatalyst/React-FabricComponents -L/Users/ozel0t/Notesnook/notesnook/apps/mobile/ios/build/Catalyst/Build/Products/Release-maccatalyst/React-FabricImage -L/Users/ozel0t/Notesnook/notesnook/apps/mobile/ios/build/Catalyst/Build/Products/Release-maccatalyst/React-ImageManager -L/Users/ozel0t/Notesnook/notesnook/apps/mobile/ios/build/Catalyst/Build/Products/Release-maccatalyst/React-Mapbuffer -L/Users/ozel0t/Notesnook/notesnook/apps/mobile/ios/build/Catalyst/Build/Products/Release-maccatalyst/React-NativeModulesApple -L/Users/ozel0t/Notesnook/notesnook/apps/mobile/ios/build/Catalyst/Build/Products/Release-maccatalyst/React-RCTAnimation -L/Users/ozel0t/Notesnook/notesnook/apps/mobile/ios/build/Catalyst/Build/Products/Release-maccatalyst/React-RCTAppDelegate -L/Users/ozel0t/Notesnook/notesnook/apps/mobile/ios/build/Catalyst/Build/Products/Release-maccatalyst/React-RCTBlob -L/Users/ozel0t/Notesnook/notesnook/apps/mobile/ios/build/Catalyst/Build/Products/Release-maccatalyst/React-RCTFBReactNativeSpec -L/Users/ozel0t/Notesnook/notesnook/apps/mobile/ios/build/Catalyst/Build/Products/Release-maccatalyst/React-RCTFabric -L/Users/ozel0t/Notesnook/notesnook/apps/mobile/ios/build/Catalyst/Build/Products/Release-maccatalyst/React-RCTImage -L/Users/ozel0t/Notesnook/notesnook/apps/mobile/ios/build/Catalyst/Build/Products/Release-maccatalyst/React-RCTLinking -L/Users/ozel0t/Notesnook/notesnook/apps/mobile/ios/build/Catalyst/Build/Products/Release-maccatalyst/React-RCTNetwork -L/Users/ozel0t/Notesnook/notesnook/apps/mobile/ios/build/Catalyst/Build/Products/Release-maccatalyst/React-RCTRuntime -L/Users/ozel0t/Notesnook/notesnook/apps/mobile/ios/build/Catalyst/Build/Products/Release-maccatalyst/React-RCTSettings -L/Users/ozel0t/Notesnook/notesnook/apps/mobile/ios/build/Catalyst/Build/Products/Release-maccatalyst/React-RCTText -L/Users/ozel0t/Notesnook/notesnook/apps/mobile/ios/build/Catalyst/Build/Products/Release-maccatalyst/React-RCTVibration -L/Users/ozel0t/Notesnook/notesnook/apps/mobile/ios/build/Catalyst/Build/Products/Release-maccatalyst/React-RuntimeApple -L/Users/ozel0t/Notesnook/notesnook/apps/mobile/ios/build/Catalyst/Build/Products/Release-maccatalyst/React-RuntimeCore -L/Users/ozel0t/Notesnook/notesnook/apps/mobile/ios/build/Catalyst/Build/Products/Release-maccatalyst/React-RuntimeHermes -L/Users/ozel0t/Notesnook/notesnook/apps/mobile/ios/build/Catalyst/Build/Products/Release-maccatalyst/React-cxxreact -L/Users/ozel0t/Notesnook/notesnook/apps/mobile/ios/build/Catalyst/Build/Products/Release-maccatalyst/React-debug -L/Users/ozel0t/Notesnook/notesnook/apps/mobile/ios/build/Catalyst/Build/Products/Release-maccatalyst/React-defaultsnativemodule -L/Users/ozel0t/Notesnook/notesnook/apps/mobile/ios/build/Catalyst/Build/Products/Release-maccatalyst/React-domnativemodule -L/Users/ozel0t/Notesnook/notesnook/apps/mobile/ios/build/Catalyst/Build/Products/Release-maccatalyst/React-featureflags -L/Users/ozel0t/Notesnook/notesnook/apps/mobile/ios/build/Catalyst/Build/Products/Release-maccatalyst/React-featureflagsnativemodule -L/Users/ozel0t/Notesnook/notesnook/apps/mobile/ios/build/Catalyst/Build/Products/Release-maccatalyst/React-graphics -L/Users/ozel0t/Notesnook/notesnook/apps/mobile/ios/build/Catalyst/Build/Products/Release-maccatalyst/React-hermes -L/Users/ozel0t/Notesnook/notesnook/apps/mobile/ios/build/Catalyst/Build/Products/Release-maccatalyst/React-idlecallbacksnativemodule -L/Users/ozel0t/Notesnook/notesnook/apps/mobile/ios/build/Catalyst/Build/Products/Release-maccatalyst/React-jserrorhandler -L/Users/ozel0t/Notesnook/notesnook/apps/mobile/ios/build/Catalyst/Build/Products/Release-maccatalyst/React-jsi -L/Users/ozel0t/Notesnook/notesnook/apps/mobile/ios/build/Catalyst/Build/Products/Release-maccatalyst/React-jsiexecutor -L/Users/ozel0t/Notesnook/notesnook/apps/mobile/ios/build/Catalyst/Build/Products/Release-maccatalyst/React-jsinspector -L/Users/ozel0t/Notesnook/notesnook/apps/mobile/ios/build/Catalyst/Build/Products/Release-maccatalyst/React-jsinspectorcdp -L/Users/ozel0t/Notesnook/notesnook/apps/mobile/ios/build/Catalyst/Build/Products/Release-maccatalyst/React-jsinspectornetwork -L/Users/ozel0t/Notesnook/notesnook/apps/mobile/ios/build/Catalyst/Build/Products/Release-maccatalyst/React-jsinspectortracing -L/Users/ozel0t/Notesnook/notesnook/apps/mobile/ios/build/Catalyst/Build/Products/Release-maccatalyst/React-jsitooling -L/Users/ozel0t/Notesnook/notesnook/apps/mobile/ios/build/Catalyst/Build/Products/Release-maccatalyst/React-logger -L/Users/ozel0t/Notesnook/notesnook/apps/mobile/ios/build/Catalyst/Build/Products/Release-maccatalyst/React-microtasksnativemodule -L/Users/ozel0t/Notesnook/notesnook/apps/mobile/ios/build/Catalyst/Build/Products/Release-maccatalyst/React-oscompat -L/Users/ozel0t/Notesnook/notesnook/apps/mobile/ios/build/Catalyst/Build/Products/Release-maccatalyst/React-perflogger -L/Users/ozel0t/Notesnook/notesnook/apps/mobile/ios/build/Catalyst/Build/Products/Release-maccatalyst/React-performancecdpmetrics -L/Users/ozel0t/Notesnook/notesnook/apps/mobile/ios/build/Catalyst/Build/Products/Release-maccatalyst/React-performancetimeline -L/Users/ozel0t/Notesnook/notesnook/apps/mobile/ios/build/Catalyst/Build/Products/Release-maccatalyst/React-rendererconsistency -L/Users/ozel0t/Notesnook/notesnook/apps/mobile/ios/build/Catalyst/Build/Products/Release-maccatalyst/React-renderercss -L/Users/ozel0t/Notesnook/notesnook/apps/mobile/ios/build/Catalyst/Build/Products/Release-maccatalyst/React-rendererdebug -L/Users/ozel0t/Notesnook/notesnook/apps/mobile/ios/build/Catalyst/Build/Products/Release-maccatalyst/React-runtimeexecutor -L/Users/ozel0t/Notesnook/notesnook/apps/mobile/ios/build/Catalyst/Build/Products/Release-maccatalyst/React-runtimescheduler -L/Users/ozel0t/Notesnook/notesnook/apps/mobile/ios/build/Catalyst/Build/Products/Release-maccatalyst/React-utils -L/Users/ozel0t/Notesnook/notesnook/apps/mobile/ios/build/Catalyst/Build/Products/Release-maccatalyst/React-webperformancenativemodule -L/Users/ozel0t/Notesnook/notesnook/apps/mobile/ios/build/Catalyst/Build/Products/Release-maccatalyst/ReactAppDependencyProvider -L/Users/ozel0t/Notesnook/notesnook/apps/mobile/ios/build/Catalyst/Build/Products/Release-maccatalyst/ReactCodegen -L/Users/ozel0t/Notesnook/notesnook/apps/mobile/ios/build/Catalyst/Build/Products/Release-maccatalyst/ReactCommon -L/Users/ozel0t/Notesnook/notesnook/apps/mobile/ios/build/Catalyst/Build/Products/Release-maccatalyst/SDWebImage -L/Users/ozel0t/Notesnook/notesnook/apps/mobile/ios/build/Catalyst/Build/Products/Release-maccatalyst/SSZipArchive -L/Users/ozel0t/Notesnook/notesnook/apps/mobile/ios/build/Catalyst/Build/Products/Release-maccatalyst/SexyTooltip -L/Users/ozel0t/Notesnook/notesnook/apps/mobile/ios/build/Catalyst/Build/Products/Release-maccatalyst/SocketRocket -L/Users/ozel0t/Notesnook/notesnook/apps/mobile/ios/build/Catalyst/Build/Products/Release-maccatalyst/SwiftyRSA -L/Users/ozel0t/Notesnook/notesnook/apps/mobile/ios/build/Catalyst/Build/Products/Release-maccatalyst/TOCropViewController -L/Users/ozel0t/Notesnook/notesnook/apps/mobile/ios/build/Catalyst/Build/Products/Release-maccatalyst/Yoga -L/Users/ozel0t/Notesnook/notesnook/apps/mobile/ios/build/Catalyst/Build/Products/Release-maccatalyst/callstack-repack -L/Users/ozel0t/Notesnook/notesnook/apps/mobile/ios/build/Catalyst/Build/Products/Release-maccatalyst/fmt -L/Users/ozel0t/Notesnook/notesnook/apps/mobile/ios/build/Catalyst/Build/Products/Release-maccatalyst/glog -L/Users/ozel0t/Notesnook/notesnook/apps/mobile/ios/build/Catalyst/Build/Products/Release-maccatalyst/pop -L/Users/ozel0t/Notesnook/notesnook/apps/mobile/ios/build/Catalyst/Build/Products/Release-maccatalyst/react-native-actions-shortcuts -L/Users/ozel0t/Notesnook/notesnook/apps/mobile/ios/build/Catalyst/Build/Products/Release-maccatalyst/react-native-background-actions -L/Users/ozel0t/Notesnook/notesnook/apps/mobile/ios/build/Catalyst/Build/Products/Release-maccatalyst/react-native-begin-background-task -L/Users/ozel0t/Notesnook/notesnook/apps/mobile/ios/build/Catalyst/Build/Products/Release-maccatalyst/react-native-blob-util -L/Users/ozel0t/Notesnook/notesnook/apps/mobile/ios/build/Catalyst/Build/Products/Release-maccatalyst/react-native-cameraroll -L/Users/ozel0t/Notesnook/notesnook/apps/mobile/ios/build/Catalyst/Build/Products/Release-maccatalyst/react-native-config -L/Users/ozel0t/Notesnook/notesnook/apps/mobile/ios/build/Catalyst/Build/Products/Release-maccatalyst/react-native-date-picker -L/Users/ozel0t/Notesnook/notesnook/apps/mobile/ios/build/Catalyst/Build/Products/Release-maccatalyst/react-native-document-picker -L/Users/ozel0t/Notesnook/notesnook/apps/mobile/ios/build/Catalyst/Build/Products/Release-maccatalyst/react-native-fast-openpgp -L/Users/ozel0t/Notesnook/notesnook/apps/mobile/ios/build/Catalyst/Build/Products/Release-maccatalyst/react-native-fingerprint-scanner -L/Users/ozel0t/Notesnook/notesnook/apps/mobile/ios/build/Catalyst/Build/Products/Release-maccatalyst/react-native-get-random-values -L/Users/ozel0t/Notesnook/notesnook/apps/mobile/ios/build/Catalyst/Build/Products/Release-maccatalyst/react-native-gzip -L/Users/ozel0t/Notesnook/notesnook/apps/mobile/ios/build/Catalyst/Build/Products/Release-maccatalyst/react-native-html-to-pdf-lite -L/Users/ozel0t/Notesnook/notesnook/apps/mobile/ios/build/Catalyst/Build/Products/Release-maccatalyst/react-native-image-resizer -L/Users/ozel0t/Notesnook/notesnook/apps/mobile/ios/build/Catalyst/Build/Products/Release-maccatalyst/react-native-in-app-review -L/Users/ozel0t/Notesnook/notesnook/apps/mobile/ios/build/Catalyst/Build/Products/Release-maccatalyst/react-native-keep-awake -L/Users/ozel0t/Notesnook/notesnook/apps/mobile/ios/build/Catalyst/Build/Products/Release-maccatalyst/react-native-mmkv-storage -L/Users/ozel0t/Notesnook/notesnook/apps/mobile/ios/build/Catalyst/Build/Products/Release-maccatalyst/react-native-netinfo -L/Users/ozel0t/Notesnook/notesnook/apps/mobile/ios/build/Catalyst/Build/Products/Release-maccatalyst/react-native-notification-sounds -L/Users/ozel0t/Notesnook/notesnook/apps/mobile/ios/build/Catalyst/Build/Products/Release-maccatalyst/react-native-orientation-locker -L/Users/ozel0t/Notesnook/notesnook/apps/mobile/ios/build/Catalyst/Build/Products/Release-maccatalyst/react-native-pdf -L/Users/ozel0t/Notesnook/notesnook/apps/mobile/ios/build/Catalyst/Build/Products/Release-maccatalyst/react-native-quick-sqlite -L/Users/ozel0t/Notesnook/notesnook/apps/mobile/ios/build/Catalyst/Build/Products/Release-maccatalyst/react-native-safe-area-context -L/Users/ozel0t/Notesnook/notesnook/apps/mobile/ios/build/Catalyst/Build/Products/Release-maccatalyst/react-native-screenguard -L/Users/ozel0t/Notesnook/notesnook/apps/mobile/ios/build/Catalyst/Build/Products/Release-maccatalyst/react-native-share-extension -L/Users/ozel0t/Notesnook/notesnook/apps/mobile/ios/build/Catalyst/Build/Products/Release-maccatalyst/react-native-sodium -L/Users/ozel0t/Notesnook/notesnook/apps/mobile/ios/build/Catalyst/Build/Products/Release-maccatalyst/react-native-theme-switch-animation -L/Users/ozel0t/Notesnook/notesnook/apps/mobile/ios/build/Catalyst/Build/Products/Release-maccatalyst/react-native-upload -L/Users/ozel0t/Notesnook/notesnook/apps/mobile/ios/build/Catalyst/Build/Products/Release-maccatalyst/react-native-view-shot -L/Users/ozel0t/Notesnook/notesnook/apps/mobile/ios/build/Catalyst/Build/Products/Release-maccatalyst/react-native-webview -L/Users/ozel0t/Notesnook/notesnook/apps/mobile/ios/build/Catalyst/Build/Products/Release-maccatalyst/toolbar-android -L/Users/ozel0t/Notesnook/notesnook/apps/mobile/ios/build/Catalyst/Build/Products/Release-maccatalyst/XCFrameworkIntermediates/react-native-sodium -L/Applications/Xcode.app/Contents/Developer/Toolchains/XcodeDefault.xctoolchain/usr/lib/swift/macosx -L/Applications/Xcode.app/Contents/Developer/Platforms/MacOSX.platform/Developer/SDKs/MacOSX27.0.sdk/usr/lib/swift -L/Applications/Xcode.app/Contents/Developer/Platforms/MacOSX.platform/Developer/SDKs/MacOSX27.0.sdk/System/iOSSupport/usr/lib -L/Applications/Xcode.app/Contents/Developer/Toolchains/XcodeDefault.xctoolchain/usr/lib/swift/maccatalyst -F/Users/ozel0t/Notesnook/notesnook/apps/mobile/ios/build/Catalyst/Build/Intermediates.noindex/EagerLinkingTBDs/Release-maccatalyst -F/Users/ozel0t/Notesnook/notesnook/apps/mobile/ios/build/Catalyst/Build/Products/Release-maccatalyst -F/Users/ozel0t/Notesnook/notesnook/apps/mobile/node_modules/@ammarahmed/react-native-background-fetch/ios/RNBackgroundFetch -F/Users/ozel0t/Notesnook/notesnook/apps/mobile/node_modules/@ammarahmed/react-native-sodium/libsodium -F/Users/ozel0t/Notesnook/notesnook/apps/mobile/node_modules/react-native-fast-openpgp/ios -F/Users/ozel0t/Notesnook/notesnook/apps/mobile/ios/Pods/hermes-engine/destroot/Library/Frameworks/universal -F/Users/ozel0t/Notesnook/notesnook/apps/mobile/ios/build/Catalyst/Build/Products/Release-maccatalyst/XCFrameworkIntermediates/RNBackgroundFetch -F/Users/ozel0t/Notesnook/notesnook/apps/mobile/ios/build/Catalyst/Build/Products/Release-maccatalyst/XCFrameworkIntermediates/hermes-engine/Pre-built -F/Users/ozel0t/Notesnook/notesnook/apps/mobile/ios/build/Catalyst/Build/Products/Release-maccatalyst/XCFrameworkIntermediates/react-native-fast-openpgp -F/Users/ozel0t/Notesnook/notesnook/apps/mobile/ios -iframework /Applications/Xcode.app/Contents/Developer/Platforms/MacOSX.platform/Developer/SDKs/MacOSX27.0.sdk/System/iOSSupport/System/Library/Frameworks -iframework /Applications/Xcode.app/Contents/Developer/Platforms/MacOSX.platform/Developer/SDKs/MacOSX27.0.sdk/System/iOSSupport/System/Library/SubFrameworks -iframework /Applications/Xcode.app/Contents/Developer/Platforms/MacOSX.platform/Developer/SDKs/MacOSX27.0.sdk/System/iOSSupport/System/Library/Frameworks -iframework /Applications/Xcode.app/Contents/Developer/Platforms/MacOSX.platform/Developer/SDKs/MacOSX27.0.sdk/System/iOSSupport/System/Library/SubFrameworks -filelist /Users/ozel0t/Notesnook/notesnook/apps/mobile/ios/build/Catalyst/Build/Intermediates.noindex/Notesnook.build/Release-maccatalyst/Make\ Note.build/Objects-normal/arm64/Make\ Note.LinkFileList -Xlinker -rpath -Xlinker /usr/lib/swift -Xlinker -rpath -Xlinker @loader_path/../Frameworks -Xlinker -rpath -Xlinker @loader_path/../../../../Frameworks -Xlinker -rpath -Xlinker @executable_path/Frameworks -Xlinker -rpath -Xlinker @loader_path/Frameworks -Xlinker -rpath -Xlinker @executable_path/../../Frameworks -Xlinker -dead_strip -Xlinker -object_path_lto -Xlinker /Users/ozel0t/Notesnook/notesnook/apps/mobile/ios/build/Catalyst/Build/Intermediates.noindex/Notesnook.build/Release-maccatalyst/Make\ Note.build/Objects-normal/arm64/Make\ Note_lto.o -Xlinker -dependency_info -Xlinker /Users/ozel0t/Notesnook/notesnook/apps/mobile/ios/build/Catalyst/Build/Intermediates.noindex/Notesnook.build/Release-maccatalyst/Make\ Note.build/Objects-normal/arm64/Make\ Note_dependency_info.dat -e _NSExtensionMain -fobjc-arc -fobjc-link-runtime -fapplication-extension -L/Applications/Xcode.app/Contents/Developer/Toolchains/XcodeDefault.xctoolchain/usr/lib/swift/macosx -L/System/iOSSupport/usr/lib/swift -L/usr/lib/swift -Xlinker -add_ast_path -Xlinker /Users/ozel0t/Notesnook/notesnook/apps/mobile/ios/build/Catalyst/Build/Intermediates.noindex/Notesnook.build/Release-maccatalyst/Make\ Note.build/Objects-normal/arm64/Make_Note.swiftmodule -ObjC -lBEMCheckBox -lBase64 -lDoubleConversion -lGZIP -lJWTDecode -lMMKV -lMMKVCore -lNitroCloudUploader -lNitroModules -lRCT-Folly -lRCTDeprecation -lRCTTypeSafety -lRNBackgroundFetch -lRNBootSplash -lRNCCheckbox -lRNCClipboard -lRNCMaskedView -lRNDateTimePicker -lRNDeviceInfo -lRNExitApp -lRNFileViewer -lRNGestureHandler -lRNIap -lRNImageCropPicker -lRNKeychain -lRNNotifee -lRNReanimated -lRNSVG -lRNScreens -lRNSecureRandom -lRNShare -lRNTooltips -lRNWorklets -lRNZipArchive -lReact-Codegen -lReact-Core -lReact-CoreModules -lReact-Fabric -lReact-FabricComponents -lReact-FabricImage -lReact-ImageManager -lReact-Mapbuffer -lReact-NativeModulesApple -lReact-RCTAnimation -lReact-RCTAppDelegate -lReact-RCTBlob -lReact-RCTFBReactNativeSpec -lReact-RCTFabric -lReact-RCTImage -lReact-RCTLinking -lReact-RCTNetwork -lReact-RCTRuntime -lReact-RCTSettings -lReact-RCTText -lReact-RCTVibration -lReact-RuntimeApple -lReact-RuntimeCore -lReact-RuntimeHermes -lReact-cxxreact -lReact-debug -lReact-defaultsnativemodule -lReact-domnativemodule -lReact-featureflags -lReact-featureflagsnativemodule -lReact-graphics -lReact-hermes -lReact-idlecallbacksnativemodule -lReact-jserrorhandler -lReact-jsi -lReact-jsiexecutor -lReact-jsinspector -lReact-jsinspectorcdp -lReact-jsinspectornetwork -lReact-jsinspectortracing -lReact-jsitooling -lReact-logger -lReact-microtasksnativemodule -lReact-oscompat -lReact-perflogger -lReact-performancecdpmetrics -lReact-performancetimeline -lReact-rendererconsistency -lReact-renderercss -lReact-rendererdebug -lReact-runtimeexecutor -lReact-runtimescheduler -lReact-utils -lReact-webperformancenativemodule -lReactAppDependencyProvider -lReactCodegen -lReactCommon -lSDWebImage -lSSZipArchive -lSexyTooltip -lSocketRocket -lSwiftyRSA -lTOCropViewController -lYoga -lc++ -lc++abi -lcallstack-repack -lfmt -lglog -liconv -licucore -lpop -lreact-native-actions-shortcuts -lreact-native-background-actions -lreact-native-begin-background-task -lreact-native-blob-util -lreact-native-cameraroll -lreact-native-config -lreact-native-date-picker -lreact-native-document-picker -lreact-native-fast-openpgp -lreact-native-fingerprint-scanner -lreact-native-get-random-values -lreact-native-gzip -lreact-native-html-to-pdf-lite -lreact-native-image-resizer -lreact-native-in-app-review -lreact-native-keep-awake -lreact-native-mmkv-storage -lreact-native-netinfo -lreact-native-notification-sounds -lreact-native-orientation-locker -lreact-native-pdf -lreact-native-quick-sqlite -lreact-native-safe-area-context -lreact-native-screenguard -lreact-native-share-extension -lreact-native-sodium -lreact-native-theme-switch-animation -lreact-native-upload -lreact-native-view-shot -lreact-native-webview -lsodium -ltoolbar-android -lz -framework Accelerate -framework AssetsLibrary -framework AudioToolbox -framework CFNetwork -framework CoreFoundation -framework CoreGraphics -framework Foundation -framework ImageIO -framework LocalAuthentication -framework MobileCoreServices -framework Network -framework OpenPGPBridge -framework PDFKit -framework Photos -framework PhotosUI -framework QuartzCore -framework Security -framework TSBackgroundFetch -framework UIKit -framework hermesvm -weak_framework JavaScriptCore -weak_framework LinkPresentation -lPods-Notesnook-Make\ Note -Xlinker -no_adhoc_codesign -o /Users/ozel0t/Notesnook/notesnook/apps/mobile/ios/build/Catalyst/Build/Products/Release-maccatalyst/Make\ Note.appex/Contents/MacOS/Make\ Note
/Users/ozel0t/Notesnook/notesnook/apps/mobile/ios/Notesnook.xcodeproj: Make Note: ld: warning: search path '/Applications/Xcode.app/Contents/Developer/Toolchains/XcodeDefault.xctoolchain/usr/lib/swift-5.2/macosx' not found
/Users/ozel0t/Notesnook/notesnook/apps/mobile/ios/Notesnook.xcodeproj: Make Note: ld: warning: search path ' /Applications/Xcode.app/Contents/Developer/Platforms/MacOSX.platform/Developer/SDKs/MacOSX27.0.sdk/System/iOSSupport/usr/lib /Applications/Xcode.app/Contents/Developer/Toolchains/XcodeDefault.xctoolchain/usr/lib/swift/maccatalyst' not found

PhaseScriptExecution Run\ Script /Users/ozel0t/Notesnook/notesnook/apps/mobile/ios/build/Catalyst/Build/Intermediates.noindex/Notesnook.build/Release-maccatalyst/Make\ Note.build/Script-658D06A625A7446E008C70C0.sh (in target 'Make Note' from project 'Notesnook')
    cd /Users/ozel0t/Notesnook/notesnook/apps/mobile/ios
    export ACTION\=build
    export AD_HOC_CODE_SIGNING_ALLOWED\=YES
    export ALLOW_BUILD_REQUEST_OVERRIDES\=NO
    export ALLOW_TARGET_PLATFORM_SPECIALIZATION\=NO
    export ALTERNATE_GROUP\=staff
    export ALTERNATE_MODE\=u+w,go-w,a+rX
    export ALTERNATE_OWNER\=ozel0t
    export ALTERNATIVE_DISTRIBUTION_WEB\=NO
    export ALWAYS_EMBED_SWIFT_STANDARD_LIBRARIES\=NO
    export ALWAYS_SEARCH_USER_PATHS\=NO
    export ALWAYS_USE_SEPARATE_HEADERMAPS\=NO
    export APPLICATION_EXTENSION_API_ONLY\=YES
    export APPLY_RULES_IN_COPY_FILES\=NO
    export APPLY_RULES_IN_COPY_HEADERS\=NO
    export APP_DISPLAY_NAME\=VeyraN
    export APP_SHORTCUTS_ENABLE_FLEXIBLE_MATCHING\=YES
    export ARCHS\=arm64
    export ARCHS_BASE\=arm64
    export ARCHS_STANDARD\=arm64\ x86_64
    export ARCHS_STANDARD_32_64_BIT\=arm64\ x86_64\ i386
    export ARCHS_STANDARD_32_BIT\=i386
    export ARCHS_STANDARD_64_BIT\=arm64\ x86_64
    export ARCHS_STANDARD_INCLUDING_64_BIT\=arm64\ x86_64
    export ARCH_COHORT_arm64e\=arm64e\ arm64e.x1
    export ASSETCATALOG_COMPILER_STANDALONE_ICON_BEHAVIOR\=all
    export AUTOMATICALLY_MERGE_DEPENDENCIES\=NO
    export AUTOMATION_APPLE_EVENTS\=NO
    export AVAILABLE_PLATFORMS\=android\ appletvos\ appletvsimulator\ driverkit\ freebsd\ iphoneos\ iphonesimulator\ linux\ macosx\ none\ openbsd\ qnx\ staticlinux\ watchos\ watchsimulator\ webassembly\ xros\ xrsimulator
    export AppIdentifierPrefix\=QXCNJY73A8.
    export BUILD_ACTIVE_RESOURCES_ONLY\=NO
    export BUILD_COMPONENTS\=headers\ build
    export BUILD_DIR\=/Users/ozel0t/Notesnook/notesnook/apps/mobile/ios/build/Catalyst/Build/Products
    export BUILD_LIBRARY_FOR_DISTRIBUTION\=NO
    export BUILD_ONLY_KNOWN_LOCALIZATIONS\=NO
    export BUILD_ROOT\=/Users/ozel0t/Notesnook/notesnook/apps/mobile/ios/build/Catalyst/Build/Products
    export BUILD_STYLE\=
    export BUILD_VARIANTS\=normal
    export BUILT_PRODUCTS_DIR\=/Users/ozel0t/Notesnook/notesnook/apps/mobile/ios/build/Catalyst/Build/Products/Release-maccatalyst
    export BUNDLE_CONTENTS_FOLDER_PATH\=Contents/
    export BUNDLE_CONTENTS_FOLDER_PATH_deep\=Contents/
    export BUNDLE_EXECUTABLE_FOLDER_NAME_deep\=MacOS
    export BUNDLE_EXECUTABLE_FOLDER_PATH\=Contents/MacOS
    export BUNDLE_EXTENSIONS_FOLDER_PATH\=Contents/Extensions
    export BUNDLE_FORMAT\=deep
    export BUNDLE_FRAMEWORKS_FOLDER_PATH\=Contents/Frameworks
    export BUNDLE_PLUGINS_FOLDER_PATH\=Contents/PlugIns
    export BUNDLE_PRIVATE_HEADERS_FOLDER_PATH\=Contents/PrivateHeaders
    export BUNDLE_PUBLIC_HEADERS_FOLDER_PATH\=Contents/Headers
    export CACHE_ROOT\=/var/folders/86/45djkvrd2xs_ccbq4w22y12c0000gn/C/com.apple.DeveloperTools/27.0-27A266a/Xcode
    export CCHROOT\=/var/folders/86/45djkvrd2xs_ccbq4w22y12c0000gn/C/com.apple.DeveloperTools/27.0-27A266a/Xcode
    export CHMOD\=/bin/chmod
    export CHOWN\=chown
    export CLANG_ANALYZER_LOCALIZABILITY_NONLOCALIZED\=YES
    export CLANG_ANALYZER_NONNULL\=YES
    export CLANG_ANALYZER_NUMBER_OBJECT_CONVERSION\=YES_AGGRESSIVE
    export CLANG_CACHE_FINE_GRAINED_OUTPUTS\=YES
    export CLANG_CXX_LANGUAGE_STANDARD\=c++20
    export CLANG_CXX_LIBRARY\=libc++
    export CLANG_ENABLE_EXPLICIT_MODULES\=YES
    export CLANG_ENABLE_MODULES\=YES
    export CLANG_ENABLE_OBJC_ARC\=YES
    export CLANG_ENABLE_OBJC_WEAK\=YES
    export CLANG_MODULES_BUILD_SESSION_FILE\=/Users/ozel0t/Notesnook/notesnook/apps/mobile/ios/build/Catalyst/ModuleCache.noindex/Session.modulevalidation
    export CLANG_WARN_BLOCK_CAPTURE_AUTORELEASING\=YES
    export CLANG_WARN_BOOL_CONVERSION\=YES
    export CLANG_WARN_COMMA\=YES
    export CLANG_WARN_CONSTANT_CONVERSION\=YES
    export CLANG_WARN_DEPRECATED_OBJC_IMPLEMENTATIONS\=YES
    export CLANG_WARN_DIRECT_OBJC_ISA_USAGE\=YES_ERROR
    export CLANG_WARN_DOCUMENTATION_COMMENTS\=YES
    export CLANG_WARN_EMPTY_BODY\=YES
    export CLANG_WARN_ENUM_CONVERSION\=YES
    export CLANG_WARN_INFINITE_RECURSION\=YES
    export CLANG_WARN_INT_CONVERSION\=YES
    export CLANG_WARN_NON_LITERAL_NULL_CONVERSION\=YES
    export CLANG_WARN_OBJC_IMPLICIT_RETAIN_SELF\=YES
    export CLANG_WARN_OBJC_LITERAL_CONVERSION\=YES
    export CLANG_WARN_OBJC_ROOT_CLASS\=YES_ERROR
    export CLANG_WARN_QUOTED_INCLUDE_IN_FRAMEWORK_HEADER\=YES
    export CLANG_WARN_RANGE_LOOP_ANALYSIS\=YES
    export CLANG_WARN_STRICT_PROTOTYPES\=YES
    export CLANG_WARN_SUSPICIOUS_MOVE\=YES
    export CLANG_WARN_UNGUARDED_AVAILABILITY\=YES_AGGRESSIVE
    export CLANG_WARN_UNREACHABLE_CODE\=YES
    export CLANG_WARN__DUPLICATE_METHOD_MATCH\=YES
    export CLASS_FILE_DIR\=/Users/ozel0t/Notesnook/notesnook/apps/mobile/ios/build/Catalyst/Build/Intermediates.noindex/Notesnook.build/Release-maccatalyst/Make\ Note.build/JavaClasses
    export CLEAN_PRECOMPS\=YES
    export CLONE_HEADERS\=NO
    export CODESIGNING_FOLDER_PATH\=/Users/ozel0t/Notesnook/notesnook/apps/mobile/ios/build/Catalyst/Build/Products/Release-maccatalyst/Make\ Note.appex
    export CODE_SIGNING_ALLOWED\=YES
    export CODE_SIGNING_REQUIRED\=YES
    export CODE_SIGN_ENTITLEMENTS\=Make\ Note/Make\ Note-macOS.entitlements
    export CODE_SIGN_IDENTITY\=Apple\ Development
    export CODE_SIGN_INJECT_BASE_ENTITLEMENTS\=YES
    export CODE_SIGN_STYLE\=Automatic
    export COLOR_DIAGNOSTICS\=NO
    export COMBINE_HIDPI_IMAGES\=NO
    export COMPILATION_CACHE_CAS_PATH\=/Users/ozel0t/Notesnook/notesnook/apps/mobile/ios/build/Catalyst/CompilationCache.noindex
    export COMPILATION_CACHE_KEEP_CAS_DIRECTORY\=YES
    export COMPILER_INDEX_STORE_ENABLE\=Default
    export COMPOSITE_SDK_DIRS\=/Users/ozel0t/Notesnook/notesnook/apps/mobile/ios/build/Catalyst/Build/Intermediates.noindex/CompositeSDKs
    export COMPRESS_PNG_FILES\=NO
    export CONFIGURATION\=Release
    export CONFIGURATION_BUILD_DIR\=/Users/ozel0t/Notesnook/notesnook/apps/mobile/ios/build/Catalyst/Build/Products/Release-maccatalyst
    export CONFIGURATION_TEMP_DIR\=/Users/ozel0t/Notesnook/notesnook/apps/mobile/ios/build/Catalyst/Build/Intermediates.noindex/Notesnook.build/Release-maccatalyst
    export CONTENTS_FOLDER_PATH\=Make\ Note.appex/Contents
    export CONTENTS_FOLDER_PATH_SHALLOW_BUNDLE_NO\=Make\ Note.appex/Contents
    export CONTENTS_FOLDER_PATH_SHALLOW_BUNDLE_YES\=Make\ Note.appex
    export COPYING_PRESERVES_HFS_DATA\=NO
    export COPY_HEADERS_RUN_UNIFDEF\=NO
    export COPY_PHASE_STRIP\=NO
    export CP\=/bin/cp
    export CREATE_INFOPLIST_SECTION_IN_BINARY\=NO
    export CURRENT_ARCH\=undefined_arch
    export CURRENT_PROJECT_VERSION\=22
    export CURRENT_VARIANT\=normal
    export DEAD_CODE_STRIPPING\=YES
    export DEBUGGING_SYMBOLS\=YES
    export DEBUG_INFORMATION_FORMAT\=dwarf-with-dsym
    export DEBUG_INFORMATION_VERSION\=compiler-default
    export DEFAULT_COMPILER\=com.apple.compilers.llvm.clang.1_0
    export DEFAULT_DEXT_INSTALL_PATH\=/System/Library/DriverExtensions
    export DEFAULT_KEXT_INSTALL_PATH\=/System/Library/Extensions
    export DEFINES_MODULE\=NO
    export DEPLOYMENT_LOCATION\=NO
    export DEPLOYMENT_POSTPROCESSING\=NO
    export DEPLOYMENT_TARGET_SETTING_NAME\=MACOSX_DEPLOYMENT_TARGET
    export DEPLOYMENT_TARGET_SUGGESTED_VALUES\=12.0\ 12.2\ 12.3\ 12.4\ 13.0\ 13.1\ 13.2\ 13.3\ 13.4\ 13.5\ 14.0\ 14.1\ 14.2\ 14.3\ 14.4\ 14.5\ 14.6\ 15.0\ 15.1\ 15.2\ 15.3\ 15.4\ 15.5\ 15.6\ 26.0\ 26.1\ 26.2\ 26.3\ 26.4\ 26.5\ 26.6\ 27.0
    export DERIVED_FILES_DIR\=/Users/ozel0t/Notesnook/notesnook/apps/mobile/ios/build/Catalyst/Build/Intermediates.noindex/Notesnook.build/Release-maccatalyst/Make\ Note.build/DerivedSources
    export DERIVED_FILE_DIR\=/Users/ozel0t/Notesnook/notesnook/apps/mobile/ios/build/Catalyst/Build/Intermediates.noindex/Notesnook.build/Release-maccatalyst/Make\ Note.build/DerivedSources
    export DERIVED_SOURCES_DIR\=/Users/ozel0t/Notesnook/notesnook/apps/mobile/ios/build/Catalyst/Build/Intermediates.noindex/Notesnook.build/Release-maccatalyst/Make\ Note.build/DerivedSources
    export DERIVE_MACCATALYST_PRODUCT_BUNDLE_IDENTIFIER\=NO
    export DEVELOPER_APPLICATIONS_DIR\=/Applications/Xcode.app/Contents/Developer/Applications
    export DEVELOPER_BIN_DIR\=/Applications/Xcode.app/Contents/Developer/usr/bin
    export DEVELOPER_DIR\=/Applications/Xcode.app/Contents/Developer
    export DEVELOPER_FRAMEWORKS_DIR\=/Applications/Xcode.app/Contents/Developer/Library/Frameworks
    export DEVELOPER_FRAMEWORKS_DIR_QUOTED\=/Applications/Xcode.app/Contents/Developer/Library/Frameworks
    export DEVELOPER_LIBRARY_DIR\=/Applications/Xcode.app/Contents/Developer/Library
    export DEVELOPER_SDK_DIR\=/Applications/Xcode.app/Contents/Developer/Platforms/MacOSX.platform/Developer/SDKs
    export DEVELOPER_TOOLS_DIR\=/Applications/Xcode.app/Contents/Developer/Tools
    export DEVELOPER_USR_DIR\=/Applications/Xcode.app/Contents/Developer/usr
    export DEVELOPMENT_LANGUAGE\=en
    export DEVELOPMENT_TEAM\=QXCNJY73A8
    export DIAGNOSE_MISSING_TARGET_DEPENDENCIES\=YES
    export DIFF\=/usr/bin/diff
    export DOCUMENTATION_FOLDER_PATH\=Make\ Note.appex/Contents/Resources/en.lproj/Documentation
    export DONT_GENERATE_INFOPLIST_FILE\=NO
    export DSTROOT\=/tmp/Notesnook.dst
    export DT_TOOLCHAIN_DIR\=/Applications/Xcode.app/Contents/Developer/Toolchains/XcodeDefault.xctoolchain
    export DWARF_DSYM_FILE_NAME\=Make\ Note.appex.dSYM
    export DWARF_DSYM_FILE_SHOULD_ACCOMPANY_PRODUCT\=NO
    export DWARF_DSYM_FOLDER_PATH\=/Users/ozel0t/Notesnook/notesnook/apps/mobile/ios/build/Catalyst/Build/Products/Release-maccatalyst
    export DYNAMIC_LIBRARY_EXTENSION\=dylib
    export EAGER_COMPILATION_ALLOW_SCRIPTS\=NO
    export EAGER_LINKING\=NO
    export EFFECTIVE_PLATFORM_NAME\=-maccatalyst
    export EFFECTIVE_PLATFORM_NAME_MAC_CATALYST_USE_DISTINCT_BUILD_DIR\=YES
    export EFFECTIVE_PLATFORM_NAME_MAC_CATALYST_USE_DISTINCT_BUILD_DIR_YES\=-maccatalyst
    export EFFECTIVE_SWIFT_VERSION\=5
    export EMBEDDED_CONTENT_CONTAINS_SWIFT\=NO
    export EMBEDDED_PROFILE_NAME\=embedded.provisionprofile
    export EMBED_ASSET_PACKS_IN_PRODUCT_BUNDLE\=NO
    export ENABLE_APP_SANDBOX\=NO
    export ENABLE_CODE_COVERAGE\=YES
    export ENABLE_COHORT_ARCHS\=YES
    export ENABLE_CPLUSPLUS_BOUNDS_SAFE_BUFFERS\=NO
    export ENABLE_C_BOUNDS_SAFETY\=NO
    export ENABLE_DEBUG_DYLIB\=NO
    export ENABLE_DEFAULT_HEADER_SEARCH_PATHS\=YES
    export ENABLE_DEFAULT_SEARCH_PATHS\=YES
    export ENABLE_ENHANCED_SECURITY\=NO
    export ENABLE_HARDENED_RUNTIME\=YES
    export ENABLE_HARDWARE_CHECKED_POINTER_ARITHMETIC_SLICE\=NO
    export ENABLE_HEADER_DEPENDENCIES\=YES
    export ENABLE_INCOMING_NETWORK_CONNECTIONS\=NO
    export ENABLE_NS_ASSERTIONS\=NO
    export ENABLE_ON_DEMAND_RESOURCES\=NO
    export ENABLE_OUTGOING_NETWORK_CONNECTIONS\=NO
    export ENABLE_POINTER_AUTHENTICATION\=NO
    export ENABLE_PREVIEWS\=NO
    export ENABLE_RESOURCE_ACCESS_AUDIO_INPUT\=NO
    export ENABLE_RESOURCE_ACCESS_BLUETOOTH\=NO
    export ENABLE_RESOURCE_ACCESS_CALENDARS\=NO
    export ENABLE_RESOURCE_ACCESS_CAMERA\=NO
    export ENABLE_RESOURCE_ACCESS_CONTACTS\=NO
    export ENABLE_RESOURCE_ACCESS_LOCATION\=NO
    export ENABLE_RESOURCE_ACCESS_PHOTO_LIBRARY\=NO
    export ENABLE_RESOURCE_ACCESS_PRINTING\=NO
    export ENABLE_RESOURCE_ACCESS_USB\=NO
    export ENABLE_SDK_IMPORTS\=NO
    export ENABLE_SECURITY_COMPILER_WARNINGS\=NO
    export ENABLE_STRICT_OBJC_MSGSEND\=YES
    export ENABLE_TESTABILITY\=NO
    export ENABLE_TESTING_SEARCH_PATHS\=NO
    export ENABLE_USER_SCRIPT_SANDBOXING\=NO
    export ENABLE_XOJIT_PREVIEWS\=NO
    export ENFORCE_VALID_ARCHS\=YES
    export ENTITLEMENTS_DESTINATION\=Signature
    export ENTITLEMENTS_REQUIRED\=NO
    export EXCLUDED_ARCHS\=x86_64
    export EXCLUDED_INSTALLSRC_SUBDIRECTORY_PATTERNS\=.DS_Store\ .svn\ .git\ .hg\ CVS
    export EXCLUDED_RECURSIVE_SEARCH_PATH_SUBDIRECTORIES\=\*.nib\ \*.lproj\ \*.framework\ \*.gch\ \*.xcode\*\ \*.xcassets\ \*.icon\ \(\*\)\ .DS_Store\ CVS\ .svn\ .git\ .hg\ \*.pbproj\ \*.pbxproj
    export EXECUTABLES_FOLDER_PATH\=Make\ Note.appex/Contents/Executables
    export EXECUTABLE_FOLDER_PATH\=Make\ Note.appex/Contents/MacOS
    export EXECUTABLE_FOLDER_PATH_SHALLOW_BUNDLE_NO\=Make\ Note.appex/Contents/MacOS
    export EXECUTABLE_FOLDER_PATH_SHALLOW_BUNDLE_YES\=Make\ Note.appex/Contents
    export EXECUTABLE_NAME\=Make\ Note
    export EXECUTABLE_PATH\=Make\ Note.appex/Contents/MacOS/Make\ Note
    export EXPANDED_CODE_SIGN_IDENTITY\=58A4018F522DC35ABA84C6632EBE4EF282045584
    export EXPANDED_CODE_SIGN_IDENTITY_NAME\=Apple\ Development:\ MN\ GTNNAT\ \(HNH83964F5\)
    export EXPANDED_PROVISIONING_PROFILE\=56abc356-284f-40a8-b7de-33cf28125a98
    export EXTENSIONS_FOLDER_PATH\=Make\ Note.appex/Contents/Extensions
    export FILE_LIST\=/Users/ozel0t/Notesnook/notesnook/apps/mobile/ios/build/Catalyst/Build/Intermediates.noindex/Notesnook.build/Release-maccatalyst/Make\ Note.build/Objects/LinkFileList
    export FIXED_FILES_DIR\=/Users/ozel0t/Notesnook/notesnook/apps/mobile/ios/build/Catalyst/Build/Intermediates.noindex/Notesnook.build/Release-maccatalyst/Make\ Note.build/FixedFiles
    export FRAMEWORKS_FOLDER_PATH\=Make\ Note.appex/Contents/Frameworks
    export FRAMEWORK_FLAG_PREFIX\=-framework
    export FRAMEWORK_SEARCH_PATHS\=/Users/ozel0t/Notesnook/notesnook/apps/mobile/ios/build/Catalyst/Build/Products/Release-maccatalyst\ \ \"/Users/ozel0t/Notesnook/notesnook/apps/mobile/ios/Pods/../../node_modules/@ammarahmed/react-native-background-fetch/ios/RNBackgroundFetch\"\ \"/Users/ozel0t/Notesnook/notesnook/apps/mobile/ios/Pods/../../node_modules/@ammarahmed/react-native-sodium/libsodium\"\ \"/Users/ozel0t/Notesnook/notesnook/apps/mobile/ios/Pods/../../node_modules/react-native-fast-openpgp/ios\"\ \"/Users/ozel0t/Notesnook/notesnook/apps/mobile/ios/Pods/hermes-engine/destroot/Library/Frameworks/universal\"\ \"/Users/ozel0t/Notesnook/notesnook/apps/mobile/ios/build/Catalyst/Build/Products/Release-maccatalyst/XCFrameworkIntermediates/RNBackgroundFetch\"\ \"/Users/ozel0t/Notesnook/notesnook/apps/mobile/ios/build/Catalyst/Build/Products/Release-maccatalyst/XCFrameworkIntermediates/hermes-engine/Pre-built\"\ \"/Users/ozel0t/Notesnook/notesnook/apps/mobile/ios/build/Catalyst/Build/Products/Release-maccatalyst/XCFrameworkIntermediates/react-native-fast-openpgp\"\ \"/Users/ozel0t/Notesnook/notesnook/apps/mobile/ios/Pods/hermes-engine/destroot/Library/Frameworks/universal\"\ \"/Users/ozel0t/Notesnook/notesnook/apps/mobile/ios/build/Catalyst/Build/Products/Release-maccatalyst/XCFrameworkIntermediates/hermes-engine/Pre-built\"\ \"/Users/ozel0t/Notesnook/notesnook/apps/mobile/ios\"
    export FRAMEWORK_VERSION\=A
    export FULL_PRODUCT_NAME\=Make\ Note.appex
    export FUSE_BUILD_PHASES\=YES
    export FUSE_BUILD_SCRIPT_PHASES\=NO
    export GCC3_VERSION\=3.3
    export GCC_C_LANGUAGE_STANDARD\=c17
    export GCC_INLINES_ARE_PRIVATE_EXTERN\=YES
    export GCC_NO_COMMON_BLOCKS\=YES
    export GCC_PFE_FILE_C_DIALECTS\=c\ objective-c\ c++\ objective-c++
    export GCC_PREPROCESSOR_DEFINITIONS\=\ COCOAPODS\=1
    export GCC_TREAT_WARNINGS_AS_ERRORS\=NO
    export GCC_VERSION\=com.apple.compilers.llvm.clang.1_0
    export GCC_VERSION_IDENTIFIER\=com_apple_compilers_llvm_clang_1_0
    export GCC_WARN_64_TO_32_BIT_CONVERSION\=YES
    export GCC_WARN_ABOUT_RETURN_TYPE\=YES_ERROR
    export GCC_WARN_UNDECLARED_SELECTOR\=YES
    export GCC_WARN_UNINITIALIZED_AUTOS\=YES_AGGRESSIVE
    export GCC_WARN_UNUSED_FUNCTION\=YES
    export GCC_WARN_UNUSED_VARIABLE\=YES
    export GENERATED_MODULEMAP_DIR\=/Users/ozel0t/Notesnook/notesnook/apps/mobile/ios/build/Catalyst/Build/Intermediates.noindex/GeneratedModuleMaps-maccatalyst
    export GENERATE_INFOPLIST_FILE\=NO
    export GENERATE_INTERMEDIATE_TEXT_BASED_STUBS\=YES
    export GENERATE_PKGINFO_FILE\=NO
    export GENERATE_PRELINK_OBJECT_FILE\=NO
    export GENERATE_PROFILING_CODE\=NO
    export GENERATE_TEXT_BASED_STUBS\=NO
    export GID\=20
    export GROUP\=staff
    export HEADERMAP_INCLUDES_FLAT_ENTRIES_FOR_TARGET_BEING_BUILT\=YES
    export HEADERMAP_INCLUDES_FRAMEWORK_ENTRIES_FOR_ALL_PRODUCT_TYPES\=YES
    export HEADERMAP_INCLUDES_FRAMEWORK_ENTRIES_FOR_TARGETS_NOT_BEING_BUILT\=YES
    export HEADERMAP_INCLUDES_NONPUBLIC_NONPRIVATE_HEADERS\=YES
    export HEADERMAP_INCLUDES_PROJECT_HEADERS\=YES
    export HEADERMAP_USES_FRAMEWORK_PREFIX_ENTRIES\=YES
    export HEADERMAP_USES_VFS\=NO
    export HEADER_SEARCH_PATHS\=/Users/ozel0t/Notesnook/notesnook/apps/mobile/ios/build/Catalyst/Build/Products/Release-maccatalyst/include\ \ \"/Users/ozel0t/Notesnook/notesnook/apps/mobile/ios/Pods/Headers/Public\"\ \"/Users/ozel0t/Notesnook/notesnook/apps/mobile/ios/Pods/Headers/Public/BEMCheckBox\"\ \"/Users/ozel0t/Notesnook/notesnook/apps/mobile/ios/Pods/Headers/Public/Base64\"\ \"/Users/ozel0t/Notesnook/notesnook/apps/mobile/ios/Pods/Headers/Public/DoubleConversion\"\ \"/Users/ozel0t/Notesnook/notesnook/apps/mobile/ios/Pods/Headers/Public/FBLazyVector\"\ \"/Users/ozel0t/Notesnook/notesnook/apps/mobile/ios/Pods/Headers/Public/GZIP\"\ \"/Users/ozel0t/Notesnook/notesnook/apps/mobile/ios/Pods/Headers/Public/MMKV\"\ \"/Users/ozel0t/Notesnook/notesnook/apps/mobile/ios/Pods/Headers/Public/MMKVCore\"\ \"/Users/ozel0t/Notesnook/notesnook/apps/mobile/ios/Pods/Headers/Public/NitroCloudUploader\"\ \"/Users/ozel0t/Notesnook/notesnook/apps/mobile/ios/Pods/Headers/Public/NitroModules\"\ \"/Users/ozel0t/Notesnook/notesnook/apps/mobile/ios/Pods/Headers/Public/RCT-Folly\"\ \"/Users/ozel0t/Notesnook/notesnook/apps/mobile/ios/Pods/Headers/Public/RCTDeprecation\"\ \"/Users/ozel0t/Notesnook/notesnook/apps/mobile/ios/Pods/Headers/Public/RCTRequired\"\ \"/Users/ozel0t/Notesnook/notesnook/apps/mobile/ios/Pods/Headers/Public/RCTTypeSafety\"\ \"/Users/ozel0t/Notesnook/notesnook/apps/mobile/ios/Pods/Headers/Public/RNBackgroundFetch\"\ \"/Users/ozel0t/Notesnook/notesnook/apps/mobile/ios/Pods/Headers/Public/RNBootSplash\"\ \"/Users/ozel0t/Notesnook/notesnook/apps/mobile/ios/Pods/Headers/Public/RNCCheckbox\"\ \"/Users/ozel0t/Notesnook/notesnook/apps/mobile/ios/Pods/Headers/Public/RNCClipboard\"\ \"/Users/ozel0t/Notesnook/notesnook/apps/mobile/ios/Pods/Headers/Public/RNCMaskedView\"\ \"/Users/ozel0t/Notesnook/notesnook/apps/mobile/ios/Pods/Headers/Public/RNDateTimePicker\"\ \"/Users/ozel0t/Notesnook/notesnook/apps/mobile/ios/Pods/Headers/Public/RNDeviceInfo\"\ \"/Users/ozel0t/Notesnook/notesnook/apps/mobile/ios/Pods/Headers/Public/RNFileViewer\"\ \"/Users/ozel0t/Notesnook/notesnook/apps/mobile/ios/Pods/Headers/Public/RNGestureHandler\"\ \"/Users/ozel0t/Notesnook/notesnook/apps/mobile/ios/Pods/Headers/Public/RNIap\"\ \"/Users/ozel0t/Notesnook/notesnook/apps/mobile/ios/Pods/Headers/Public/RNImageCropPicker\"\ \"/Users/ozel0t/Notesnook/notesnook/apps/mobile/ios/Pods/Headers/Public/RNKeychain\"\ \"/Users/ozel0t/Notesnook/notesnook/apps/mobile/ios/Pods/Headers/Public/RNNotifee\"\ \"/Users/ozel0t/Notesnook/notesnook/apps/mobile/ios/Pods/Headers/Public/RNReanimated\"\ \"/Users/ozel0t/Notesnook/notesnook/apps/mobile/ios/Pods/Headers/Public/RNSVG\"\ \"/Users/ozel0t/Notesnook/notesnook/apps/mobile/ios/Pods/Headers/Public/RNScreens\"\ \"/Users/ozel0t/Notesnook/notesnook/apps/mobile/ios/Pods/Headers/Public/RNSecureRandom\"\ \"/Users/ozel0t/Notesnook/notesnook/apps/mobile/ios/Pods/Headers/Public/RNShare\"\ \"/Users/ozel0t/Notesnook/notesnook/apps/mobile/ios/Pods/Headers/Public/RNTooltips\"\ \"/Users/ozel0t/Notesnook/notesnook/apps/mobile/ios/Pods/Headers/Public/RNWorklets\"\ \"/Users/ozel0t/Notesnook/notesnook/apps/mobile/ios/Pods/Headers/Public/RNZipArchive\"\ \"/Users/ozel0t/Notesnook/notesnook/apps/mobile/ios/Pods/Headers/Public/React-Core\"\ \"/Users/ozel0t/Notesnook/notesnook/apps/mobile/ios/Pods/Headers/Public/React-Fabric\"\ \"/Users/ozel0t/Notesnook/notesnook/apps/mobile/ios/Pods/Headers/Public/React-FabricComponents\"\ \"/Users/ozel0t/Notesnook/notesnook/apps/mobile/ios/Pods/Headers/Public/React-FabricImage\"\ \"/Users/ozel0t/Notesnook/notesnook/apps/mobile/ios/Pods/Headers/Public/React-ImageManager\"\ \"/Users/ozel0t/Notesnook/notesnook/apps/mobile/ios/Pods/Headers/Public/React-Mapbuffer\"\ \"/Users/ozel0t/Notesnook/notesnook/apps/mobile/ios/Pods/Headers/Public/React-NativeModulesApple\"\ \"/Users/ozel0t/Notesnook/notesnook/apps/mobile/ios/Pods/Headers/Public/React-RCTAnimation\"\ \"/Users/ozel0t/Notesnook/notesnook/apps/mobile/ios/Pods/Headers/Public/React-RCTAppDelegate\"\ \"/Users/ozel0t/Notesnook/notesnook/apps/mobile/ios/Pods/Headers/Public/React-RCTBlob\"\ \"/Users/ozel0t/Notesnook/notesnook/apps/mobile/ios/Pods/Headers/Public/React-RCTFBReactNativeSpec\"\ \"/Users/ozel0t/Notesnook/notesnook/apps/mobile/ios/Pods/Headers/Public/React-RCTFabric\"\ \"/Users/ozel0t/Notesnook/notesnook/apps/mobile/ios/Pods/Headers/Public/React-RCTRuntime\"\ \"/Users/ozel0t/Notesnook/notesnook/apps/mobile/ios/Pods/Headers/Public/React-RCTText\"\ \"/Users/ozel0t/Notesnook/notesnook/apps/mobile/ios/Pods/Headers/Public/React-RuntimeApple\"\ \"/Users/ozel0t/Notesnook/notesnook/apps/mobile/ios/Pods/Headers/Public/React-RuntimeCore\"\ \"/Users/ozel0t/Notesnook/notesnook/apps/mobile/ios/Pods/Headers/Public/React-RuntimeHermes\"\ \"/Users/ozel0t/Notesnook/notesnook/apps/mobile/ios/Pods/Headers/Public/React-callinvoker\"\ \"/Users/ozel0t/Notesnook/notesnook/apps/mobile/ios/Pods/Headers/Public/React-cxxreact\"\ \"/Users/ozel0t/Notesnook/notesnook/apps/mobile/ios/Pods/Headers/Public/React-debug\"\ \"/Users/ozel0t/Notesnook/notesnook/apps/mobile/ios/Pods/Headers/Public/React-defaultsnativemodule\"\ \"/Users/ozel0t/Notesnook/notesnook/apps/mobile/ios/Pods/Headers/Public/React-domnativemodule\"\ \"/Users/ozel0t/Notesnook/notesnook/apps/mobile/ios/Pods/Headers/Public/React-featureflags\"\ \"/Users/ozel0t/Notesnook/notesnook/apps/mobile/ios/Pods/Headers/Public/React-featureflagsnativemodule\"\ \"/Users/ozel0t/Notesnook/notesnook/apps/mobile/ios/Pods/Headers/Public/React-graphics\"\ \"/Users/ozel0t/Notesnook/notesnook/apps/mobile/ios/Pods/Headers/Public/React-hermes\"\ \"/Users/ozel0t/Notesnook/notesnook/apps/mobile/ios/Pods/Headers/Public/React-idlecallbacksnativemodule\"\ \"/Users/ozel0t/Notesnook/notesnook/apps/mobile/ios/Pods/Headers/Public/React-jserrorhandler\"\ \"/Users/ozel0t/Notesnook/notesnook/apps/mobile/ios/Pods/Headers/Public/React-jsi\"\ \"/Users/ozel0t/Notesnook/notesnook/apps/mobile/ios/Pods/Headers/Public/React-jsiexecutor\"\ \"/Users/ozel0t/Notesnook/notesnook/apps/mobile/ios/Pods/Headers/Public/React-jsinspector\"\ \"/Users/ozel0t/Notesnook/notesnook/apps/mobile/ios/Pods/Headers/Public/React-jsinspectorcdp\"\ \"/Users/ozel0t/Notesnook/notesnook/apps/mobile/ios/Pods/Headers/Public/React-jsinspectornetwork\"\ \"/Users/ozel0t/Notesnook/notesnook/apps/mobile/ios/Pods/Headers/Public/React-jsinspectortracing\"\ \"/Users/ozel0t/Notesnook/notesnook/apps/mobile/ios/Pods/Headers/Public/React-jsitooling\"\ \"/Users/ozel0t/Notesnook/notesnook/apps/mobile/ios/Pods/Headers/Public/React-logger\"\ \"/Users/ozel0t/Notesnook/notesnook/apps/mobile/ios/Pods/Headers/Public/React-microtasksnativemodule\"\ \"/Users/ozel0t/Notesnook/notesnook/apps/mobile/ios/Pods/Headers/Public/React-oscompat\"\ \"/Users/ozel0t/Notesnook/notesnook/apps/mobile/ios/Pods/Headers/Public/React-perflogger\"\ \"/Users/ozel0t/Notesnook/notesnook/apps/mobile/ios/Pods/Headers/Public/React-performancecdpmetrics\"\ \"/Users/ozel0t/Notesnook/notesnook/apps/mobile/ios/Pods/Headers/Public/React-performancetimeline\"\ \"/Users/ozel0t/Notesnook/notesnook/apps/mobile/ios/Pods/Headers/Public/React-rendererconsistency\"\ \"/Users/ozel0t/Notesnook/notesnook/apps/mobile/ios/Pods/Headers/Public/React-renderercss\"\ \"/Users/ozel0t/Notesnook/notesnook/apps/mobile/ios/Pods/Headers/Public/React-rendererdebug\"\ \"/Users/ozel0t/Notesnook/notesnook/apps/mobile/ios/Pods/Headers/Public/React-runtimeexecutor\"\ \"/Users/ozel0t/Notesnook/notesnook/apps/mobile/ios/Pods/Headers/Public/React-runtimescheduler\"\ \"/Users/ozel0t/Notesnook/notesnook/apps/mobile/ios/Pods/Headers/Public/React-timing\"\ \"/Users/ozel0t/Notesnook/notesnook/apps/mobile/ios/Pods/Headers/Public/React-utils\"\ \"/Users/ozel0t/Notesnook/notesnook/apps/mobile/ios/Pods/Headers/Public/React-webperformancenativemodule\"\ \"/Users/ozel0t/Notesnook/notesnook/apps/mobile/ios/Pods/Headers/Public/ReactAppDependencyProvider\"\ \"/Users/ozel0t/Notesnook/notesnook/apps/mobile/ios/Pods/Headers/Public/ReactCodegen\"\ \"/Users/ozel0t/Notesnook/notesnook/apps/mobile/ios/Pods/Headers/Public/ReactCommon\"\ \"/Users/ozel0t/Notesnook/notesnook/apps/mobile/ios/Pods/Headers/Public/SDWebImage\"\ \"/Users/ozel0t/Notesnook/notesnook/apps/mobile/ios/Pods/Headers/Public/SSZipArchive\"\ \"/Users/ozel0t/Notesnook/notesnook/apps/mobile/ios/Pods/Headers/Public/SexyTooltip\"\ \"/Users/ozel0t/Notesnook/notesnook/apps/mobile/ios/Pods/Headers/Public/SocketRocket\"\ \"/Users/ozel0t/Notesnook/notesnook/apps/mobile/ios/Pods/Headers/Public/SwiftyRSA\"\ \"/Users/ozel0t/Notesnook/notesnook/apps/mobile/ios/Pods/Headers/Public/TOCropViewController\"\ \"/Users/ozel0t/Notesnook/notesnook/apps/mobile/ios/Pods/Headers/Public/Yoga\"\ \"/Users/ozel0t/Notesnook/notesnook/apps/mobile/ios/Pods/Headers/Public/boost\"\ \"/Users/ozel0t/Notesnook/notesnook/apps/mobile/ios/Pods/Headers/Public/callstack-repack\"\ \"/Users/ozel0t/Notesnook/notesnook/apps/mobile/ios/Pods/Headers/Public/fast_float\"\ \"/Users/ozel0t/Notesnook/notesnook/apps/mobile/ios/Pods/Headers/Public/fmt\"\ \"/Users/ozel0t/Notesnook/notesnook/apps/mobile/ios/Pods/Headers/Public/glog\"\ \"/Users/ozel0t/Notesnook/notesnook/apps/mobile/ios/Pods/Headers/Public/hermes-engine\"\ \"/Users/ozel0t/Notesnook/notesnook/apps/mobile/ios/Pods/Headers/Public/pop\"\ \"/Users/ozel0t/Notesnook/notesnook/apps/mobile/ios/Pods/Headers/Public/react-native-actions-shortcuts\"\ \"/Users/ozel0t/Notesnook/notesnook/apps/mobile/ios/Pods/Headers/Public/react-native-background-actions\"\ \"/Users/ozel0t/Notesnook/notesnook/apps/mobile/ios/Pods/Headers/Public/react-native-begin-background-task\"\ \"/Users/ozel0t/Notesnook/notesnook/apps/mobile/ios/Pods/Headers/Public/react-native-blob-util\"\ \"/Users/ozel0t/Notesnook/notesnook/apps/mobile/ios/Pods/Headers/Public/react-native-cameraroll\"\ \"/Users/ozel0t/Notesnook/notesnook/apps/mobile/ios/Pods/Headers/Public/react-native-config\"\ \"/Users/ozel0t/Notesnook/notesnook/apps/mobile/ios/Pods/Headers/Public/react-native-date-picker\"\ \"/Users/ozel0t/Notesnook/notesnook/apps/mobile/ios/Pods/Headers/Public/react-native-document-picker\"\ \"/Users/ozel0t/Notesnook/notesnook/apps/mobile/ios/Pods/Headers/Public/react-native-fast-openpgp\"\ \"/Users/ozel0t/Notesnook/notesnook/apps/mobile/ios/Pods/Headers/Public/react-native-fingerprint-scanner\"\ \"/Users/ozel0t/Notesnook/notesnook/apps/mobile/ios/Pods/Headers/Public/react-native-get-random-values\"\ \"/Users/ozel0t/Notesnook/notesnook/apps/mobile/ios/Pods/Headers/Public/react-native-gzip\"\ \"/Users/ozel0t/Notesnook/notesnook/apps/mobile/ios/Pods/Headers/Public/react-native-html-to-pdf-lite\"\ \"/Users/ozel0t/Notesnook/notesnook/apps/mobile/ios/Pods/Headers/Public/react-native-image-resizer\"\ \"/Users/ozel0t/Notesnook/notesnook/apps/mobile/ios/Pods/Headers/Public/react-native-in-app-review\"\ \"/Users/ozel0t/Notesnook/notesnook/apps/mobile/ios/Pods/Headers/Public/react-native-keep-awake\"\ \"/Users/ozel0t/Notesnook/notesnook/apps/mobile/ios/Pods/Headers/Public/react-native-mmkv-storage\"\ \"/Users/ozel0t/Notesnook/notesnook/apps/mobile/ios/Pods/Headers/Public/react-native-netinfo\"\ \"/Users/ozel0t/Notesnook/notesnook/apps/mobile/ios/Pods/Headers/Public/react-native-notification-sounds\"\ \"/Users/ozel0t/Notesnook/notesnook/apps/mobile/ios/Pods/Headers/Public/react-native-orientation-locker\"\ \"/Users/ozel0t/Notesnook/notesnook/apps/mobile/ios/Pods/Headers/Public/react-native-pdf\"\ \"/Users/ozel0t/Notesnook/notesnook/apps/mobile/ios/Pods/Headers/Public/react-native-quick-sqlite\"\ \"/Users/ozel0t/Notesnook/notesnook/apps/mobile/ios/Pods/Headers/Public/react-native-safe-area-context\"\ \"/Users/ozel0t/Notesnook/notesnook/apps/mobile/ios/Pods/Headers/Public/react-native-screenguard\"\ \"/Users/ozel0t/Notesnook/notesnook/apps/mobile/ios/Pods/Headers/Public/react-native-share-extension\"\ \"/Users/ozel0t/Notesnook/notesnook/apps/mobile/ios/Pods/Headers/Public/react-native-sodium\"\ \"/Users/ozel0t/Notesnook/notesnook/apps/mobile/ios/Pods/Headers/Public/react-native-theme-switch-animation\"\ \"/Users/ozel0t/Notesnook/notesnook/apps/mobile/ios/Pods/Headers/Public/react-native-upload\"\ \"/Users/ozel0t/Notesnook/notesnook/apps/mobile/ios/Pods/Headers/Public/react-native-view-shot\"\ \"/Users/ozel0t/Notesnook/notesnook/apps/mobile/ios/Pods/Headers/Public/react-native-webview\"\ \"/Users/ozel0t/Notesnook/notesnook/apps/mobile/ios/Pods/Headers/Public/toolbar-android\"\ \"/Users/ozel0t/Notesnook/notesnook/apps/mobile/ios/build/Catalyst/Build/Products/Release-maccatalyst/XCFrameworkIntermediates/react-native-sodium/Headers\"\ \"/Users/ozel0t/Notesnook/notesnook/apps/mobile/ios/Pods/DoubleConversion\"\ \"/Users/ozel0t/Notesnook/notesnook/apps/mobile/ios/Pods/boost\"\ \"/Users/ozel0t/Notesnook/notesnook/apps/mobile/ios/Pods/boost\"\ \"/Users/ozel0t/Notesnook/notesnook/apps/mobile/ios/Pods/boost-for-react-native\"\ \"/Users/ozel0t/Notesnook/notesnook/apps/mobile/ios/Pods/glog\"\ \"/Users/ozel0t/Notesnook/notesnook/apps/mobile/ios/Pods/RCT-Folly\"\ \"/Users/ozel0t/Notesnook/notesnook/apps/mobile/ios/Pods/Headers/Public/React-hermes\"\ \"/Users/ozel0t/Notesnook/notesnook/apps/mobile/ios/Pods/Headers/Public/hermes-engine\"\ \"/Users/ozel0t/Notesnook/notesnook/apps/mobile/ios/Pods/Headers/Public/RNWorklets\"\ \"/Users/ozel0t/Notesnook/notesnook/apps/mobile/ios/Pods/../../node_modules/react-native/ReactCommon\"\ \"/Users/ozel0t/Notesnook/notesnook/apps/mobile/ios/Pods/../../node_modules/react-native-reanimated/apple\"\ \"/Users/ozel0t/Notesnook/notesnook/apps/mobile/ios/Pods/../../node_modules/react-native-reanimated/Common/cpp\"\ \"/Users/ozel0t/Notesnook/notesnook/apps/mobile/ios/Pods/../../node_modules/react-native-reanimated/Common/NativeView\"\ \"/Users/ozel0t/Notesnook/notesnook/apps/mobile/ios/Pods/../../node_modules/react-native-worklets/apple\"\ \"/Users/ozel0t/Notesnook/notesnook/apps/mobile/ios/Pods/../../node_modules/react-native-worklets/Common/cpp\"\ \"/Users/ozel0t/Notesnook/notesnook/apps/mobile/ios/Pods/boost\"\ \"/Users/ozel0t/Notesnook/notesnook/apps/mobile/ios/Pods/boost-for-react-native\"\ \"/Users/ozel0t/Notesnook/notesnook/apps/mobile/ios/Pods/glog\"\ \"/Users/ozel0t/Notesnook/notesnook/apps/mobile/ios/Pods/RCT-Folly\"\ \"/Users/ozel0t/Notesnook/notesnook/apps/mobile/ios/Pods/Headers/Public/React-hermes\"\ \"/Users/ozel0t/Notesnook/notesnook/apps/mobile/ios/Pods/Headers/Public/hermes-engine\"\ \"/Users/ozel0t/Notesnook/notesnook/apps/mobile/ios/Pods/../../node_modules/react-native/ReactCommon\"\ \"/Users/ozel0t/Notesnook/notesnook/apps/mobile/ios/Pods/../../node_modules/react-native-worklets/apple\"\ \"/Users/ozel0t/Notesnook/notesnook/apps/mobile/ios/Pods/../../node_modules/react-native-worklets/Common/cpp\"\ \"/Users/ozel0t/Notesnook/notesnook/apps/mobile/ios/Pods/Headers/Private/React-Core\"\ \"/Users/ozel0t/Notesnook/notesnook/apps/mobile/ios/Pods/Headers/Private/React-Core\"\ \"/Users/ozel0t/Notesnook/notesnook/apps/mobile/ios/Pods/Headers/Private/Yoga\"\ /Users/ozel0t/Notesnook/notesnook/apps/mobile/ios/Pods/Headers/Public/react-native-sodium/\*\*\ \"/Users/ozel0t/Notesnook/notesnook/apps/mobile/ios/Pods/Headers/Public\"\ \"/Users/ozel0t/Notesnook/notesnook/apps/mobile/ios/Pods/Headers/Public/Base64\"\ \"/Users/ozel0t/Notesnook/notesnook/apps/mobile/ios/Pods/Headers/Public/DoubleConversion\"\ \"/Users/ozel0t/Notesnook/notesnook/apps/mobile/ios/Pods/Headers/Public/FBLazyVector\"\ \"/Users/ozel0t/Notesnook/notesnook/apps/mobile/ios/Pods/Headers/Public/FBReactNativeSpec\"\ \"/Users/ozel0t/Notesnook/notesnook/apps/mobile/ios/Pods/Headers/Public/MMKV\"\ \"/Users/ozel0t/Notesnook/notesnook/apps/mobile/ios/Pods/Headers/Public/MMKVAppExtension\"\ \"/Users/ozel0t/Notesnook/notesnook/apps/mobile/ios/Pods/Headers/Public/MMKVCore\"\ \"/Users/ozel0t/Notesnook/notesnook/apps/mobile/ios/Pods/Headers/Public/Permission-PhotoLibrary\"\ \"/Users/ozel0t/Notesnook/notesnook/apps/mobile/ios/Pods/Headers/Public/RCTRequired\"\ \"/Users/ozel0t/Notesnook/notesnook/apps/mobile/ios/Pods/Headers/Public/RCTTypeSafety\"\ \"/Users/ozel0t/Notesnook/notesnook/apps/mobile/ios/Pods/Headers/Public/RNCCheckbox\"\ \"/Users/ozel0t/Notesnook/notesnook/apps/mobile/ios/Pods/Headers/Public/RNCMaskedView\"\ \"/Users/ozel0t/Notesnook/notesnook/apps/mobile/ios/Pods/Headers/Public/RNDeviceInfo\"\ \"/Users/ozel0t/Notesnook/notesnook/apps/mobile/ios/Pods/Headers/Public/RNFileViewer\"\ \"/Users/ozel0t/Notesnook/notesnook/apps/mobile/ios/Pods/Headers/Public/RNGestureHandler\"\ \"/Users/ozel0t/Notesnook/notesnook/apps/mobile/ios/Pods/Headers/Public/RNIap\"\ \"/Users/ozel0t/Notesnook/notesnook/apps/mobile/ios/Pods/Headers/Public/RNKeychain\"\ \"/Users/ozel0t/Notesnook/notesnook/apps/mobile/ios/Pods/Headers/Public/RNPermissions\"\ \"/Users/ozel0t/Notesnook/notesnook/apps/mobile/ios/Pods/Headers/Public/RNPrivacySnapshot\"\ \"/Users/ozel0t/Notesnook/notesnook/apps/mobile/ios/Pods/Headers/Public/RNReanimated\"\ \"/Users/ozel0t/Notesnook/notesnook/apps/mobile/ios/Pods/Headers/Public/RNSVG\"\ \"/Users/ozel0t/Notesnook/notesnook/apps/mobile/ios/Pods/Headers/Public/RNScreens\"\ \"/Users/ozel0t/Notesnook/notesnook/apps/mobile/ios/Pods/Headers/Public/RNSecureRandom\"\ \"/Users/ozel0t/Notesnook/notesnook/apps/mobile/ios/Pods/Headers/Public/RNSentry\"\ \"/Users/ozel0t/Notesnook/notesnook/apps/mobile/ios/Pods/Headers/Public/RNShare\"\ \"/Users/ozel0t/Notesnook/notesnook/apps/mobile/ios/Pods/Headers/Public/RNStoreReview\"\ \"/Users/ozel0t/Notesnook/notesnook/apps/mobile/ios/Pods/Headers/Public/RNTooltips\"\ \"/Users/ozel0t/Notesnook/notesnook/apps/mobile/ios/Pods/Headers/Public/RNVectorIcons\"\ \"/Users/ozel0t/Notesnook/notesnook/apps/mobile/ios/Pods/Headers/Public/React-Core\"\ \"/Users/ozel0t/Notesnook/notesnook/apps/mobile/ios/Pods/Headers/Public/React-RCTText\"\ \"/Users/ozel0t/Notesnook/notesnook/apps/mobile/ios/Pods/Headers/Public/React-callinvoker\"\ \"/Users/ozel0t/Notesnook/notesnook/apps/mobile/ios/Pods/Headers/Public/React-cxxreact\"\ \"/Users/ozel0t/Notesnook/notesnook/apps/mobile/ios/Pods/Headers/Public/React-jsi\"\ \"/Users/ozel0t/Notesnook/notesnook/apps/mobile/ios/Pods/Headers/Public/React-jsiexecutor\"\ \"/Users/ozel0t/Notesnook/notesnook/apps/mobile/ios/Pods/Headers/Public/React-jsinspector\"\ \"/Users/ozel0t/Notesnook/notesnook/apps/mobile/ios/Pods/Headers/Public/ReactCommon\"\ \"/Users/ozel0t/Notesnook/notesnook/apps/mobile/ios/Pods/Headers/Public/Sentry\"\ \"/Users/ozel0t/Notesnook/notesnook/apps/mobile/ios/Pods/Headers/Public/SexyTooltip\"\ \"/Users/ozel0t/Notesnook/notesnook/apps/mobile/ios/Pods/Headers/Public/Yoga\"\ \"/Users/ozel0t/Notesnook/notesnook/apps/mobile/ios/Pods/Headers/Public/glog\"\ \"/Users/ozel0t/Notesnook/notesnook/apps/mobile/ios/Pods/Headers/Public/pop\"\ \"/Users/ozel0t/Notesnook/notesnook/apps/mobile/ios/Pods/Headers/Public/react-native-document-picker\"\ \"/Users/ozel0t/Notesnook/notesnook/apps/mobile/ios/Pods/Headers/Public/react-native-get-random-values\"\ \"/Users/ozel0t/Notesnook/notesnook/apps/mobile/ios/Pods/Headers/Public/react-native-html-to-pdf\"\ \"/Users/ozel0t/Notesnook/notesnook/apps/mobile/ios/Pods/Headers/Public/react-native-keep-awake\"\ \"/Users/ozel0t/Notesnook/notesnook/apps/mobile/ios/Pods/Headers/Public/react-native-mmkv-storage\"\ \"/Users/ozel0t/Notesnook/notesnook/apps/mobile/ios/Pods/Headers/Public/react-native-mmkv-storage-ext\"\ \"/Users/ozel0t/Notesnook/notesnook/apps/mobile/ios/Pods/Headers/Public/react-native-netinfo\"\ \"/Users/ozel0t/Notesnook/notesnook/apps/mobile/ios/Pods/Headers/Public/react-native-orientation\"\ \"/Users/ozel0t/Notesnook/notesnook/apps/mobile/ios/Pods/Headers/Public/react-native-receive-sharing-intent\"\ \"/Users/ozel0t/Notesnook/notesnook/apps/mobile/ios/Pods/Headers/Public/react-native-safe-area-context\"\ \"/Users/ozel0t/Notesnook/notesnook/apps/mobile/ios/Pods/Headers/Public/react-native-sodium\"\ \"/Users/ozel0t/Notesnook/notesnook/apps/mobile/ios/Pods/Headers/Public/react-native-splash-screen\"\ \"/Users/ozel0t/Notesnook/notesnook/apps/mobile/ios/Pods/Headers/Public/react-native-viewpager\"\ \"/Users/ozel0t/Notesnook/notesnook/apps/mobile/ios/Pods/Headers/Public/react-native-webview\"\ \"/Users/ozel0t/Notesnook/notesnook/apps/mobile/ios/Pods/Headers/Public/rn-fetch-blob\"\ \"/Users/ozel0t/Notesnook/notesnook/apps/mobile/ios/Pods/Headers/Public/toolbar-android\"\ \"/Users/ozel0t/Notesnook/notesnook/apps/mobile/ios/Pods/Headers/Private/React-Core\"
    export HOME\=/Users/ozel0t
    export HOST_ARCH\=arm64
    export HOST_PLATFORM\=macosx
    export ICONV\=/usr/bin/iconv
    export IMPLICIT_DEPENDENCY_DOMAIN\=default
    export INDEX_ENABLE_OPTIMIZATION_LEVEL_OVERRIDE\=YES
    export INDEX_STORE_COMPRESS\=NO
    export INDEX_STORE_ONLY_PROJECT_FILES\=NO
    export INFOPLIST_ENABLE_CFBUNDLEICONS_MERGE\=YES
    export INFOPLIST_EXPAND_BUILD_SETTINGS\=YES
    export INFOPLIST_FILE\=Make\ Note/Info.plist
    export INFOPLIST_OUTPUT_FORMAT\=same-as-input
    export INFOPLIST_PATH\=Make\ Note.appex/Contents/Info.plist
    export INFOPLIST_PREPROCESS\=NO
    export INFOSTRINGS_PATH\=Make\ Note.appex/Contents/Resources/en.lproj/InfoPlist.strings
    export INLINE_PRIVATE_FRAMEWORKS\=NO
    export INSTALLAPI_IGNORE_SKIP_INSTALL\=YES
    export INSTALLHDRS_COPY_PHASE\=NO
    export INSTALLHDRS_SCRIPT_PHASE\=NO
    export INSTALL_DIR\=/tmp/Notesnook.dst
    export INSTALL_GROUP\=staff
    export INSTALL_MODE_FLAG\=u+w,go-w,a+rX
    export INSTALL_OWNER\=ozel0t
    export INSTALL_ROOT\=/tmp/Notesnook.dst
    export IOS_CURRENT_PROJECT_VERSION\=22
    export IOS_MAIN_BUNDLE_ID\=com.ozel0t.note.notesnookpencil.mac
    export IOS_MARKETING_VERSION\=3.4.16
    export IOS_SHARE_BUNDLE_ID\=com.ozel0t.note.notesnookpencil.mac.share
    export IOS_UNZIPPERED_TWIN_PREFIX_PATH\=/System/iOSSupport
    export IOS_WIDGET_BUNDLE_ID\=com.ozel0t.note.notesnookpencil.mac.widget
    export IS_MACCATALYST\=YES
    export IS_UNOPTIMIZED_BUILD\=NO
    export JAVAC_DEFAULT_FLAGS\=-J-Xms64m\ -J-XX:NewSize\=4M\ -J-Dfile.encoding\=UTF8
    export JAVA_APP_STUB\=/System/Library/Frameworks/JavaVM.framework/Resources/MacOS/JavaApplicationStub
    export JAVA_ARCHIVE_CLASSES\=YES
    export JAVA_ARCHIVE_TYPE\=JAR
    export JAVA_COMPILER\=/usr/bin/javac
    export JAVA_FOLDER_PATH\=Make\ Note.appex/Contents/Resources/Java
    export JAVA_FRAMEWORK_RESOURCES_DIRS\=Resources
    export JAVA_JAR_FLAGS\=cv
    export JAVA_SOURCE_SUBDIR\=.
    export JAVA_USE_DEPENDENCIES\=YES
    export JAVA_ZIP_FLAGS\=-urg
    export JIKES_DEFAULT_FLAGS\=+E\ +OLDCSO
    export KASAN_CFLAGS_CLASSIC\=-DKASAN\=1\ -DKASAN_CLASSIC\=1\ -fsanitize\=address\ -mllvm\ -asan-globals-live-support\ -mllvm\ -asan-force-dynamic-shadow
    export KASAN_CFLAGS_TBI\=-DKASAN\=1\ -DKASAN_TBI\=1\ -fsanitize\=kernel-hwaddress\ -mllvm\ -hwasan-recover\=0\ -mllvm\ -hwasan-instrument-atomics\=0\ -mllvm\ -hwasan-instrument-stack\=1\ -mllvm\ -hwasan-generate-tags-with-calls\=1\ -mllvm\ -hwasan-instrument-with-calls\=1\ -mllvm\ -hwasan-use-short-granules\=0\ -mllvm\ -hwasan-memory-access-callback-prefix\=__asan_
    export KASAN_DEFAULT_CFLAGS\=-DKASAN\=1\ -DKASAN_CLASSIC\=1\ -fsanitize\=address\ -mllvm\ -asan-globals-live-support\ -mllvm\ -asan-force-dynamic-shadow
    export KEEP_PRIVATE_EXTERNS\=NO
    export LD_DEPENDENCY_INFO_FILE\=/Users/ozel0t/Notesnook/notesnook/apps/mobile/ios/build/Catalyst/Build/Intermediates.noindex/Notesnook.build/Release-maccatalyst/Make\ Note.build/Objects-normal/undefined_arch/Make\ Note_dependency_info.dat
    export LD_ENTRY_POINT\=_NSExtensionMain
    export LD_EXPORT_SYMBOLS\=YES
    export LD_GENERATE_MAP_FILE\=NO
    export LD_MAP_FILE_PATH\=/Users/ozel0t/Notesnook/notesnook/apps/mobile/ios/build/Catalyst/Build/Intermediates.noindex/Notesnook.build/Release-maccatalyst/Make\ Note.build/Make\ Note-LinkMap-normal-undefined_arch.txt
    export LD_NO_PIE\=NO
    export LD_QUOTE_LINKER_ARGUMENTS_FOR_COMPILER_DRIVER\=YES
    export LD_RUNPATH_SEARCH_PATHS\=/usr/lib/swift\ @loader_path/../Frameworks\ @loader_path/../../../../Frameworks\ /usr/lib/swift\ \'@executable_path/Frameworks\'\ \'@loader_path/Frameworks\'\ \'@executable_path/../../Frameworks\'\ @executable_path/Frameworks\ @executable_path/../../Frameworks
    export LD_RUNPATH_SEARCH_PATHS_YES_NO\=@loader_path/../Frameworks
    export LD_RUNPATH_SEARCH_PATHS_YES_YES\=@loader_path/../Frameworks\ @loader_path/../../../../Frameworks
    export LD_SHARED_CACHE_ELIGIBLE\=Automatic
    export LD_WARN_DUPLICATE_LIBRARIES\=NO
    export LD_WARN_UNUSED_DYLIBS\=NO
    export LEGACY_DEVELOPER_DIR\=/Applications/Xcode.app/Contents/PlugIns/Xcode3Core.ideplugin/Contents/SharedSupport/Developer
    export LEX\=lex
    export LIBRARY_DEXT_INSTALL_PATH\=/Library/DriverExtensions
    export LIBRARY_FLAG_NOSPACE\=YES
    export LIBRARY_FLAG_PREFIX\=-l
    export LIBRARY_KEXT_INSTALL_PATH\=/Library/Extensions
    export LIBRARY_SEARCH_PATHS\=/Users/ozel0t/Notesnook/notesnook/apps/mobile/ios/build/Catalyst/Build/Products/Release-maccatalyst\ /Applications/Xcode.app/Contents/Developer/Platforms/MacOSX.platform/Developer/SDKs/MacOSX27.0.sdk/usr/lib/swift\ /Applications/Xcode.app/Contents/Developer/Platforms/MacOSX.platform/Developer/SDKs/MacOSX27.0.sdk/System/iOSSupport/usr/lib/swift\ /Applications/Xcode.app/Contents/Developer/Platforms/MacOSX.platform/Developer/SDKs/MacOSX27.0.sdk/usr/lib/swift\ /Applications/Xcode.app/Contents/Developer/Toolchains/XcodeDefault.xctoolchain/usr/lib/swift/macosx\ /Applications/Xcode.app/Contents/Developer/Toolchains/XcodeDefault.xctoolchain/usr/lib/swift-5.2/macosx\ \ /Applications/Xcode.app/Contents/Developer/Platforms/MacOSX.platform/Developer/SDKs/MacOSX27.0.sdk/System/iOSSupport/usr/lib\ /Applications/Xcode.app/Contents/Developer/Toolchains/XcodeDefault.xctoolchain/usr/lib/swift/maccatalyst\ /Users/ozel0t/Notesnook/notesnook/apps/mobile/ios/build/Catalyst/Build/Products/Release-maccatalyst/BEMCheckBox\ /Users/ozel0t/Notesnook/notesnook/apps/mobile/ios/build/Catalyst/Build/Products/Release-maccatalyst/Base64\ /Users/ozel0t/Notesnook/notesnook/apps/mobile/ios/build/Catalyst/Build/Products/Release-maccatalyst/DoubleConversion\ /Users/ozel0t/Notesnook/notesnook/apps/mobile/ios/build/Catalyst/Build/Products/Release-maccatalyst/GZIP\ /Users/ozel0t/Notesnook/notesnook/apps/mobile/ios/build/Catalyst/Build/Products/Release-maccatalyst/JWTDecode\ /Users/ozel0t/Notesnook/notesnook/apps/mobile/ios/build/Catalyst/Build/Products/Release-maccatalyst/MMKV\ /Users/ozel0t/Notesnook/notesnook/apps/mobile/ios/build/Catalyst/Build/Products/Release-maccatalyst/MMKVCore\ /Users/ozel0t/Notesnook/notesnook/apps/mobile/ios/build/Catalyst/Build/Products/Release-maccatalyst/NitroCloudUploader\ /Users/ozel0t/Notesnook/notesnook/apps/mobile/ios/build/Catalyst/Build/Products/Release-maccatalyst/NitroModules\ /Users/ozel0t/Notesnook/notesnook/apps/mobile/ios/build/Catalyst/Build/Products/Release-maccatalyst/RCT-Folly\ /Users/ozel0t/Notesnook/notesnook/apps/mobile/ios/build/Catalyst/Build/Products/Release-maccatalyst/RCTDeprecation\ /Users/ozel0t/Notesnook/notesnook/apps/mobile/ios/build/Catalyst/Build/Products/Release-maccatalyst/RCTTypeSafety\ /Users/ozel0t/Notesnook/notesnook/apps/mobile/ios/build/Catalyst/Build/Products/Release-maccatalyst/RNBackgroundFetch\ /Users/ozel0t/Notesnook/notesnook/apps/mobile/ios/build/Catalyst/Build/Products/Release-maccatalyst/RNBootSplash\ /Users/ozel0t/Notesnook/notesnook/apps/mobile/ios/build/Catalyst/Build/Products/Release-maccatalyst/RNCCheckbox\ /Users/ozel0t/Notesnook/notesnook/apps/mobile/ios/build/Catalyst/Build/Products/Release-maccatalyst/RNCClipboard\ /Users/ozel0t/Notesnook/notesnook/apps/mobile/ios/build/Catalyst/Build/Products/Release-maccatalyst/RNCMaskedView\ /Users/ozel0t/Notesnook/notesnook/apps/mobile/ios/build/Catalyst/Build/Products/Release-maccatalyst/RNDateTimePicker\ /Users/ozel0t/Notesnook/notesnook/apps/mobile/ios/build/Catalyst/Build/Products/Release-maccatalyst/RNDeviceInfo\ /Users/ozel0t/Notesnook/notesnook/apps/mobile/ios/build/Catalyst/Build/Products/Release-maccatalyst/RNExitApp\ /Users/ozel0t/Notesnook/notesnook/apps/mobile/ios/build/Catalyst/Build/Products/Release-maccatalyst/RNFileViewer\ /Users/ozel0t/Notesnook/notesnook/apps/mobile/ios/build/Catalyst/Build/Products/Release-maccatalyst/RNGestureHandler\ /Users/ozel0t/Notesnook/notesnook/apps/mobile/ios/build/Catalyst/Build/Products/Release-maccatalyst/RNIap\ /Users/ozel0t/Notesnook/notesnook/apps/mobile/ios/build/Catalyst/Build/Products/Release-maccatalyst/RNImageCropPicker\ /Users/ozel0t/Notesnook/notesnook/apps/mobile/ios/build/Catalyst/Build/Products/Release-maccatalyst/RNKeychain\ /Users/ozel0t/Notesnook/notesnook/apps/mobile/ios/build/Catalyst/Build/Products/Release-maccatalyst/RNNotifee\ /Users/ozel0t/Notesnook/notesnook/apps/mobile/ios/build/Catalyst/Build/Products/Release-maccatalyst/RNReanimated\ /Users/ozel0t/Notesnook/notesnook/apps/mobile/ios/build/Catalyst/Build/Products/Release-maccatalyst/RNSVG\ /Users/ozel0t/Notesnook/notesnook/apps/mobile/ios/build/Catalyst/Build/Products/Release-maccatalyst/RNScreens\ /Users/ozel0t/Notesnook/notesnook/apps/mobile/ios/build/Catalyst/Build/Products/Release-maccatalyst/RNSecureRandom\ /Users/ozel0t/Notesnook/notesnook/apps/mobile/ios/build/Catalyst/Build/Products/Release-maccatalyst/RNShare\ /Users/ozel0t/Notesnook/notesnook/apps/mobile/ios/build/Catalyst/Build/Products/Release-maccatalyst/RNTooltips\ /Users/ozel0t/Notesnook/notesnook/apps/mobile/ios/build/Catalyst/Build/Products/Release-maccatalyst/RNWorklets\ /Users/ozel0t/Notesnook/notesnook/apps/mobile/ios/build/Catalyst/Build/Products/Release-maccatalyst/RNZipArchive\ /Users/ozel0t/Notesnook/notesnook/apps/mobile/ios/build/Catalyst/Build/Products/Release-maccatalyst/React-Codegen\ /Users/ozel0t/Notesnook/notesnook/apps/mobile/ios/build/Catalyst/Build/Products/Release-maccatalyst/React-Core\ /Users/ozel0t/Notesnook/notesnook/apps/mobile/ios/build/Catalyst/Build/Products/Release-maccatalyst/React-CoreModules\ /Users/ozel0t/Notesnook/notesnook/apps/mobile/ios/build/Catalyst/Build/Products/Release-maccatalyst/React-Fabric\ /Users/ozel0t/Notesnook/notesnook/apps/mobile/ios/build/Catalyst/Build/Products/Release-maccatalyst/React-FabricComponents\ /Users/ozel0t/Notesnook/notesnook/apps/mobile/ios/build/Catalyst/Build/Products/Release-maccatalyst/React-FabricImage\ /Users/ozel0t/Notesnook/notesnook/apps/mobile/ios/build/Catalyst/Build/Products/Release-maccatalyst/React-ImageManager\ /Users/ozel0t/Notesnook/notesnook/apps/mobile/ios/build/Catalyst/Build/Products/Release-maccatalyst/React-Mapbuffer\ /Users/ozel0t/Notesnook/notesnook/apps/mobile/ios/build/Catalyst/Build/Products/Release-maccatalyst/React-NativeModulesApple\ /Users/ozel0t/Notesnook/notesnook/apps/mobile/ios/build/Catalyst/Build/Products/Release-maccatalyst/React-RCTAnimation\ /Users/ozel0t/Notesnook/notesnook/apps/mobile/ios/build/Catalyst/Build/Products/Release-maccatalyst/React-RCTAppDelegate\ /Users/ozel0t/Notesnook/notesnook/apps/mobile/ios/build/Catalyst/Build/Products/Release-maccatalyst/React-RCTBlob\ /Users/ozel0t/Notesnook/notesnook/apps/mobile/ios/build/Catalyst/Build/Products/Release-maccatalyst/React-RCTFBReactNativeSpec\ /Users/ozel0t/Notesnook/notesnook/apps/mobile/ios/build/Catalyst/Build/Products/Release-maccatalyst/React-RCTFabric\ /Users/ozel0t/Notesnook/notesnook/apps/mobile/ios/build/Catalyst/Build/Products/Release-maccatalyst/React-RCTImage\ /Users/ozel0t/Notesnook/notesnook/apps/mobile/ios/build/Catalyst/Build/Products/Release-maccatalyst/React-RCTLinking\ /Users/ozel0t/Notesnook/notesnook/apps/mobile/ios/build/Catalyst/Build/Products/Release-maccatalyst/React-RCTNetwork\ /Users/ozel0t/Notesnook/notesnook/apps/mobile/ios/build/Catalyst/Build/Products/Release-maccatalyst/React-RCTRuntime\ /Users/ozel0t/Notesnook/notesnook/apps/mobile/ios/build/Catalyst/Build/Products/Release-maccatalyst/React-RCTSettings\ /Users/ozel0t/Notesnook/notesnook/apps/mobile/ios/build/Catalyst/Build/Products/Release-maccatalyst/React-RCTText\ /Users/ozel0t/Notesnook/notesnook/apps/mobile/ios/build/Catalyst/Build/Products/Release-maccatalyst/React-RCTVibration\ /Users/ozel0t/Notesnook/notesnook/apps/mobile/ios/build/Catalyst/Build/Products/Release-maccatalyst/React-RuntimeApple\ /Users/ozel0t/Notesnook/notesnook/apps/mobile/ios/build/Catalyst/Build/Products/Release-maccatalyst/React-RuntimeCore\ /Users/ozel0t/Notesnook/notesnook/apps/mobile/ios/build/Catalyst/Build/Products/Release-maccatalyst/React-RuntimeHermes\ /Users/ozel0t/Notesnook/notesnook/apps/mobile/ios/build/Catalyst/Build/Products/Release-maccatalyst/React-cxxreact\ /Users/ozel0t/Notesnook/notesnook/apps/mobile/ios/build/Catalyst/Build/Products/Release-maccatalyst/React-debug\ /Users/ozel0t/Notesnook/notesnook/apps/mobile/ios/build/Catalyst/Build/Products/Release-maccatalyst/React-defaultsnativemodule\ /Users/ozel0t/Notesnook/notesnook/apps/mobile/ios/build/Catalyst/Build/Products/Release-maccatalyst/React-domnativemodule\ /Users/ozel0t/Notesnook/notesnook/apps/mobile/ios/build/Catalyst/Build/Products/Release-maccatalyst/React-featureflags\ /Users/ozel0t/Notesnook/notesnook/apps/mobile/ios/build/Catalyst/Build/Products/Release-maccatalyst/React-featureflagsnativemodule\ /Users/ozel0t/Notesnook/notesnook/apps/mobile/ios/build/Catalyst/Build/Products/Release-maccatalyst/React-graphics\ /Users/ozel0t/Notesnook/notesnook/apps/mobile/ios/build/Catalyst/Build/Products/Release-maccatalyst/React-hermes\ /Users/ozel0t/Notesnook/notesnook/apps/mobile/ios/build/Catalyst/Build/Products/Release-maccatalyst/React-idlecallbacksnativemodule\ /Users/ozel0t/Notesnook/notesnook/apps/mobile/ios/build/Catalyst/Build/Products/Release-maccatalyst/React-jserrorhandler\ /Users/ozel0t/Notesnook/notesnook/apps/mobile/ios/build/Catalyst/Build/Products/Release-maccatalyst/React-jsi\ /Users/ozel0t/Notesnook/notesnook/apps/mobile/ios/build/Catalyst/Build/Products/Release-maccatalyst/React-jsiexecutor\ /Users/ozel0t/Notesnook/notesnook/apps/mobile/ios/build/Catalyst/Build/Products/Release-maccatalyst/React-jsinspector\ /Users/ozel0t/Notesnook/notesnook/apps/mobile/ios/build/Catalyst/Build/Products/Release-maccatalyst/React-jsinspectorcdp\ /Users/ozel0t/Notesnook/notesnook/apps/mobile/ios/build/Catalyst/Build/Products/Release-maccatalyst/React-jsinspectornetwork\ /Users/ozel0t/Notesnook/notesnook/apps/mobile/ios/build/Catalyst/Build/Products/Release-maccatalyst/React-jsinspectortracing\ /Users/ozel0t/Notesnook/notesnook/apps/mobile/ios/build/Catalyst/Build/Products/Release-maccatalyst/React-jsitooling\ /Users/ozel0t/Notesnook/notesnook/apps/mobile/ios/build/Catalyst/Build/Products/Release-maccatalyst/React-logger\ /Users/ozel0t/Notesnook/notesnook/apps/mobile/ios/build/Catalyst/Build/Products/Release-maccatalyst/React-microtasksnativemodule\ /Users/ozel0t/Notesnook/notesnook/apps/mobile/ios/build/Catalyst/Build/Products/Release-maccatalyst/React-oscompat\ /Users/ozel0t/Notesnook/notesnook/apps/mobile/ios/build/Catalyst/Build/Products/Release-maccatalyst/React-perflogger\ /Users/ozel0t/Notesnook/notesnook/apps/mobile/ios/build/Catalyst/Build/Products/Release-maccatalyst/React-performancecdpmetrics\ /Users/ozel0t/Notesnook/notesnook/apps/mobile/ios/build/Catalyst/Build/Products/Release-maccatalyst/React-performancetimeline\ /Users/ozel0t/Notesnook/notesnook/apps/mobile/ios/build/Catalyst/Build/Products/Release-maccatalyst/React-rendererconsistency\ /Users/ozel0t/Notesnook/notesnook/apps/mobile/ios/build/Catalyst/Build/Products/Release-maccatalyst/React-renderercss\ /Users/ozel0t/Notesnook/notesnook/apps/mobile/ios/build/Catalyst/Build/Products/Release-maccatalyst/React-rendererdebug\ /Users/ozel0t/Notesnook/notesnook/apps/mobile/ios/build/Catalyst/Build/Products/Release-maccatalyst/React-runtimeexecutor\ /Users/ozel0t/Notesnook/notesnook/apps/mobile/ios/build/Catalyst/Build/Products/Release-maccatalyst/React-runtimescheduler\ /Users/ozel0t/Notesnook/notesnook/apps/mobile/ios/build/Catalyst/Build/Products/Release-maccatalyst/React-utils\ /Users/ozel0t/Notesnook/notesnook/apps/mobile/ios/build/Catalyst/Build/Products/Release-maccatalyst/React-webperformancenativemodule\ /Users/ozel0t/Notesnook/notesnook/apps/mobile/ios/build/Catalyst/Build/Products/Release-maccatalyst/ReactAppDependencyProvider\ /Users/ozel0t/Notesnook/notesnook/apps/mobile/ios/build/Catalyst/Build/Products/Release-maccatalyst/ReactCodegen\ /Users/ozel0t/Notesnook/notesnook/apps/mobile/ios/build/Catalyst/Build/Products/Release-maccatalyst/ReactCommon\ /Users/ozel0t/Notesnook/notesnook/apps/mobile/ios/build/Catalyst/Build/Products/Release-maccatalyst/SDWebImage\ /Users/ozel0t/Notesnook/notesnook/apps/mobile/ios/build/Catalyst/Build/Products/Release-maccatalyst/SSZipArchive\ /Users/ozel0t/Notesnook/notesnook/apps/mobile/ios/build/Catalyst/Build/Products/Release-maccatalyst/SexyTooltip\ /Users/ozel0t/Notesnook/notesnook/apps/mobile/ios/build/Catalyst/Build/Products/Release-maccatalyst/SocketRocket\ /Users/ozel0t/Notesnook/notesnook/apps/mobile/ios/build/Catalyst/Build/Products/Release-maccatalyst/SwiftyRSA\ /Users/ozel0t/Notesnook/notesnook/apps/mobile/ios/build/Catalyst/Build/Products/Release-maccatalyst/TOCropViewController\ /Users/ozel0t/Notesnook/notesnook/apps/mobile/ios/build/Catalyst/Build/Products/Release-maccatalyst/Yoga\ /Users/ozel0t/Notesnook/notesnook/apps/mobile/ios/build/Catalyst/Build/Products/Release-maccatalyst/callstack-repack\ /Users/ozel0t/Notesnook/notesnook/apps/mobile/ios/build/Catalyst/Build/Products/Release-maccatalyst/fmt\ /Users/ozel0t/Notesnook/notesnook/apps/mobile/ios/build/Catalyst/Build/Products/Release-maccatalyst/glog\ /Users/ozel0t/Notesnook/notesnook/apps/mobile/ios/build/Catalyst/Build/Products/Release-maccatalyst/pop\ /Users/ozel0t/Notesnook/notesnook/apps/mobile/ios/build/Catalyst/Build/Products/Release-maccatalyst/react-native-actions-shortcuts\ /Users/ozel0t/Notesnook/notesnook/apps/mobile/ios/build/Catalyst/Build/Products/Release-maccatalyst/react-native-background-actions\ /Users/ozel0t/Notesnook/notesnook/apps/mobile/ios/build/Catalyst/Build/Products/Release-maccatalyst/react-native-begin-background-task\ /Users/ozel0t/Notesnook/notesnook/apps/mobile/ios/build/Catalyst/Build/Products/Release-maccatalyst/react-native-blob-util\ /Users/ozel0t/Notesnook/notesnook/apps/mobile/ios/build/Catalyst/Build/Products/Release-maccatalyst/react-native-cameraroll\ /Users/ozel0t/Notesnook/notesnook/apps/mobile/ios/build/Catalyst/Build/Products/Release-maccatalyst/react-native-config\ /Users/ozel0t/Notesnook/notesnook/apps/mobile/ios/build/Catalyst/Build/Products/Release-maccatalyst/react-native-date-picker\ /Users/ozel0t/Notesnook/notesnook/apps/mobile/ios/build/Catalyst/Build/Products/Release-maccatalyst/react-native-document-picker\ /Users/ozel0t/Notesnook/notesnook/apps/mobile/ios/build/Catalyst/Build/Products/Release-maccatalyst/react-native-fast-openpgp\ /Users/ozel0t/Notesnook/notesnook/apps/mobile/ios/build/Catalyst/Build/Products/Release-maccatalyst/react-native-fingerprint-scanner\ /Users/ozel0t/Notesnook/notesnook/apps/mobile/ios/build/Catalyst/Build/Products/Release-maccatalyst/react-native-get-random-values\ /Users/ozel0t/Notesnook/notesnook/apps/mobile/ios/build/Catalyst/Build/Products/Release-maccatalyst/react-native-gzip\ /Users/ozel0t/Notesnook/notesnook/apps/mobile/ios/build/Catalyst/Build/Products/Release-maccatalyst/react-native-html-to-pdf-lite\ /Users/ozel0t/Notesnook/notesnook/apps/mobile/ios/build/Catalyst/Build/Products/Release-maccatalyst/react-native-image-resizer\ /Users/ozel0t/Notesnook/notesnook/apps/mobile/ios/build/Catalyst/Build/Products/Release-maccatalyst/react-native-in-app-review\ /Users/ozel0t/Notesnook/notesnook/apps/mobile/ios/build/Catalyst/Build/Products/Release-maccatalyst/react-native-keep-awake\ /Users/ozel0t/Notesnook/notesnook/apps/mobile/ios/build/Catalyst/Build/Products/Release-maccatalyst/react-native-mmkv-storage\ /Users/ozel0t/Notesnook/notesnook/apps/mobile/ios/build/Catalyst/Build/Products/Release-maccatalyst/react-native-netinfo\ /Users/ozel0t/Notesnook/notesnook/apps/mobile/ios/build/Catalyst/Build/Products/Release-maccatalyst/react-native-notification-sounds\ /Users/ozel0t/Notesnook/notesnook/apps/mobile/ios/build/Catalyst/Build/Products/Release-maccatalyst/react-native-orientation-locker\ /Users/ozel0t/Notesnook/notesnook/apps/mobile/ios/build/Catalyst/Build/Products/Release-maccatalyst/react-native-pdf\ /Users/ozel0t/Notesnook/notesnook/apps/mobile/ios/build/Catalyst/Build/Products/Release-maccatalyst/react-native-quick-sqlite\ /Users/ozel0t/Notesnook/notesnook/apps/mobile/ios/build/Catalyst/Build/Products/Release-maccatalyst/react-native-safe-area-context\ /Users/ozel0t/Notesnook/notesnook/apps/mobile/ios/build/Catalyst/Build/Products/Release-maccatalyst/react-native-screenguard\ /Users/ozel0t/Notesnook/notesnook/apps/mobile/ios/build/Catalyst/Build/Products/Release-maccatalyst/react-native-share-extension\ /Users/ozel0t/Notesnook/notesnook/apps/mobile/ios/build/Catalyst/Build/Products/Release-maccatalyst/react-native-sodium\ /Users/ozel0t/Notesnook/notesnook/apps/mobile/ios/build/Catalyst/Build/Products/Release-maccatalyst/react-native-theme-switch-animation\ /Users/ozel0t/Notesnook/notesnook/apps/mobile/ios/build/Catalyst/Build/Products/Release-maccatalyst/react-native-upload\ /Users/ozel0t/Notesnook/notesnook/apps/mobile/ios/build/Catalyst/Build/Products/Release-maccatalyst/react-native-view-shot\ /Users/ozel0t/Notesnook/notesnook/apps/mobile/ios/build/Catalyst/Build/Products/Release-maccatalyst/react-native-webview\ /Users/ozel0t/Notesnook/notesnook/apps/mobile/ios/build/Catalyst/Build/Products/Release-maccatalyst/toolbar-android\ /Users/ozel0t/Notesnook/notesnook/apps/mobile/ios/build/Catalyst/Build/Products/Release-maccatalyst/XCFrameworkIntermediates/react-native-sodium\ /Applications/Xcode.app/Contents/Developer/Toolchains/XcodeDefault.xctoolchain/usr/lib/swift/macosx\ /Applications/Xcode.app/Contents/Developer/Platforms/MacOSX.platform/Developer/SDKs/MacOSX27.0.sdk/usr/lib/swift\ \ /Applications/Xcode.app/Contents/Developer/Platforms/MacOSX.platform/Developer/SDKs/MacOSX27.0.sdk/System/iOSSupport/usr/lib\ /Applications/Xcode.app/Contents/Developer/Toolchains/XcodeDefault.xctoolchain/usr/lib/swift/maccatalyst
    export LINKER_DISPLAYS_MANGLED_NAMES\=NO
    export LINK_FILE_LIST_normal_arm64\=/Users/ozel0t/Notesnook/notesnook/apps/mobile/ios/build/Catalyst/Build/Intermediates.noindex/Notesnook.build/Release-maccatalyst/Make\ Note.build/Objects-normal/arm64/Make\ Note.LinkFileList
    export LINK_OBJC_RUNTIME\=YES
    export LINK_WITH_STANDARD_LIBRARIES\=YES
    export LLVM_TARGET_TRIPLE_OS_VERSION\=ios15.6
    export LLVM_TARGET_TRIPLE_OS_VERSION_NO\=ios15.6
    export LLVM_TARGET_TRIPLE_OS_VERSION_YES\=ios27.0
    export LLVM_TARGET_TRIPLE_SUFFIX\=-macabi
    export LLVM_TARGET_TRIPLE_VENDOR\=apple
    export LM_AUX_CONST_METADATA_LIST_PATH_normal_arm64\=/Users/ozel0t/Notesnook/notesnook/apps/mobile/ios/build/Catalyst/Build/Intermediates.noindex/Notesnook.build/Release-maccatalyst/Make\ Note.build/Objects-normal/arm64/Make\ Note.SwiftConstValuesFileList
    export LOCALIZATION_EXPORT_SUPPORTED\=YES
    export LOCALIZATION_PREFERS_STRING_CATALOGS\=NO
    export LOCALIZED_RESOURCES_FOLDER_PATH\=Make\ Note.appex/Contents/Resources/en.lproj
    export LOCALIZED_STRING_CODE_COMMENTS\=NO
    export LOCALIZED_STRING_MACRO_NAMES\=NSLocalizedString\ CFCopyLocalizedString
    export LOCALIZED_STRING_SWIFTUI_SUPPORT\=YES
    export LOCAL_ADMIN_APPS_DIR\=/Applications/Utilities
    export LOCAL_APPS_DIR\=/Applications
    export LOCAL_DEVELOPER_DIR\=/Library/Developer
    export LOCAL_LIBRARY_DIR\=/Library
    export LOCROOT\=/Users/ozel0t/Notesnook/notesnook/apps/mobile/ios
    export LOCSYMROOT\=/Users/ozel0t/Notesnook/notesnook/apps/mobile/ios
    export MACH_O_TYPE\=mh_execute
    export MACOSX_DEPLOYMENT_TARGET\=12.5
    export MAC_OS_X_PRODUCT_BUILD_VERSION\=26B5091g
    export MAC_OS_X_VERSION_ACTUAL\=270200
    export MAC_OS_X_VERSION_MAJOR\=270000
    export MAC_OS_X_VERSION_MINOR\=270200
    export MAKE_MERGEABLE\=NO
    export MARKETING_VERSION\=3.4.16
    export MERGEABLE_LIBRARY\=NO
    export MERGED_BINARY_TYPE\=none
    export MERGE_LINKED_LIBRARIES\=NO
    export METAL_LIBRARY_FILE_BASE\=default
    export METAL_LIBRARY_OUTPUT_DIR\=/Users/ozel0t/Notesnook/notesnook/apps/mobile/ios/build/Catalyst/Build/Products/Release-maccatalyst/Make\ Note.appex/Contents/Resources
    export MODULES_FOLDER_PATH\=Make\ Note.appex/Contents/Modules
    export MODULE_CACHE_DIR\=/Users/ozel0t/Notesnook/notesnook/apps/mobile/ios/build/Catalyst/ModuleCache.noindex
    export MTL_ENABLE_DEBUG_INFO\=NO
    export MTL_FAST_MATH\=YES
    export NATIVE_ARCH\=arm64
    export NATIVE_ARCH_32_BIT\=arm
    export NATIVE_ARCH_64_BIT\=arm64
    export NATIVE_ARCH_ACTUAL\=arm64
    export NO_COMMON\=YES
    export OBJECT_FILE_DIR\=/Users/ozel0t/Notesnook/notesnook/apps/mobile/ios/build/Catalyst/Build/Intermediates.noindex/Notesnook.build/Release-maccatalyst/Make\ Note.build/Objects
    export OBJECT_FILE_DIR_normal\=/Users/ozel0t/Notesnook/notesnook/apps/mobile/ios/build/Catalyst/Build/Intermediates.noindex/Notesnook.build/Release-maccatalyst/Make\ Note.build/Objects-normal
    export OBJROOT\=/Users/ozel0t/Notesnook/notesnook/apps/mobile/ios/build/Catalyst/Build/Intermediates.noindex
    export ONLY_ACTIVE_ARCH\=NO
    export ONLY_ARCH\=arm64
    export OS\=MACOS
    export OSAC\=/usr/bin/osacompile
    export OTHER_CFLAGS\=\ -fmodule-map-file\=\"/Users/ozel0t/Notesnook/notesnook/apps/mobile/ios/build/Catalyst/Build/Products/Release-maccatalyst/JWTDecode/JWTDecode.modulemap\"\ -fmodule-map-file\=\"/Users/ozel0t/Notesnook/notesnook/apps/mobile/ios/build/Catalyst/Build/Products/Release-maccatalyst/NitroCloudUploader/NitroCloudUploader.modulemap\"\ -fmodule-map-file\=\"/Users/ozel0t/Notesnook/notesnook/apps/mobile/ios/build/Catalyst/Build/Products/Release-maccatalyst/NitroModules/NitroModules.modulemap\"\ -fmodule-map-file\=\"/Users/ozel0t/Notesnook/notesnook/apps/mobile/ios/build/Catalyst/Build/Products/Release-maccatalyst/RNIap/RNIap.modulemap\"\ -fmodule-map-file\=\"/Users/ozel0t/Notesnook/notesnook/apps/mobile/ios/build/Catalyst/Build/Products/Release-maccatalyst/React-Codegen/React_Codegen.modulemap\"\ -fmodule-map-file\=\"/Users/ozel0t/Notesnook/notesnook/apps/mobile/ios/build/Catalyst/Build/Products/Release-maccatalyst/SwiftyRSA/SwiftyRSA.modulemap\"\ -fmodule-map-file\=\"/Users/ozel0t/Notesnook/notesnook/apps/mobile/ios/build/Catalyst/Build/Products/Release-maccatalyst/callstack-repack/callstack_repack.modulemap\"\ -fmodule-map-file\=\"/Users/ozel0t/Notesnook/notesnook/apps/mobile/ios/build/Catalyst/Build/Products/Release-maccatalyst/react-native-actions-shortcuts/react_native_actions_shortcuts.modulemap\"\ -fmodule-map-file\=\"/Users/ozel0t/Notesnook/notesnook/apps/mobile/ios/build/Catalyst/Build/Products/Release-maccatalyst/react-native-document-picker/react_native_document_picker.modulemap\"\ -fmodule-map-file\=\"/Users/ozel0t/Notesnook/notesnook/apps/mobile/ios/build/Catalyst/Build/Products/Release-maccatalyst/react-native-in-app-review/react_native_in_app_review.modulemap\"\ -fmodule-map-file\=\"/Users/ozel0t/Notesnook/notesnook/apps/mobile/ios/Pods/Headers/Public/DoubleConversion/DoubleConversion.modulemap\"\ -fmodule-map-file\=\"/Users/ozel0t/Notesnook/notesnook/apps/mobile/ios/Pods/Headers/Public/RCTDeprecation/RCTDeprecation.modulemap\"\ -fmodule-map-file\=\"/Users/ozel0t/Notesnook/notesnook/apps/mobile/ios/Pods/Headers/Public/RCTFabric/React-RCTFabric.modulemap\"\ -fmodule-map-file\=\"/Users/ozel0t/Notesnook/notesnook/apps/mobile/ios/Pods/Headers/Public/RCTImage/React-RCTImage.modulemap\"\ -fmodule-map-file\=\"/Users/ozel0t/Notesnook/notesnook/apps/mobile/ios/Pods/Headers/Public/RCTRuntime/React-RCTRuntime.modulemap\"\ -fmodule-map-file\=\"/Users/ozel0t/Notesnook/notesnook/apps/mobile/ios/Pods/Headers/Public/RCTTypeSafety/RCTTypeSafety.modulemap\"\ -fmodule-map-file\=\"/Users/ozel0t/Notesnook/notesnook/apps/mobile/ios/Pods/Headers/Public/RNBootSplash/RNBootSplash.modulemap\"\ -fmodule-map-file\=\"/Users/ozel0t/Notesnook/notesnook/apps/mobile/ios/Pods/Headers/Public/RNReanimated/RNReanimated.modulemap\"\ -fmodule-map-file\=\"/Users/ozel0t/Notesnook/notesnook/apps/mobile/ios/Pods/Headers/Public/RNWorklets/RNWorklets.modulemap\"\ -fmodule-map-file\=\"/Users/ozel0t/Notesnook/notesnook/apps/mobile/ios/Pods/Headers/Public/React/React-Core.modulemap\"\ -fmodule-map-file\=\"/Users/ozel0t/Notesnook/notesnook/apps/mobile/ios/Pods/Headers/Public/ReactAppDependencyProvider/ReactAppDependencyProvider.modulemap\"\ -fmodule-map-file\=\"/Users/ozel0t/Notesnook/notesnook/apps/mobile/ios/Pods/Headers/Public/ReactCodegen/ReactCodegen.modulemap\"\ -fmodule-map-file\=\"/Users/ozel0t/Notesnook/notesnook/apps/mobile/ios/Pods/Headers/Public/ReactCommon/ReactCommon.modulemap\"\ -fmodule-map-file\=\"/Users/ozel0t/Notesnook/notesnook/apps/mobile/ios/Pods/Headers/Public/React_Fabric/React-Fabric.modulemap\"\ -fmodule-map-file\=\"/Users/ozel0t/Notesnook/notesnook/apps/mobile/ios/Pods/Headers/Public/React_FabricComponents/React-FabricComponents.modulemap\"\ -fmodule-map-file\=\"/Users/ozel0t/Notesnook/notesnook/apps/mobile/ios/Pods/Headers/Public/React_NativeModulesApple/React-NativeModulesApple.modulemap\"\ -fmodule-map-file\=\"/Users/ozel0t/Notesnook/notesnook/apps/mobile/ios/Pods/Headers/Public/React_RCTAppDelegate/React-RCTAppDelegate.modulemap\"\ -fmodule-map-file\=\"/Users/ozel0t/Notesnook/notesnook/apps/mobile/ios/Pods/Headers/Public/React_runtimeexecutor/React-runtimeexecutor.modulemap\"\ -fmodule-map-file\=\"/Users/ozel0t/Notesnook/notesnook/apps/mobile/ios/Pods/Headers/Public/SSZipArchive/SSZipArchive.modulemap\"\ -fmodule-map-file\=\"/Users/ozel0t/Notesnook/notesnook/apps/mobile/ios/Pods/Headers/Public/SocketRocket/SocketRocket.modulemap\"\ -fmodule-map-file\=\"/Users/ozel0t/Notesnook/notesnook/apps/mobile/ios/Pods/Headers/Public/fmt/fmt.modulemap\"\ -fmodule-map-file\=\"/Users/ozel0t/Notesnook/notesnook/apps/mobile/ios/Pods/Headers/Public/folly/RCT-Folly.modulemap\"\ -fmodule-map-file\=\"/Users/ozel0t/Notesnook/notesnook/apps/mobile/ios/Pods/Headers/Public/glog/glog.modulemap\"\ -fmodule-map-file\=\"/Users/ozel0t/Notesnook/notesnook/apps/mobile/ios/Pods/Headers/Public/jsi/React-jsi.modulemap\"\ -fmodule-map-file\=\"/Users/ozel0t/Notesnook/notesnook/apps/mobile/ios/Pods/Headers/Public/jsinspector_modern/React-jsinspector.modulemap\"\ -fmodule-map-file\=\"/Users/ozel0t/Notesnook/notesnook/apps/mobile/ios/Pods/Headers/Public/jsinspector_modern_cdp/React-jsinspectorcdp.modulemap\"\ -fmodule-map-file\=\"/Users/ozel0t/Notesnook/notesnook/apps/mobile/ios/Pods/Headers/Public/jsinspector_modern_network/React-jsinspectornetwork.modulemap\"\ -fmodule-map-file\=\"/Users/ozel0t/Notesnook/notesnook/apps/mobile/ios/Pods/Headers/Public/jsinspector_modern_tracing/React-jsinspectortracing.modulemap\"\ -fmodule-map-file\=\"/Users/ozel0t/Notesnook/notesnook/apps/mobile/ios/Pods/Headers/Public/react_debug/React-debug.modulemap\"\ -fmodule-map-file\=\"/Users/ozel0t/Notesnook/notesnook/apps/mobile/ios/Pods/Headers/Public/react_featureflags/React-featureflags.modulemap\"\ -fmodule-map-file\=\"/Users/ozel0t/Notesnook/notesnook/apps/mobile/ios/Pods/Headers/Public/react_native_fast_openpgp/react-native-fast-openpgp.modulemap\"\ -fmodule-map-file\=\"/Users/ozel0t/Notesnook/notesnook/apps/mobile/ios/Pods/Headers/Public/react_nativemodule_defaults/React-defaultsnativemodule.modulemap\"\ -fmodule-map-file\=\"/Users/ozel0t/Notesnook/notesnook/apps/mobile/ios/Pods/Headers/Public/react_nativemodule_dom/React-domnativemodule.modulemap\"\ -fmodule-map-file\=\"/Users/ozel0t/Notesnook/notesnook/apps/mobile/ios/Pods/Headers/Public/react_nativemodule_featureflags/React-featureflagsnativemodule.modulemap\"\ -fmodule-map-file\=\"/Users/ozel0t/Notesnook/notesnook/apps/mobile/ios/Pods/Headers/Public/react_nativemodule_idlecallbacks/React-idlecallbacksnativemodule.modulemap\"\ -fmodule-map-file\=\"/Users/ozel0t/Notesnook/notesnook/apps/mobile/ios/Pods/Headers/Public/react_nativemodule_microtasks/React-microtasksnativemodule.modulemap\"\ -fmodule-map-file\=\"/Users/ozel0t/Notesnook/notesnook/apps/mobile/ios/Pods/Headers/Public/react_nativemodule_webperformance/React-webperformancenativemodule.modulemap\"\ -fmodule-map-file\=\"/Users/ozel0t/Notesnook/notesnook/apps/mobile/ios/Pods/Headers/Public/react_renderer_css/React-renderercss.modulemap\"\ -fmodule-map-file\=\"/Users/ozel0t/Notesnook/notesnook/apps/mobile/ios/Pods/Headers/Public/react_renderer_debug/React-rendererdebug.modulemap\"\ -fmodule-map-file\=\"/Users/ozel0t/Notesnook/notesnook/apps/mobile/ios/Pods/Headers/Public/react_renderer_graphics/React-graphics.modulemap\"\ -fmodule-map-file\=\"/Users/ozel0t/Notesnook/notesnook/apps/mobile/ios/Pods/Headers/Public/react_renderer_imagemanager/React-ImageManager.modulemap\"\ -fmodule-map-file\=\"/Users/ozel0t/Notesnook/notesnook/apps/mobile/ios/Pods/Headers/Public/react_runtime/React-jsitooling.modulemap\"\ -fmodule-map-file\=\"/Users/ozel0t/Notesnook/notesnook/apps/mobile/ios/Pods/Headers/Public/react_utils/React-utils.modulemap\"\ -fmodule-map-file\=\"/Users/ozel0t/Notesnook/notesnook/apps/mobile/ios/Pods/Headers/Public/reacthermes/React-hermes.modulemap\"\ -fmodule-map-file\=\"/Users/ozel0t/Notesnook/notesnook/apps/mobile/ios/Pods/Headers/Public/yoga/Yoga.modulemap\"\ \ \ -DREACT_NATIVE_MINOR_VERSION\=82\ \ \ -DREACT_NATIVE_MINOR_VERSION\=82\ -DREANIMATED_VERSION\=4.2.0\ \ -DREANIMATED_FEATURE_FLAGS\=\"\[RUNTIME_TEST_FLAG:false\]\[DISABLE_COMMIT_PAUSING_MECHANISM:false\]\[ANDROID_SYNCHRONOUSLY_UPDATE_UI_PROPS:false\]\[IOS_SYNCHRONOUSLY_UPDATE_UI_PROPS:false\]\[EXPERIMENTAL_CSS_ANIMATIONS_FOR_SVG_COMPONENTS:false\]\[USE_SYNCHRONIZABLE_FOR_MUTABLES:false\]\[USE_COMMIT_HOOK_ONLY_FOR_REACT_COMMITS:false\]\[ENABLE_SHARED_ELEMENT_TRANSITIONS:false\]\[FORCE_REACT_RENDER_FOR_SETTLED_ANIMATIONS:false\]\"\ \ -DREACT_NATIVE_MINOR_VERSION\=82\ -DNDEBUG
    export OTHER_CPLUSPLUSFLAGS\=\ -fmodule-map-file\=\"/Users/ozel0t/Notesnook/notesnook/apps/mobile/ios/build/Catalyst/Build/Products/Release-maccatalyst/JWTDecode/JWTDecode.modulemap\"\ -fmodule-map-file\=\"/Users/ozel0t/Notesnook/notesnook/apps/mobile/ios/build/Catalyst/Build/Products/Release-maccatalyst/NitroCloudUploader/NitroCloudUploader.modulemap\"\ -fmodule-map-file\=\"/Users/ozel0t/Notesnook/notesnook/apps/mobile/ios/build/Catalyst/Build/Products/Release-maccatalyst/NitroModules/NitroModules.modulemap\"\ -fmodule-map-file\=\"/Users/ozel0t/Notesnook/notesnook/apps/mobile/ios/build/Catalyst/Build/Products/Release-maccatalyst/RNIap/RNIap.modulemap\"\ -fmodule-map-file\=\"/Users/ozel0t/Notesnook/notesnook/apps/mobile/ios/build/Catalyst/Build/Products/Release-maccatalyst/React-Codegen/React_Codegen.modulemap\"\ -fmodule-map-file\=\"/Users/ozel0t/Notesnook/notesnook/apps/mobile/ios/build/Catalyst/Build/Products/Release-maccatalyst/SwiftyRSA/SwiftyRSA.modulemap\"\ -fmodule-map-file\=\"/Users/ozel0t/Notesnook/notesnook/apps/mobile/ios/build/Catalyst/Build/Products/Release-maccatalyst/callstack-repack/callstack_repack.modulemap\"\ -fmodule-map-file\=\"/Users/ozel0t/Notesnook/notesnook/apps/mobile/ios/build/Catalyst/Build/Products/Release-maccatalyst/react-native-actions-shortcuts/react_native_actions_shortcuts.modulemap\"\ -fmodule-map-file\=\"/Users/ozel0t/Notesnook/notesnook/apps/mobile/ios/build/Catalyst/Build/Products/Release-maccatalyst/react-native-document-picker/react_native_document_picker.modulemap\"\ -fmodule-map-file\=\"/Users/ozel0t/Notesnook/notesnook/apps/mobile/ios/build/Catalyst/Build/Products/Release-maccatalyst/react-native-in-app-review/react_native_in_app_review.modulemap\"\ -fmodule-map-file\=\"/Users/ozel0t/Notesnook/notesnook/apps/mobile/ios/Pods/Headers/Public/DoubleConversion/DoubleConversion.modulemap\"\ -fmodule-map-file\=\"/Users/ozel0t/Notesnook/notesnook/apps/mobile/ios/Pods/Headers/Public/RCTDeprecation/RCTDeprecation.modulemap\"\ -fmodule-map-file\=\"/Users/ozel0t/Notesnook/notesnook/apps/mobile/ios/Pods/Headers/Public/RCTFabric/React-RCTFabric.modulemap\"\ -fmodule-map-file\=\"/Users/ozel0t/Notesnook/notesnook/apps/mobile/ios/Pods/Headers/Public/RCTImage/React-RCTImage.modulemap\"\ -fmodule-map-file\=\"/Users/ozel0t/Notesnook/notesnook/apps/mobile/ios/Pods/Headers/Public/RCTRuntime/React-RCTRuntime.modulemap\"\ -fmodule-map-file\=\"/Users/ozel0t/Notesnook/notesnook/apps/mobile/ios/Pods/Headers/Public/RCTTypeSafety/RCTTypeSafety.modulemap\"\ -fmodule-map-file\=\"/Users/ozel0t/Notesnook/notesnook/apps/mobile/ios/Pods/Headers/Public/RNBootSplash/RNBootSplash.modulemap\"\ -fmodule-map-file\=\"/Users/ozel0t/Notesnook/notesnook/apps/mobile/ios/Pods/Headers/Public/RNReanimated/RNReanimated.modulemap\"\ -fmodule-map-file\=\"/Users/ozel0t/Notesnook/notesnook/apps/mobile/ios/Pods/Headers/Public/RNWorklets/RNWorklets.modulemap\"\ -fmodule-map-file\=\"/Users/ozel0t/Notesnook/notesnook/apps/mobile/ios/Pods/Headers/Public/React/React-Core.modulemap\"\ -fmodule-map-file\=\"/Users/ozel0t/Notesnook/notesnook/apps/mobile/ios/Pods/Headers/Public/ReactAppDependencyProvider/ReactAppDependencyProvider.modulemap\"\ -fmodule-map-file\=\"/Users/ozel0t/Notesnook/notesnook/apps/mobile/ios/Pods/Headers/Public/ReactCodegen/ReactCodegen.modulemap\"\ -fmodule-map-file\=\"/Users/ozel0t/Notesnook/notesnook/apps/mobile/ios/Pods/Headers/Public/ReactCommon/ReactCommon.modulemap\"\ -fmodule-map-file\=\"/Users/ozel0t/Notesnook/notesnook/apps/mobile/ios/Pods/Headers/Public/React_Fabric/React-Fabric.modulemap\"\ -fmodule-map-file\=\"/Users/ozel0t/Notesnook/notesnook/apps/mobile/ios/Pods/Headers/Public/React_FabricComponents/React-FabricComponents.modulemap\"\ -fmodule-map-file\=\"/Users/ozel0t/Notesnook/notesnook/apps/mobile/ios/Pods/Headers/Public/React_NativeModulesApple/React-NativeModulesApple.modulemap\"\ -fmodule-map-file\=\"/Users/ozel0t/Notesnook/notesnook/apps/mobile/ios/Pods/Headers/Public/React_RCTAppDelegate/React-RCTAppDelegate.modulemap\"\ -fmodule-map-file\=\"/Users/ozel0t/Notesnook/notesnook/apps/mobile/ios/Pods/Headers/Public/React_runtimeexecutor/React-runtimeexecutor.modulemap\"\ -fmodule-map-file\=\"/Users/ozel0t/Notesnook/notesnook/apps/mobile/ios/Pods/Headers/Public/SSZipArchive/SSZipArchive.modulemap\"\ -fmodule-map-file\=\"/Users/ozel0t/Notesnook/notesnook/apps/mobile/ios/Pods/Headers/Public/SocketRocket/SocketRocket.modulemap\"\ -fmodule-map-file\=\"/Users/ozel0t/Notesnook/notesnook/apps/mobile/ios/Pods/Headers/Public/fmt/fmt.modulemap\"\ -fmodule-map-file\=\"/Users/ozel0t/Notesnook/notesnook/apps/mobile/ios/Pods/Headers/Public/folly/RCT-Folly.modulemap\"\ -fmodule-map-file\=\"/Users/ozel0t/Notesnook/notesnook/apps/mobile/ios/Pods/Headers/Public/glog/glog.modulemap\"\ -fmodule-map-file\=\"/Users/ozel0t/Notesnook/notesnook/apps/mobile/ios/Pods/Headers/Public/jsi/React-jsi.modulemap\"\ -fmodule-map-file\=\"/Users/ozel0t/Notesnook/notesnook/apps/mobile/ios/Pods/Headers/Public/jsinspector_modern/React-jsinspector.modulemap\"\ -fmodule-map-file\=\"/Users/ozel0t/Notesnook/notesnook/apps/mobile/ios/Pods/Headers/Public/jsinspector_modern_cdp/React-jsinspectorcdp.modulemap\"\ -fmodule-map-file\=\"/Users/ozel0t/Notesnook/notesnook/apps/mobile/ios/Pods/Headers/Public/jsinspector_modern_network/React-jsinspectornetwork.modulemap\"\ -fmodule-map-file\=\"/Users/ozel0t/Notesnook/notesnook/apps/mobile/ios/Pods/Headers/Public/jsinspector_modern_tracing/React-jsinspectortracing.modulemap\"\ -fmodule-map-file\=\"/Users/ozel0t/Notesnook/notesnook/apps/mobile/ios/Pods/Headers/Public/react_debug/React-debug.modulemap\"\ -fmodule-map-file\=\"/Users/ozel0t/Notesnook/notesnook/apps/mobile/ios/Pods/Headers/Public/react_featureflags/React-featureflags.modulemap\"\ -fmodule-map-file\=\"/Users/ozel0t/Notesnook/notesnook/apps/mobile/ios/Pods/Headers/Public/react_native_fast_openpgp/react-native-fast-openpgp.modulemap\"\ -fmodule-map-file\=\"/Users/ozel0t/Notesnook/notesnook/apps/mobile/ios/Pods/Headers/Public/react_nativemodule_defaults/React-defaultsnativemodule.modulemap\"\ -fmodule-map-file\=\"/Users/ozel0t/Notesnook/notesnook/apps/mobile/ios/Pods/Headers/Public/react_nativemodule_dom/React-domnativemodule.modulemap\"\ -fmodule-map-file\=\"/Users/ozel0t/Notesnook/notesnook/apps/mobile/ios/Pods/Headers/Public/react_nativemodule_featureflags/React-featureflagsnativemodule.modulemap\"\ -fmodule-map-file\=\"/Users/ozel0t/Notesnook/notesnook/apps/mobile/ios/Pods/Headers/Public/react_nativemodule_idlecallbacks/React-idlecallbacksnativemodule.modulemap\"\ -fmodule-map-file\=\"/Users/ozel0t/Notesnook/notesnook/apps/mobile/ios/Pods/Headers/Public/react_nativemodule_microtasks/React-microtasksnativemodule.modulemap\"\ -fmodule-map-file\=\"/Users/ozel0t/Notesnook/notesnook/apps/mobile/ios/Pods/Headers/Public/react_nativemodule_webperformance/React-webperformancenativemodule.modulemap\"\ -fmodule-map-file\=\"/Users/ozel0t/Notesnook/notesnook/apps/mobile/ios/Pods/Headers/Public/react_renderer_css/React-renderercss.modulemap\"\ -fmodule-map-file\=\"/Users/ozel0t/Notesnook/notesnook/apps/mobile/ios/Pods/Headers/Public/react_renderer_debug/React-rendererdebug.modulemap\"\ -fmodule-map-file\=\"/Users/ozel0t/Notesnook/notesnook/apps/mobile/ios/Pods/Headers/Public/react_renderer_graphics/React-graphics.modulemap\"\ -fmodule-map-file\=\"/Users/ozel0t/Notesnook/notesnook/apps/mobile/ios/Pods/Headers/Public/react_renderer_imagemanager/React-ImageManager.modulemap\"\ -fmodule-map-file\=\"/Users/ozel0t/Notesnook/notesnook/apps/mobile/ios/Pods/Headers/Public/react_runtime/React-jsitooling.modulemap\"\ -fmodule-map-file\=\"/Users/ozel0t/Notesnook/notesnook/apps/mobile/ios/Pods/Headers/Public/react_utils/React-utils.modulemap\"\ -fmodule-map-file\=\"/Users/ozel0t/Notesnook/notesnook/apps/mobile/ios/Pods/Headers/Public/reacthermes/React-hermes.modulemap\"\ -fmodule-map-file\=\"/Users/ozel0t/Notesnook/notesnook/apps/mobile/ios/Pods/Headers/Public/yoga/Yoga.modulemap\"\ \ \ -DREACT_NATIVE_MINOR_VERSION\=82\ \ \ -DREACT_NATIVE_MINOR_VERSION\=82\ -DREANIMATED_VERSION\=4.2.0\ \ -DREANIMATED_FEATURE_FLAGS\=\"\[RUNTIME_TEST_FLAG:false\]\[DISABLE_COMMIT_PAUSING_MECHANISM:false\]\[ANDROID_SYNCHRONOUSLY_UPDATE_UI_PROPS:false\]\[IOS_SYNCHRONOUSLY_UPDATE_UI_PROPS:false\]\[EXPERIMENTAL_CSS_ANIMATIONS_FOR_SVG_COMPONENTS:false\]\[USE_SYNCHRONIZABLE_FOR_MUTABLES:false\]\[USE_COMMIT_HOOK_ONLY_FOR_REACT_COMMITS:false\]\[ENABLE_SHARED_ELEMENT_TRANSITIONS:false\]\[FORCE_REACT_RENDER_FOR_SETTLED_ANIMATIONS:false\]\"\ \ -DREACT_NATIVE_MINOR_VERSION\=82\ -DNDEBUG\ -DNDEBUG\ -DRCT_NEW_ARCH_ENABLED\=1
    export OTHER_LDFLAGS\=\ \ \ -ObjC\ -l\"BEMCheckBox\"\ -l\"Base64\"\ -l\"DoubleConversion\"\ -l\"GZIP\"\ -l\"JWTDecode\"\ -l\"MMKV\"\ -l\"MMKVCore\"\ -l\"NitroCloudUploader\"\ -l\"NitroModules\"\ -l\"RCT-Folly\"\ -l\"RCTDeprecation\"\ -l\"RCTTypeSafety\"\ -l\"RNBackgroundFetch\"\ -l\"RNBootSplash\"\ -l\"RNCCheckbox\"\ -l\"RNCClipboard\"\ -l\"RNCMaskedView\"\ -l\"RNDateTimePicker\"\ -l\"RNDeviceInfo\"\ -l\"RNExitApp\"\ -l\"RNFileViewer\"\ -l\"RNGestureHandler\"\ -l\"RNIap\"\ -l\"RNImageCropPicker\"\ -l\"RNKeychain\"\ -l\"RNNotifee\"\ -l\"RNReanimated\"\ -l\"RNSVG\"\ -l\"RNScreens\"\ -l\"RNSecureRandom\"\ -l\"RNShare\"\ -l\"RNTooltips\"\ -l\"RNWorklets\"\ -l\"RNZipArchive\"\ -l\"React-Codegen\"\ -l\"React-Core\"\ -l\"React-CoreModules\"\ -l\"React-Fabric\"\ -l\"React-FabricComponents\"\ -l\"React-FabricImage\"\ -l\"React-ImageManager\"\ -l\"React-Mapbuffer\"\ -l\"React-NativeModulesApple\"\ -l\"React-RCTAnimation\"\ -l\"React-RCTAppDelegate\"\ -l\"React-RCTBlob\"\ -l\"React-RCTFBReactNativeSpec\"\ -l\"React-RCTFabric\"\ -l\"React-RCTImage\"\ -l\"React-RCTLinking\"\ -l\"React-RCTNetwork\"\ -l\"React-RCTRuntime\"\ -l\"React-RCTSettings\"\ -l\"React-RCTText\"\ -l\"React-RCTVibration\"\ -l\"React-RuntimeApple\"\ -l\"React-RuntimeCore\"\ -l\"React-RuntimeHermes\"\ -l\"React-cxxreact\"\ -l\"React-debug\"\ -l\"React-defaultsnativemodule\"\ -l\"React-domnativemodule\"\ -l\"React-featureflags\"\ -l\"React-featureflagsnativemodule\"\ -l\"React-graphics\"\ -l\"React-hermes\"\ -l\"React-idlecallbacksnativemodule\"\ -l\"React-jserrorhandler\"\ -l\"React-jsi\"\ -l\"React-jsiexecutor\"\ -l\"React-jsinspector\"\ -l\"React-jsinspectorcdp\"\ -l\"React-jsinspectornetwork\"\ -l\"React-jsinspectortracing\"\ -l\"React-jsitooling\"\ -l\"React-logger\"\ -l\"React-microtasksnativemodule\"\ -l\"React-oscompat\"\ -l\"React-perflogger\"\ -l\"React-performancecdpmetrics\"\ -l\"React-performancetimeline\"\ -l\"React-rendererconsistency\"\ -l\"React-renderercss\"\ -l\"React-rendererdebug\"\ -l\"React-runtimeexecutor\"\ -l\"React-runtimescheduler\"\ -l\"React-utils\"\ -l\"React-webperformancenativemodule\"\ -l\"ReactAppDependencyProvider\"\ -l\"ReactCodegen\"\ -l\"ReactCommon\"\ -l\"SDWebImage\"\ -l\"SSZipArchive\"\ -l\"SexyTooltip\"\ -l\"SocketRocket\"\ -l\"SwiftyRSA\"\ -l\"TOCropViewController\"\ -l\"Yoga\"\ -l\"c++\"\ -l\"c++abi\"\ -l\"callstack-repack\"\ -l\"fmt\"\ -l\"glog\"\ -l\"iconv\"\ -l\"icucore\"\ -l\"pop\"\ -l\"react-native-actions-shortcuts\"\ -l\"react-native-background-actions\"\ -l\"react-native-begin-background-task\"\ -l\"react-native-blob-util\"\ -l\"react-native-cameraroll\"\ -l\"react-native-config\"\ -l\"react-native-date-picker\"\ -l\"react-native-document-picker\"\ -l\"react-native-fast-openpgp\"\ -l\"react-native-fingerprint-scanner\"\ -l\"react-native-get-random-values\"\ -l\"react-native-gzip\"\ -l\"react-native-html-to-pdf-lite\"\ -l\"react-native-image-resizer\"\ -l\"react-native-in-app-review\"\ -l\"react-native-keep-awake\"\ -l\"react-native-mmkv-storage\"\ -l\"react-native-netinfo\"\ -l\"react-native-notification-sounds\"\ -l\"react-native-orientation-locker\"\ -l\"react-native-pdf\"\ -l\"react-native-quick-sqlite\"\ -l\"react-native-safe-area-context\"\ -l\"react-native-screenguard\"\ -l\"react-native-share-extension\"\ -l\"react-native-sodium\"\ -l\"react-native-theme-switch-animation\"\ -l\"react-native-upload\"\ -l\"react-native-view-shot\"\ -l\"react-native-webview\"\ -l\"sodium\"\ -l\"toolbar-android\"\ -l\"z\"\ -framework\ \"Accelerate\"\ -framework\ \"AssetsLibrary\"\ -framework\ \"AudioToolbox\"\ -framework\ \"CFNetwork\"\ -framework\ \"CoreFoundation\"\ -framework\ \"CoreGraphics\"\ -framework\ \"Foundation\"\ -framework\ \"ImageIO\"\ -framework\ \"LocalAuthentication\"\ -framework\ \"MobileCoreServices\"\ -framework\ \"Network\"\ -framework\ \"OpenPGPBridge\"\ -framework\ \"PDFKit\"\ -framework\ \"Photos\"\ -framework\ \"PhotosUI\"\ -framework\ \"QuartzCore\"\ -framework\ \"Security\"\ -framework\ \"TSBackgroundFetch\"\ -framework\ \"UIKit\"\ -framework\ \"hermesvm\"\ -weak_framework\ \"JavaScriptCore\"\ -weak_framework\ \"LinkPresentation\"
    export OTHER_MODULE_VERIFIER_FLAGS\=\ \"-F/Users/ozel0t/Notesnook/notesnook/apps/mobile/ios/build/Catalyst/Build/Products/Release-maccatalyst/Base64\"\ \"-F/Users/ozel0t/Notesnook/notesnook/apps/mobile/ios/build/Catalyst/Build/Products/Release-maccatalyst/MMKV\"\ \"-F/Users/ozel0t/Notesnook/notesnook/apps/mobile/ios/build/Catalyst/Build/Products/Release-maccatalyst/MMKVCore\"\ \"-F/Users/ozel0t/Notesnook/notesnook/apps/mobile/ios/build/Catalyst/Build/Products/Release-maccatalyst/SexyTooltip\"\ \"-F/Users/ozel0t/Notesnook/notesnook/apps/mobile/ios/build/Catalyst/Build/Products/Release-maccatalyst/pop\"\ \"-F/Users/ozel0t/Notesnook/notesnook/apps/mobile/ios/build/Catalyst/Build/Products/Release-maccatalyst/BEMCheckBox\"\ \"-F/Users/ozel0t/Notesnook/notesnook/apps/mobile/ios/build/Catalyst/Build/Products/Release-maccatalyst/DoubleConversion\"\ \"-F/Users/ozel0t/Notesnook/notesnook/apps/mobile/ios/build/Catalyst/Build/Products/Release-maccatalyst/FBLazyVector\"\ \"-F/Users/ozel0t/Notesnook/notesnook/apps/mobile/ios/build/Catalyst/Build/Products/Release-maccatalyst/GZIP\"\ \"-F/Users/ozel0t/Notesnook/notesnook/apps/mobile/ios/build/Catalyst/Build/Products/Release-maccatalyst/JWTDecode\"\ \"-F/Users/ozel0t/Notesnook/notesnook/apps/mobile/ios/build/Catalyst/Build/Products/Release-maccatalyst/NitroCloudUploader\"\ \"-F/Users/ozel0t/Notesnook/notesnook/apps/mobile/ios/build/Catalyst/Build/Products/Release-maccatalyst/NitroModules\"\ \"-F/Users/ozel0t/Notesnook/notesnook/apps/mobile/ios/build/Catalyst/Build/Products/Release-maccatalyst/RCT-Folly\"\ \"-F/Users/ozel0t/Notesnook/notesnook/apps/mobile/ios/build/Catalyst/Build/Products/Release-maccatalyst/RCTDeprecation\"\ \"-F/Users/ozel0t/Notesnook/notesnook/apps/mobile/ios/build/Catalyst/Build/Products/Release-maccatalyst/RCTRequired\"\ \"-F/Users/ozel0t/Notesnook/notesnook/apps/mobile/ios/build/Catalyst/Build/Products/Release-maccatalyst/RCTTypeSafety\"\ \"-F/Users/ozel0t/Notesnook/notesnook/apps/mobile/ios/build/Catalyst/Build/Products/Release-maccatalyst/RNBackgroundFetch\"\ \"-F/Users/ozel0t/Notesnook/notesnook/apps/mobile/ios/build/Catalyst/Build/Products/Release-maccatalyst/RNBootSplash\"\ \"-F/Users/ozel0t/Notesnook/notesnook/apps/mobile/ios/build/Catalyst/Build/Products/Release-maccatalyst/RNCCheckbox\"\ \"-F/Users/ozel0t/Notesnook/notesnook/apps/mobile/ios/build/Catalyst/Build/Products/Release-maccatalyst/RNCClipboard\"\ \"-F/Users/ozel0t/Notesnook/notesnook/apps/mobile/ios/build/Catalyst/Build/Products/Release-maccatalyst/RNCMaskedView\"\ \"-F/Users/ozel0t/Notesnook/notesnook/apps/mobile/ios/build/Catalyst/Build/Products/Release-maccatalyst/RNDateTimePicker\"\ \"-F/Users/ozel0t/Notesnook/notesnook/apps/mobile/ios/build/Catalyst/Build/Products/Release-maccatalyst/RNDeviceInfo\"\ \"-F/Users/ozel0t/Notesnook/notesnook/apps/mobile/ios/build/Catalyst/Build/Products/Release-maccatalyst/RNExitApp\"\ \"-F/Users/ozel0t/Notesnook/notesnook/apps/mobile/ios/build/Catalyst/Build/Products/Release-maccatalyst/RNFileViewer\"\ \"-F/Users/ozel0t/Notesnook/notesnook/apps/mobile/ios/build/Catalyst/Build/Products/Release-maccatalyst/RNGestureHandler\"\ \"-F/Users/ozel0t/Notesnook/notesnook/apps/mobile/ios/build/Catalyst/Build/Products/Release-maccatalyst/RNIap\"\ \"-F/Users/ozel0t/Notesnook/notesnook/apps/mobile/ios/build/Catalyst/Build/Products/Release-maccatalyst/RNImageCropPicker\"\ \"-F/Users/ozel0t/Notesnook/notesnook/apps/mobile/ios/build/Catalyst/Build/Products/Release-maccatalyst/RNKeychain\"\ \"-F/Users/ozel0t/Notesnook/notesnook/apps/mobile/ios/build/Catalyst/Build/Products/Release-maccatalyst/RNNotifee\"\ \"-F/Users/ozel0t/Notesnook/notesnook/apps/mobile/ios/build/Catalyst/Build/Products/Release-maccatalyst/RNReanimated\"\ \"-F/Users/ozel0t/Notesnook/notesnook/apps/mobile/ios/build/Catalyst/Build/Products/Release-maccatalyst/RNSVG\"\ \"-F/Users/ozel0t/Notesnook/notesnook/apps/mobile/ios/build/Catalyst/Build/Products/Release-maccatalyst/RNScreens\"\ \"-F/Users/ozel0t/Notesnook/notesnook/apps/mobile/ios/build/Catalyst/Build/Products/Release-maccatalyst/RNSecureRandom\"\ \"-F/Users/ozel0t/Notesnook/notesnook/apps/mobile/ios/build/Catalyst/Build/Products/Release-maccatalyst/RNShare\"\ \"-F/Users/ozel0t/Notesnook/notesnook/apps/mobile/ios/build/Catalyst/Build/Products/Release-maccatalyst/RNTooltips\"\ \"-F/Users/ozel0t/Notesnook/notesnook/apps/mobile/ios/build/Catalyst/Build/Products/Release-maccatalyst/RNWorklets\"\ \"-F/Users/ozel0t/Notesnook/notesnook/apps/mobile/ios/build/Catalyst/Build/Products/Release-maccatalyst/RNZipArchive\"\ \"-F/Users/ozel0t/Notesnook/notesnook/apps/mobile/ios/build/Catalyst/Build/Products/Release-maccatalyst/React\"\ \"-F/Users/ozel0t/Notesnook/notesnook/apps/mobile/ios/build/Catalyst/Build/Products/Release-maccatalyst/React-Codegen\"\ \"-F/Users/ozel0t/Notesnook/notesnook/apps/mobile/ios/build/Catalyst/Build/Products/Release-maccatalyst/React-Core\"\ \"-F/Users/ozel0t/Notesnook/notesnook/apps/mobile/ios/build/Catalyst/Build/Products/Release-maccatalyst/React-CoreModules\"\ \"-F/Users/ozel0t/Notesnook/notesnook/apps/mobile/ios/build/Catalyst/Build/Products/Release-maccatalyst/React-Fabric\"\ \"-F/Users/ozel0t/Notesnook/notesnook/apps/mobile/ios/build/Catalyst/Build/Products/Release-maccatalyst/React-FabricComponents\"\ \"-F/Users/ozel0t/Notesnook/notesnook/apps/mobile/ios/build/Catalyst/Build/Products/Release-maccatalyst/React-FabricImage\"\ \"-F/Users/ozel0t/Notesnook/notesnook/apps/mobile/ios/build/Catalyst/Build/Products/Release-maccatalyst/React-ImageManager\"\ \"-F/Users/ozel0t/Notesnook/notesnook/apps/mobile/ios/build/Catalyst/Build/Products/Release-maccatalyst/React-Mapbuffer\"\ \"-F/Users/ozel0t/Notesnook/notesnook/apps/mobile/ios/build/Catalyst/Build/Products/Release-maccatalyst/React-NativeModulesApple\"\ \"-F/Users/ozel0t/Notesnook/notesnook/apps/mobile/ios/build/Catalyst/Build/Products/Release-maccatalyst/React-RCTActionSheet\"\ \"-F/Users/ozel0t/Notesnook/notesnook/apps/mobile/ios/build/Catalyst/Build/Products/Release-maccatalyst/React-RCTAnimation\"\ \"-F/Users/ozel0t/Notesnook/notesnook/apps/mobile/ios/build/Catalyst/Build/Products/Release-maccatalyst/React-RCTAppDelegate\"\ \"-F/Users/ozel0t/Notesnook/notesnook/apps/mobile/ios/build/Catalyst/Build/Products/Release-maccatalyst/React-RCTBlob\"\ \"-F/Users/ozel0t/Notesnook/notesnook/apps/mobile/ios/build/Catalyst/Build/Products/Release-maccatalyst/React-RCTFBReactNativeSpec\"\ \"-F/Users/ozel0t/Notesnook/notesnook/apps/mobile/ios/build/Catalyst/Build/Products/Release-maccatalyst/React-RCTFabric\"\ \"-F/Users/ozel0t/Notesnook/notesnook/apps/mobile/ios/build/Catalyst/Build/Products/Release-maccatalyst/React-RCTImage\"\ \"-F/Users/ozel0t/Notesnook/notesnook/apps/mobile/ios/build/Catalyst/Build/Products/Release-maccatalyst/React-RCTLinking\"\ \"-F/Users/ozel0t/Notesnook/notesnook/apps/mobile/ios/build/Catalyst/Build/Products/Release-maccatalyst/React-RCTNetwork\"\ \"-F/Users/ozel0t/Notesnook/notesnook/apps/mobile/ios/build/Catalyst/Build/Products/Release-maccatalyst/React-RCTRuntime\"\ \"-F/Users/ozel0t/Notesnook/notesnook/apps/mobile/ios/build/Catalyst/Build/Products/Release-maccatalyst/React-RCTSettings\"\ \"-F/Users/ozel0t/Notesnook/notesnook/apps/mobile/ios/build/Catalyst/Build/Products/Release-maccatalyst/React-RCTText\"\ \"-F/Users/ozel0t/Notesnook/notesnook/apps/mobile/ios/build/Catalyst/Build/Products/Release-maccatalyst/React-RCTVibration\"\ \"-F/Users/ozel0t/Notesnook/notesnook/apps/mobile/ios/build/Catalyst/Build/Products/Release-maccatalyst/React-RuntimeApple\"\ \"-F/Users/ozel0t/Notesnook/notesnook/apps/mobile/ios/build/Catalyst/Build/Products/Release-maccatalyst/React-RuntimeCore\"\ \"-F/Users/ozel0t/Notesnook/notesnook/apps/mobile/ios/build/Catalyst/Build/Products/Release-maccatalyst/React-RuntimeHermes\"\ \"-F/Users/ozel0t/Notesnook/notesnook/apps/mobile/ios/build/Catalyst/Build/Products/Release-maccatalyst/React-callinvoker\"\ \"-F/Users/ozel0t/Notesnook/notesnook/apps/mobile/ios/build/Catalyst/Build/Products/Release-maccatalyst/React-cxxreact\"\ \"-F/Users/ozel0t/Notesnook/notesnook/apps/mobile/ios/build/Catalyst/Build/Products/Release-maccatalyst/React-debug\"\ \"-F/Users/ozel0t/Notesnook/notesnook/apps/mobile/ios/build/Catalyst/Build/Products/Release-maccatalyst/React-defaultsnativemodule\"\ \"-F/Users/ozel0t/Notesnook/notesnook/apps/mobile/ios/build/Catalyst/Build/Products/Release-maccatalyst/React-domnativemodule\"\ \"-F/Users/ozel0t/Notesnook/notesnook/apps/mobile/ios/build/Catalyst/Build/Products/Release-maccatalyst/React-featureflags\"\ \"-F/Users/ozel0t/Notesnook/notesnook/apps/mobile/ios/build/Catalyst/Build/Products/Release-maccatalyst/React-featureflagsnativemodule\"\ \"-F/Users/ozel0t/Notesnook/notesnook/apps/mobile/ios/build/Catalyst/Build/Products/Release-maccatalyst/React-graphics\"\ \"-F/Users/ozel0t/Notesnook/notesnook/apps/mobile/ios/build/Catalyst/Build/Products/Release-maccatalyst/React-hermes\"\ \"-F/Users/ozel0t/Notesnook/notesnook/apps/mobile/ios/build/Catalyst/Build/Products/Release-maccatalyst/React-idlecallbacksnativemodule\"\ \"-F/Users/ozel0t/Notesnook/notesnook/apps/mobile/ios/build/Catalyst/Build/Products/Release-maccatalyst/React-jserrorhandler\"\ \"-F/Users/ozel0t/Notesnook/notesnook/apps/mobile/ios/build/Catalyst/Build/Products/Release-maccatalyst/React-jsi\"\ \"-F/Users/ozel0t/Notesnook/notesnook/apps/mobile/ios/build/Catalyst/Build/Products/Release-maccatalyst/React-jsiexecutor\"\ \"-F/Users/ozel0t/Notesnook/notesnook/apps/mobile/ios/build/Catalyst/Build/Products/Release-maccatalyst/React-jsinspector\"\ \"-F/Users/ozel0t/Notesnook/notesnook/apps/mobile/ios/build/Catalyst/Build/Products/Release-maccatalyst/React-jsinspectorcdp\"\ \"-F/Users/ozel0t/Notesnook/notesnook/apps/mobile/ios/build/Catalyst/Build/Products/Release-maccatalyst/React-jsinspectornetwork\"\ \"-F/Users/ozel0t/Notesnook/notesnook/apps/mobile/ios/build/Catalyst/Build/Products/Release-maccatalyst/React-jsinspectortracing\"\ \"-F/Users/ozel0t/Notesnook/notesnook/apps/mobile/ios/build/Catalyst/Build/Products/Release-maccatalyst/React-jsitooling\"\ \"-F/Users/ozel0t/Notesnook/notesnook/apps/mobile/ios/build/Catalyst/Build/Products/Release-maccatalyst/React-jsitracing\"\ \"-F/Users/ozel0t/Notesnook/notesnook/apps/mobile/ios/build/Catalyst/Build/Products/Release-maccatalyst/React-logger\"\ \"-F/Users/ozel0t/Notesnook/notesnook/apps/mobile/ios/build/Catalyst/Build/Products/Release-maccatalyst/React-microtasksnativemodule\"\ \"-F/Users/ozel0t/Notesnook/notesnook/apps/mobile/ios/build/Catalyst/Build/Products/Release-maccatalyst/React-oscompat\"\ \"-F/Users/ozel0t/Notesnook/notesnook/apps/mobile/ios/build/Catalyst/Build/Products/Release-maccatalyst/React-perflogger\"\ \"-F/Users/ozel0t/Notesnook/notesnook/apps/mobile/ios/build/Catalyst/Build/Products/Release-maccatalyst/React-performancecdpmetrics\"\ \"-F/Users/ozel0t/Notesnook/notesnook/apps/mobile/ios/build/Catalyst/Build/Products/Release-maccatalyst/React-performancetimeline\"\ \"-F/Users/ozel0t/Notesnook/notesnook/apps/mobile/ios/build/Catalyst/Build/Products/Release-maccatalyst/React-rendererconsistency\"\ \"-F/Users/ozel0t/Notesnook/notesnook/apps/mobile/ios/build/Catalyst/Build/Products/Release-maccatalyst/React-renderercss\"\ \"-F/Users/ozel0t/Notesnook/notesnook/apps/mobile/ios/build/Catalyst/Build/Products/Release-maccatalyst/React-rendererdebug\"\ \"-F/Users/ozel0t/Notesnook/notesnook/apps/mobile/ios/build/Catalyst/Build/Products/Release-maccatalyst/React-runtimeexecutor\"\ \"-F/Users/ozel0t/Notesnook/notesnook/apps/mobile/ios/build/Catalyst/Build/Products/Release-maccatalyst/React-runtimescheduler\"\ \"-F/Users/ozel0t/Notesnook/notesnook/apps/mobile/ios/build/Catalyst/Build/Products/Release-maccatalyst/React-timing\"\ \"-F/Users/ozel0t/Notesnook/notesnook/apps/mobile/ios/build/Catalyst/Build/Products/Release-maccatalyst/React-utils\"\ \"-F/Users/ozel0t/Notesnook/notesnook/apps/mobile/ios/build/Catalyst/Build/Products/Release-maccatalyst/React-webperformancenativemodule\"\ \"-F/Users/ozel0t/Notesnook/notesnook/apps/mobile/ios/build/Catalyst/Build/Products/Release-maccatalyst/ReactAppDependencyProvider\"\ \"-F/Users/ozel0t/Notesnook/notesnook/apps/mobile/ios/build/Catalyst/Build/Products/Release-maccatalyst/ReactCodegen\"\ \"-F/Users/ozel0t/Notesnook/notesnook/apps/mobile/ios/build/Catalyst/Build/Products/Release-maccatalyst/ReactCommon\"\ \"-F/Users/ozel0t/Notesnook/notesnook/apps/mobile/ios/build/Catalyst/Build/Products/Release-maccatalyst/SDWebImage\"\ \"-F/Users/ozel0t/Notesnook/notesnook/apps/mobile/ios/build/Catalyst/Build/Products/Release-maccatalyst/SSZipArchive\"\ \"-F/Users/ozel0t/Notesnook/notesnook/apps/mobile/ios/build/Catalyst/Build/Products/Release-maccatalyst/SocketRocket\"\ \"-F/Users/ozel0t/Notesnook/notesnook/apps/mobile/ios/build/Catalyst/Build/Products/Release-maccatalyst/SwiftyRSA\"\ \"-F/Users/ozel0t/Notesnook/notesnook/apps/mobile/ios/build/Catalyst/Build/Products/Release-maccatalyst/TOCropViewController\"\ \"-F/Users/ozel0t/Notesnook/notesnook/apps/mobile/ios/build/Catalyst/Build/Products/Release-maccatalyst/Yoga\"\ \"-F/Users/ozel0t/Notesnook/notesnook/apps/mobile/ios/build/Catalyst/Build/Products/Release-maccatalyst/boost\"\ \"-F/Users/ozel0t/Notesnook/notesnook/apps/mobile/ios/build/Catalyst/Build/Products/Release-maccatalyst/callstack-repack\"\ \"-F/Users/ozel0t/Notesnook/notesnook/apps/mobile/ios/build/Catalyst/Build/Products/Release-maccatalyst/fast_float\"\ \"-F/Users/ozel0t/Notesnook/notesnook/apps/mobile/ios/build/Catalyst/Build/Products/Release-maccatalyst/fmt\"\ \"-F/Users/ozel0t/Notesnook/notesnook/apps/mobile/ios/build/Catalyst/Build/Products/Release-maccatalyst/glog\"\ \"-F/Users/ozel0t/Notesnook/notesnook/apps/mobile/ios/build/Catalyst/Build/Products/Release-maccatalyst/hermes-engine\"\ \"-F/Users/ozel0t/Notesnook/notesnook/apps/mobile/ios/build/Catalyst/Build/Products/Release-maccatalyst/react-native-actions-shortcuts\"\ \"-F/Users/ozel0t/Notesnook/notesnook/apps/mobile/ios/build/Catalyst/Build/Products/Release-maccatalyst/react-native-background-actions\"\ \"-F/Users/ozel0t/Notesnook/notesnook/apps/mobile/ios/build/Catalyst/Build/Products/Release-maccatalyst/react-native-begin-background-task\"\ \"-F/Users/ozel0t/Notesnook/notesnook/apps/mobile/ios/build/Catalyst/Build/Products/Release-maccatalyst/react-native-blob-util\"\ \"-F/Users/ozel0t/Notesnook/notesnook/apps/mobile/ios/build/Catalyst/Build/Products/Release-maccatalyst/react-native-cameraroll\"\ \"-F/Users/ozel0t/Notesnook/notesnook/apps/mobile/ios/build/Catalyst/Build/Products/Release-maccatalyst/react-native-config\"\ \"-F/Users/ozel0t/Notesnook/notesnook/apps/mobile/ios/build/Catalyst/Build/Products/Release-maccatalyst/react-native-date-picker\"\ \"-F/Users/ozel0t/Notesnook/notesnook/apps/mobile/ios/build/Catalyst/Build/Products/Release-maccatalyst/react-native-document-picker\"\ \"-F/Users/ozel0t/Notesnook/notesnook/apps/mobile/ios/build/Catalyst/Build/Products/Release-maccatalyst/react-native-fast-openpgp\"\ \"-F/Users/ozel0t/Notesnook/notesnook/apps/mobile/ios/build/Catalyst/Build/Products/Release-maccatalyst/react-native-fingerprint-scanner\"\ \"-F/Users/ozel0t/Notesnook/notesnook/apps/mobile/ios/build/Catalyst/Build/Products/Release-maccatalyst/react-native-get-random-values\"\ \"-F/Users/ozel0t/Notesnook/notesnook/apps/mobile/ios/build/Catalyst/Build/Products/Release-maccatalyst/react-native-gzip\"\ \"-F/Users/ozel0t/Notesnook/notesnook/apps/mobile/ios/build/Catalyst/Build/Products/Release-maccatalyst/react-native-html-to-pdf-lite\"\ \"-F/Users/ozel0t/Notesnook/notesnook/apps/mobile/ios/build/Catalyst/Build/Products/Release-maccatalyst/react-native-image-resizer\"\ \"-F/Users/ozel0t/Notesnook/notesnook/apps/mobile/ios/build/Catalyst/Build/Products/Release-maccatalyst/react-native-in-app-review\"\ \"-F/Users/ozel0t/Notesnook/notesnook/apps/mobile/ios/build/Catalyst/Build/Products/Release-maccatalyst/react-native-keep-awake\"\ \"-F/Users/ozel0t/Notesnook/notesnook/apps/mobile/ios/build/Catalyst/Build/Products/Release-maccatalyst/react-native-mmkv-storage\"\ \"-F/Users/ozel0t/Notesnook/notesnook/apps/mobile/ios/build/Catalyst/Build/Products/Release-maccatalyst/react-native-netinfo\"\ \"-F/Users/ozel0t/Notesnook/notesnook/apps/mobile/ios/build/Catalyst/Build/Products/Release-maccatalyst/react-native-notification-sounds\"\ \"-F/Users/ozel0t/Notesnook/notesnook/apps/mobile/ios/build/Catalyst/Build/Products/Release-maccatalyst/react-native-orientation-locker\"\ \"-F/Users/ozel0t/Notesnook/notesnook/apps/mobile/ios/build/Catalyst/Build/Products/Release-maccatalyst/react-native-pdf\"\ \"-F/Users/ozel0t/Notesnook/notesnook/apps/mobile/ios/build/Catalyst/Build/Products/Release-maccatalyst/react-native-quick-sqlite\"\ \"-F/Users/ozel0t/Notesnook/notesnook/apps/mobile/ios/build/Catalyst/Build/Products/Release-maccatalyst/react-native-safe-area-context\"\ \"-F/Users/ozel0t/Notesnook/notesnook/apps/mobile/ios/build/Catalyst/Build/Products/Release-maccatalyst/react-native-screenguard\"\ \"-F/Users/ozel0t/Notesnook/notesnook/apps/mobile/ios/build/Catalyst/Build/Products/Release-maccatalyst/react-native-share-extension\"\ \"-F/Users/ozel0t/Notesnook/notesnook/apps/mobile/ios/build/Catalyst/Build/Products/Release-maccatalyst/react-native-sodium\"\ \"-F/Users/ozel0t/Notesnook/notesnook/apps/mobile/ios/build/Catalyst/Build/Products/Release-maccatalyst/react-native-theme-switch-animation\"\ \"-F/Users/ozel0t/Notesnook/notesnook/apps/mobile/ios/build/Catalyst/Build/Products/Release-maccatalyst/react-native-upload\"\ \"-F/Users/ozel0t/Notesnook/notesnook/apps/mobile/ios/build/Catalyst/Build/Products/Release-maccatalyst/react-native-view-shot\"\ \"-F/Users/ozel0t/Notesnook/notesnook/apps/mobile/ios/build/Catalyst/Build/Products/Release-maccatalyst/react-native-webview\"\ \"-F/Users/ozel0t/Notesnook/notesnook/apps/mobile/ios/build/Catalyst/Build/Products/Release-maccatalyst/toolbar-android\"
    export OTHER_SWIFT_FLAGS\=\ -D\ COCOAPODS\ -Xcc\ -fmodule-map-file\=\"/Users/ozel0t/Notesnook/notesnook/apps/mobile/ios/build/Catalyst/Build/Products/Release-maccatalyst/JWTDecode/JWTDecode.modulemap\"\ -Xcc\ -fmodule-map-file\=\"/Users/ozel0t/Notesnook/notesnook/apps/mobile/ios/build/Catalyst/Build/Products/Release-maccatalyst/NitroCloudUploader/NitroCloudUploader.modulemap\"\ -Xcc\ -fmodule-map-file\=\"/Users/ozel0t/Notesnook/notesnook/apps/mobile/ios/build/Catalyst/Build/Products/Release-maccatalyst/NitroModules/NitroModules.modulemap\"\ -Xcc\ -fmodule-map-file\=\"/Users/ozel0t/Notesnook/notesnook/apps/mobile/ios/build/Catalyst/Build/Products/Release-maccatalyst/RNIap/RNIap.modulemap\"\ -Xcc\ -fmodule-map-file\=\"/Users/ozel0t/Notesnook/notesnook/apps/mobile/ios/build/Catalyst/Build/Products/Release-maccatalyst/React-Codegen/React_Codegen.modulemap\"\ -Xcc\ -fmodule-map-file\=\"/Users/ozel0t/Notesnook/notesnook/apps/mobile/ios/build/Catalyst/Build/Products/Release-maccatalyst/SwiftyRSA/SwiftyRSA.modulemap\"\ -Xcc\ -fmodule-map-file\=\"/Users/ozel0t/Notesnook/notesnook/apps/mobile/ios/build/Catalyst/Build/Products/Release-maccatalyst/callstack-repack/callstack_repack.modulemap\"\ -Xcc\ -fmodule-map-file\=\"/Users/ozel0t/Notesnook/notesnook/apps/mobile/ios/build/Catalyst/Build/Products/Release-maccatalyst/react-native-actions-shortcuts/react_native_actions_shortcuts.modulemap\"\ -Xcc\ -fmodule-map-file\=\"/Users/ozel0t/Notesnook/notesnook/apps/mobile/ios/build/Catalyst/Build/Products/Release-maccatalyst/react-native-document-picker/react_native_document_picker.modulemap\"\ -Xcc\ -fmodule-map-file\=\"/Users/ozel0t/Notesnook/notesnook/apps/mobile/ios/build/Catalyst/Build/Products/Release-maccatalyst/react-native-in-app-review/react_native_in_app_review.modulemap\"\ -Xcc\ -fmodule-map-file\=\"/Users/ozel0t/Notesnook/notesnook/apps/mobile/ios/Pods/Headers/Public/DoubleConversion/DoubleConversion.modulemap\"\ -Xcc\ -fmodule-map-file\=\"/Users/ozel0t/Notesnook/notesnook/apps/mobile/ios/Pods/Headers/Public/RCTDeprecation/RCTDeprecation.modulemap\"\ -Xcc\ -fmodule-map-file\=\"/Users/ozel0t/Notesnook/notesnook/apps/mobile/ios/Pods/Headers/Public/RCTFabric/React-RCTFabric.modulemap\"\ -Xcc\ -fmodule-map-file\=\"/Users/ozel0t/Notesnook/notesnook/apps/mobile/ios/Pods/Headers/Public/RCTImage/React-RCTImage.modulemap\"\ -Xcc\ -fmodule-map-file\=\"/Users/ozel0t/Notesnook/notesnook/apps/mobile/ios/Pods/Headers/Public/RCTRuntime/React-RCTRuntime.modulemap\"\ -Xcc\ -fmodule-map-file\=\"/Users/ozel0t/Notesnook/notesnook/apps/mobile/ios/Pods/Headers/Public/RCTTypeSafety/RCTTypeSafety.modulemap\"\ -Xcc\ -fmodule-map-file\=\"/Users/ozel0t/Notesnook/notesnook/apps/mobile/ios/Pods/Headers/Public/RNBootSplash/RNBootSplash.modulemap\"\ -Xcc\ -fmodule-map-file\=\"/Users/ozel0t/Notesnook/notesnook/apps/mobile/ios/Pods/Headers/Public/RNReanimated/RNReanimated.modulemap\"\ -Xcc\ -fmodule-map-file\=\"/Users/ozel0t/Notesnook/notesnook/apps/mobile/ios/Pods/Headers/Public/RNWorklets/RNWorklets.modulemap\"\ -Xcc\ -fmodule-map-file\=\"/Users/ozel0t/Notesnook/notesnook/apps/mobile/ios/Pods/Headers/Public/React/React-Core.modulemap\"\ -Xcc\ -fmodule-map-file\=\"/Users/ozel0t/Notesnook/notesnook/apps/mobile/ios/Pods/Headers/Public/ReactAppDependencyProvider/ReactAppDependencyProvider.modulemap\"\ -Xcc\ -fmodule-map-file\=\"/Users/ozel0t/Notesnook/notesnook/apps/mobile/ios/Pods/Headers/Public/ReactCodegen/ReactCodegen.modulemap\"\ -Xcc\ -fmodule-map-file\=\"/Users/ozel0t/Notesnook/notesnook/apps/mobile/ios/Pods/Headers/Public/ReactCommon/ReactCommon.modulemap\"\ -Xcc\ -fmodule-map-file\=\"/Users/ozel0t/Notesnook/notesnook/apps/mobile/ios/Pods/Headers/Public/React_Fabric/React-Fabric.modulemap\"\ -Xcc\ -fmodule-map-file\=\"/Users/ozel0t/Notesnook/notesnook/apps/mobile/ios/Pods/Headers/Public/React_FabricComponents/React-FabricComponents.modulemap\"\ -Xcc\ -fmodule-map-file\=\"/Users/ozel0t/Notesnook/notesnook/apps/mobile/ios/Pods/Headers/Public/React_NativeModulesApple/React-NativeModulesApple.modulemap\"\ -Xcc\ -fmodule-map-file\=\"/Users/ozel0t/Notesnook/notesnook/apps/mobile/ios/Pods/Headers/Public/React_RCTAppDelegate/React-RCTAppDelegate.modulemap\"\ -Xcc\ -fmodule-map-file\=\"/Users/ozel0t/Notesnook/notesnook/apps/mobile/ios/Pods/Headers/Public/React_runtimeexecutor/React-runtimeexecutor.modulemap\"\ -Xcc\ -fmodule-map-file\=\"/Users/ozel0t/Notesnook/notesnook/apps/mobile/ios/Pods/Headers/Public/SSZipArchive/SSZipArchive.modulemap\"\ -Xcc\ -fmodule-map-file\=\"/Users/ozel0t/Notesnook/notesnook/apps/mobile/ios/Pods/Headers/Public/SocketRocket/SocketRocket.modulemap\"\ -Xcc\ -fmodule-map-file\=\"/Users/ozel0t/Notesnook/notesnook/apps/mobile/ios/Pods/Headers/Public/fmt/fmt.modulemap\"\ -Xcc\ -fmodule-map-file\=\"/Users/ozel0t/Notesnook/notesnook/apps/mobile/ios/Pods/Headers/Public/folly/RCT-Folly.modulemap\"\ -Xcc\ -fmodule-map-file\=\"/Users/ozel0t/Notesnook/notesnook/apps/mobile/ios/Pods/Headers/Public/glog/glog.modulemap\"\ -Xcc\ -fmodule-map-file\=\"/Users/ozel0t/Notesnook/notesnook/apps/mobile/ios/Pods/Headers/Public/jsi/React-jsi.modulemap\"\ -Xcc\ -fmodule-map-file\=\"/Users/ozel0t/Notesnook/notesnook/apps/mobile/ios/Pods/Headers/Public/jsinspector_modern/React-jsinspector.modulemap\"\ -Xcc\ -fmodule-map-file\=\"/Users/ozel0t/Notesnook/notesnook/apps/mobile/ios/Pods/Headers/Public/jsinspector_modern_cdp/React-jsinspectorcdp.modulemap\"\ -Xcc\ -fmodule-map-file\=\"/Users/ozel0t/Notesnook/notesnook/apps/mobile/ios/Pods/Headers/Public/jsinspector_modern_network/React-jsinspectornetwork.modulemap\"\ -Xcc\ -fmodule-map-file\=\"/Users/ozel0t/Notesnook/notesnook/apps/mobile/ios/Pods/Headers/Public/jsinspector_modern_tracing/React-jsinspectortracing.modulemap\"\ -Xcc\ -fmodule-map-file\=\"/Users/ozel0t/Notesnook/notesnook/apps/mobile/ios/Pods/Headers/Public/react_debug/React-debug.modulemap\"\ -Xcc\ -fmodule-map-file\=\"/Users/ozel0t/Notesnook/notesnook/apps/mobile/ios/Pods/Headers/Public/react_featureflags/React-featureflags.modulemap\"\ -Xcc\ -fmodule-map-file\=\"/Users/ozel0t/Notesnook/notesnook/apps/mobile/ios/Pods/Headers/Public/react_native_fast_openpgp/react-native-fast-openpgp.modulemap\"\ -Xcc\ -fmodule-map-file\=\"/Users/ozel0t/Notesnook/notesnook/apps/mobile/ios/Pods/Headers/Public/react_nativemodule_defaults/React-defaultsnativemodule.modulemap\"\ -Xcc\ -fmodule-map-file\=\"/Users/ozel0t/Notesnook/notesnook/apps/mobile/ios/Pods/Headers/Public/react_nativemodule_dom/React-domnativemodule.modulemap\"\ -Xcc\ -fmodule-map-file\=\"/Users/ozel0t/Notesnook/notesnook/apps/mobile/ios/Pods/Headers/Public/react_nativemodule_featureflags/React-featureflagsnativemodule.modulemap\"\ -Xcc\ -fmodule-map-file\=\"/Users/ozel0t/Notesnook/notesnook/apps/mobile/ios/Pods/Headers/Public/react_nativemodule_idlecallbacks/React-idlecallbacksnativemodule.modulemap\"\ -Xcc\ -fmodule-map-file\=\"/Users/ozel0t/Notesnook/notesnook/apps/mobile/ios/Pods/Headers/Public/react_nativemodule_microtasks/React-microtasksnativemodule.modulemap\"\ -Xcc\ -fmodule-map-file\=\"/Users/ozel0t/Notesnook/notesnook/apps/mobile/ios/Pods/Headers/Public/react_nativemodule_webperformance/React-webperformancenativemodule.modulemap\"\ -Xcc\ -fmodule-map-file\=\"/Users/ozel0t/Notesnook/notesnook/apps/mobile/ios/Pods/Headers/Public/react_renderer_css/React-renderercss.modulemap\"\ -Xcc\ -fmodule-map-file\=\"/Users/ozel0t/Notesnook/notesnook/apps/mobile/ios/Pods/Headers/Public/react_renderer_debug/React-rendererdebug.modulemap\"\ -Xcc\ -fmodule-map-file\=\"/Users/ozel0t/Notesnook/notesnook/apps/mobile/ios/Pods/Headers/Public/react_renderer_graphics/React-graphics.modulemap\"\ -Xcc\ -fmodule-map-file\=\"/Users/ozel0t/Notesnook/notesnook/apps/mobile/ios/Pods/Headers/Public/react_renderer_imagemanager/React-ImageManager.modulemap\"\ -Xcc\ -fmodule-map-file\=\"/Users/ozel0t/Notesnook/notesnook/apps/mobile/ios/Pods/Headers/Public/react_runtime/React-jsitooling.modulemap\"\ -Xcc\ -fmodule-map-file\=\"/Users/ozel0t/Notesnook/notesnook/apps/mobile/ios/Pods/Headers/Public/react_utils/React-utils.modulemap\"\ -Xcc\ -fmodule-map-file\=\"/Users/ozel0t/Notesnook/notesnook/apps/mobile/ios/Pods/Headers/Public/reacthermes/React-hermes.modulemap\"\ -Xcc\ -fmodule-map-file\=\"/Users/ozel0t/Notesnook/notesnook/apps/mobile/ios/Pods/Headers/Public/yoga/Yoga.modulemap\"
    export PACKAGE_TYPE\=com.apple.package-type.app-extension
    export PASCAL_STRINGS\=YES
    export PATH\=/Applications/Xcode.app/Contents/SharedFrameworks/SwiftBuild.framework/Versions/A/PlugIns/SWBBuildService.bundle/Contents/PlugIns/SWBUniversalPlatformPlugin.bundle/Contents/Frameworks/SWBUniversalPlatform.framework/Resources:/Applications/Xcode.app/Contents/Developer/Toolchains/XcodeDefault.xctoolchain/usr/bin:/Applications/Xcode.app/Contents/Developer/Toolchains/XcodeDefault.xctoolchain/usr/local/bin:/Applications/Xcode.app/Contents/Developer/Toolchains/XcodeDefault.xctoolchain/usr/libexec:/Applications/Xcode.app/Contents/Developer/Platforms/MacOSX.platform/usr/bin:/Applications/Xcode.app/Contents/Developer/Platforms/MacOSX.platform/usr/local/bin:/Applications/Xcode.app/Contents/Developer/Platforms/MacOSX.platform/Developer/usr/bin:/Applications/Xcode.app/Contents/Developer/Platforms/MacOSX.platform/Developer/usr/local/bin:/Applications/Xcode.app/Contents/Developer/usr/bin:/Applications/Xcode.app/Contents/Developer/usr/local/bin:/Users/ozel0t/.local/share/flutter/3.47.2/bin:/opt/homebrew/bin:/opt/homebrew/sbin:/usr/local/bin:/System/Cryptexes/App/usr/bin:/usr/bin:/bin:/usr/sbin:/sbin:/var/run/com.apple.security.cryptexd/codex.system/bootstrap/usr/local/bin:/var/run/com.apple.security.cryptexd/codex.system/bootstrap/usr/bin:/var/run/com.apple.security.cryptexd/codex.system/bootstrap/usr/appleinternal/bin:/pkg/env/global/bin:/Library/Apple/usr/bin:/Users/ozel0t/.cargo/bin:/Users/ozel0t/.nvm/versions/node/v24.15.0/bin:/Users/ozel0t/Library/pnpm:/Users/ozel0t/.local/bin
    export PATH_PREFIXES_EXCLUDED_FROM_HEADER_DEPENDENCIES\=/usr/include\ /usr/local/include\ /System/Library/Frameworks\ /System/Library/PrivateFrameworks\ /Applications/Xcode.app/Contents/Developer/Headers\ /Applications/Xcode.app/Contents/Developer/SDKs\ /Applications/Xcode.app/Contents/Developer/Platforms
    export PBDEVELOPMENTPLIST_PATH\=Make\ Note.appex/Contents/pbdevelopment.plist
    export PER_ARCH_MODULE_FILE_DIR\=/Users/ozel0t/Notesnook/notesnook/apps/mobile/ios/build/Catalyst/Build/Intermediates.noindex/Notesnook.build/Release-maccatalyst/Make\ Note.build/Objects-normal/undefined_arch
    export PER_ARCH_OBJECT_FILE_DIR\=/Users/ozel0t/Notesnook/notesnook/apps/mobile/ios/build/Catalyst/Build/Intermediates.noindex/Notesnook.build/Release-maccatalyst/Make\ Note.build/Objects-normal/undefined_arch
    export PER_VARIANT_OBJECT_FILE_DIR\=/Users/ozel0t/Notesnook/notesnook/apps/mobile/ios/build/Catalyst/Build/Intermediates.noindex/Notesnook.build/Release-maccatalyst/Make\ Note.build/Objects-normal
    export PKGINFO_FILE_PATH\=/Users/ozel0t/Notesnook/notesnook/apps/mobile/ios/build/Catalyst/Build/Intermediates.noindex/Notesnook.build/Release-maccatalyst/Make\ Note.build/PkgInfo
    export PKGINFO_PATH\=Make\ Note.appex/Contents/PkgInfo
    export PLATFORM_DEVELOPER_APPLICATIONS_DIR\=/Applications/Xcode.app/Contents/Developer/Applications
    export PLATFORM_DEVELOPER_BIN_DIR\=/Applications/Xcode.app/Contents/Developer/usr/bin
    export PLATFORM_DEVELOPER_LIBRARY_DIR\=/Applications/Xcode.app/Contents/Developer/Library
    export PLATFORM_DEVELOPER_SDK_DIR\=/Applications/Xcode.app/Contents/Developer/Platforms/MacOSX.platform/Developer/SDKs
    export PLATFORM_DEVELOPER_TOOLS_DIR\=/Applications/Xcode.app/Contents/Developer/Tools
    export PLATFORM_DEVELOPER_USR_DIR\=/Applications/Xcode.app/Contents/Developer/usr
    export PLATFORM_DIR\=/Applications/Xcode.app/Contents/Developer/Platforms/MacOSX.platform
    export PLATFORM_DISPLAY_NAME\=macOS
    export PLATFORM_FAMILY_NAME\=macOS
    export PLATFORM_NAME\=macosx
    export PLATFORM_PREFERRED_ARCH\=x86_64
    export PLATFORM_PRODUCT_BUILD_VERSION\=26A425
    export PLATFORM_REQUIRES_SWIFT_AUTOLINK_EXTRACT\=NO
    export PLATFORM_REQUIRES_SWIFT_MODULEWRAP\=NO
    export PLATFORM_USES_DSYMS\=YES
    export PLIST_FILE_OUTPUT_FORMAT\=same-as-input
    export PLUGINS_FOLDER_PATH\=Make\ Note.appex/Contents/PlugIns
    export PODS_BUILD_DIR\=/Users/ozel0t/Notesnook/notesnook/apps/mobile/ios/build/Catalyst/Build/Products
    export PODS_CONFIGURATION_BUILD_DIR\=/Users/ozel0t/Notesnook/notesnook/apps/mobile/ios/build/Catalyst/Build/Products/Release-maccatalyst
    export PODS_PODFILE_DIR_PATH\=/Users/ozel0t/Notesnook/notesnook/apps/mobile/ios/.
    export PODS_ROOT\=/Users/ozel0t/Notesnook/notesnook/apps/mobile/ios/Pods
    export PODS_XCFRAMEWORKS_BUILD_DIR\=/Users/ozel0t/Notesnook/notesnook/apps/mobile/ios/build/Catalyst/Build/Products/Release-maccatalyst/XCFrameworkIntermediates
    export PRECOMPS_INCLUDE_HEADERS_FROM_BUILT_PRODUCTS_DIR\=YES
    export PRECOMP_DESTINATION_DIR\=/Users/ozel0t/Notesnook/notesnook/apps/mobile/ios/build/Catalyst/Build/Intermediates.noindex/Notesnook.build/Release-maccatalyst/Make\ Note.build/PrefixHeaders
    export PRELINK_DEPENDENCY_INFO_FILE\=/Users/ozel0t/Notesnook/notesnook/apps/mobile/ios/build/Catalyst/Build/Intermediates.noindex/Notesnook.build/Release-maccatalyst/Make\ Note.build/Objects-normal/undefined_arch/Make\ Note_prelink_dependency_info.dat
    export PRESERVE_DEAD_CODE_INITS_AND_TERMS\=YES
    export PRIVATE_HEADERS_FOLDER_PATH\=Make\ Note.appex/Contents/PrivateHeaders
    export PROCESSED_INFOPLIST_PATH\=/Users/ozel0t/Notesnook/notesnook/apps/mobile/ios/build/Catalyst/Build/Intermediates.noindex/Notesnook.build/Release-maccatalyst/Make\ Note.build/Objects-normal/undefined_arch/Processed-Info.plist
    export PRODUCT_BUNDLE_IDENTIFIER\=com.ozel0t.note.notesnookpencil.mac.share
    export PRODUCT_BUNDLE_PACKAGE_TYPE\=XPC\!
    export PRODUCT_MODULE_NAME\=Make_Note
    export PRODUCT_NAME\=Make\ Note
    export PRODUCT_SETTINGS_PATH\=/Users/ozel0t/Notesnook/notesnook/apps/mobile/ios/Make\ Note/Info.plist
    export PRODUCT_TYPE\=com.apple.product-type.app-extension
    export PROFILING_CODE\=NO
    export PROJECT\=Notesnook
    export PROJECT_DERIVED_FILE_DIR\=/Users/ozel0t/Notesnook/notesnook/apps/mobile/ios/build/Catalyst/Build/Intermediates.noindex/Notesnook.build/DerivedSources
    export PROJECT_DIR\=/Users/ozel0t/Notesnook/notesnook/apps/mobile/ios
    export PROJECT_FILE_PATH\=/Users/ozel0t/Notesnook/notesnook/apps/mobile/ios/Notesnook.xcodeproj
    export PROJECT_GUID\=2dcd972488993b237f389bfe76aacbcd
    export PROJECT_NAME\=Notesnook
    export PROJECT_TEMP_DIR\=/Users/ozel0t/Notesnook/notesnook/apps/mobile/ios/build/Catalyst/Build/Intermediates.noindex/Notesnook.build
    export PROJECT_TEMP_ROOT\=/Users/ozel0t/Notesnook/notesnook/apps/mobile/ios/build/Catalyst/Build/Intermediates.noindex
    export PROVISIONING_PROFILE_REQUIRED\=NO
    export PROVISIONING_PROFILE_SUPPORTED\=YES
    export PUBLIC_HEADERS_FOLDER_PATH\=Make\ Note.appex/Contents/Headers
    export REACT_NATIVE_PATH\=/Users/ozel0t/Notesnook/notesnook/apps/mobile/ios/Pods/../../node_modules/react-native
    export RECOMMENDED_IPHONEOS_DEPLOYMENT_TARGET\=17.0
    export RECOMMENDED_MACOSX_DEPLOYMENT_TARGET\=14.0
    export RECURSIVE_SEARCH_PATHS_FOLLOW_SYMLINKS\=YES
    export REMOVE_CVS_FROM_RESOURCES\=YES
    export REMOVE_GIT_FROM_RESOURCES\=YES
    export REMOVE_HEADERS_FROM_EMBEDDED_BUNDLES\=YES
    export REMOVE_HG_FROM_RESOURCES\=YES
    export REMOVE_STATIC_EXECUTABLES_FROM_EMBEDDED_BUNDLES\=YES
    export REMOVE_SVN_FROM_RESOURCES\=YES
    export RESCHEDULE_INDEPENDENT_HEADERS_PHASES\=YES
    export RESOURCES_MINIMUM_DEPLOYMENT_TARGET\=15.6
    export RESOURCES_PLATFORM_NAME\=macosx
    export RESOURCES_UI_FRAMEWORK_FAMILY\=uikit
    export REZ_COLLECTOR_DIR\=/Users/ozel0t/Notesnook/notesnook/apps/mobile/ios/build/Catalyst/Build/Intermediates.noindex/Notesnook.build/Release-maccatalyst/Make\ Note.build/ResourceManagerResources
    export REZ_OBJECTS_DIR\=/Users/ozel0t/Notesnook/notesnook/apps/mobile/ios/build/Catalyst/Build/Intermediates.noindex/Notesnook.build/Release-maccatalyst/Make\ Note.build/ResourceManagerResources/Objects
    export REZ_SEARCH_PATHS\=/Users/ozel0t/Notesnook/notesnook/apps/mobile/ios/build/Catalyst/Build/Products/Release-maccatalyst\ 
    export RPATH_ORIGIN\=@loader_path
    export RUNTIME_EXCEPTION_ALLOW_DYLD_ENVIRONMENT_VARIABLES\=NO
    export RUNTIME_EXCEPTION_ALLOW_JIT\=NO
    export RUNTIME_EXCEPTION_ALLOW_UNSIGNED_EXECUTABLE_MEMORY\=NO
    export RUNTIME_EXCEPTION_DEBUGGING_TOOL\=NO
    export RUNTIME_EXCEPTION_DISABLE_EXECUTABLE_PAGE_PROTECTION\=NO
    export RUNTIME_EXCEPTION_DISABLE_LIBRARY_VALIDATION\=NO
    export SCANNING_PCM_KEEP_CACHE_DIRECTORY\=YES
    export SCAN_ALL_SOURCE_FILES_FOR_INCLUDES\=NO
    export SCRIPTS_FOLDER_PATH\=Make\ Note.appex/Contents/Resources/Scripts
    export SCRIPT_INPUT_FILE_0\=/Users/ozel0t/Notesnook/notesnook/apps/mobile/ios/.xcode.env.local
    export SCRIPT_INPUT_FILE_1\=/Users/ozel0t/Notesnook/notesnook/apps/mobile/ios/.xcode.env
    export SCRIPT_INPUT_FILE_COUNT\=2
    export SCRIPT_INPUT_FILE_LIST_COUNT\=0
    export SCRIPT_OUTPUT_FILE_COUNT\=0
    export SCRIPT_OUTPUT_FILE_LIST_COUNT\=0
    export SDKROOT\=/Applications/Xcode.app/Contents/Developer/Platforms/MacOSX.platform/Developer/SDKs/MacOSX27.0.sdk
    export SDK_DIR\=/Applications/Xcode.app/Contents/Developer/Platforms/MacOSX.platform/Developer/SDKs/MacOSX27.0.sdk
    export SDK_DIR_macosx\=/Applications/Xcode.app/Contents/Developer/Platforms/MacOSX.platform/Developer/SDKs/MacOSX27.0.sdk
    export SDK_DIR_macosx27_0\=/Applications/Xcode.app/Contents/Developer/Platforms/MacOSX.platform/Developer/SDKs/MacOSX27.0.sdk
    export SDK_NAME\=macosx27.0
    export SDK_NAMES\=macosx27.0
    export SDK_PRODUCT_BUILD_VERSION\=26A425
    export SDK_STAT_CACHE_DIR\=/Users/ozel0t/Notesnook/notesnook/apps/mobile/ios/build/Catalyst
    export SDK_STAT_CACHE_ENABLE\=YES
    export SDK_STAT_CACHE_PATH\=/Users/ozel0t/Notesnook/notesnook/apps/mobile/ios/build/Catalyst/SDKStatCaches.noindex/macosx27.0-26A425-7231f6df4def33e022ae2eb8f782df1a.sdkstatcache
    export SDK_VERSION\=27.0
    export SDK_VERSION_ACTUAL\=270000
    export SDK_VERSION_MAJOR\=270000
    export SDK_VERSION_MINOR\=270000
    export SED\=/usr/bin/sed
    export SEPARATE_STRIP\=NO
    export SEPARATE_SYMBOL_EDIT\=NO
    export SET_DIR_MODE_OWNER_GROUP\=YES
    export SET_FILE_MODE_OWNER_GROUP\=NO
    export SHALLOW_BUNDLE\=NO
    export SHALLOW_BUNDLE_PLATFORM\=NO
    export SHALLOW_BUNDLE_TRIPLE\=ios-macabi
    export SHALLOW_BUNDLE_ios_macabi\=NO
    export SHALLOW_BUNDLE_macos\=NO
    export SHARED_DERIVED_FILE_DIR\=/Users/ozel0t/Notesnook/notesnook/apps/mobile/ios/build/Catalyst/Build/Products/Release-maccatalyst/DerivedSources
    export SHARED_FRAMEWORKS_FOLDER_PATH\=Make\ Note.appex/Contents/SharedFrameworks
    export SHARED_PRECOMPS_DIR\=/Users/ozel0t/Notesnook/notesnook/apps/mobile/ios/build/Catalyst/Build/Intermediates.noindex/PrecompiledHeaders
    export SHARED_SUPPORT_FOLDER_PATH\=Make\ Note.appex/Contents/SharedSupport
    export SKIP_COPYING_TEST_FRAMEWORKS\=YES
    export SKIP_INSTALL\=YES
    export SKIP_MERGEABLE_LIBRARY_BUNDLE_HOOK\=NO
    export SOURCE_ROOT\=/Users/ozel0t/Notesnook/notesnook/apps/mobile/ios
    export SRCROOT\=/Users/ozel0t/Notesnook/notesnook/apps/mobile/ios
    export STRINGSDATA_DIR\=/Users/ozel0t/Notesnook/notesnook/apps/mobile/ios/build/Catalyst/Build/Intermediates.noindex/Notesnook.build/Release-maccatalyst/Make\ Note.build/Objects-normal/undefined_arch
    export STRINGSDATA_ROOT\=/Users/ozel0t/Notesnook/notesnook/apps/mobile/ios/build/Catalyst/Build/Intermediates.noindex/Notesnook.build/Release-maccatalyst/Make\ Note.build
    export STRINGS_FILE_INFOPLIST_RENAME\=YES
    export STRINGS_FILE_OUTPUT_ENCODING\=UTF-16
    export STRING_CATALOG_GENERATE_SYMBOLS\=NO
    export STRIP_BITCODE_FROM_COPIED_FILES\=NO
    export STRIP_INSTALLED_PRODUCT\=YES
    export STRIP_PNG_TEXT\=NO
    export STRIP_STYLE\=non-global
    export STRIP_SWIFT_SYMBOLS\=YES
    export SUPPORTED_PLATFORMS\=macosx\ macosx
    export SUPPORTS_MACCATALYST\=YES
    export SUPPORTS_TEXT_BASED_API\=NO
    export SUPPRESS_WARNINGS\=NO
    export SWIFTC_PASS_SDKROOT\=YES
    export SWIFTC_PASS_SYSROOT\=NO
    export SWIFT_COLOR_DIAGNOSTICS\=NO
    export SWIFT_DEPLOYMENT_TARGET\=15.6
    export SWIFT_EMIT_CONST_VALUE_PROTOCOLS\=AnyResolverProviding\ AppEntity\ AppEnum\ AppExtension\ AppIntent\ AppIntentsPackage\ AppShortcutProviding\ AppShortcutsProvider\ AppUnionValue\ AppUnionValueCasesProviding\ DynamicOptionsProvider\ EntityQuery\ ExtensionPointDefining\ IntentValueQuery\ Resolver\ TransientEntity\ _AssistantIntentsProvider\ _GenerativeFunctionExtractable\ _IntentValueRepresentable
    export SWIFT_EMIT_LOC_STRINGS\=NO
    export SWIFT_ENABLE_EXPLICIT_MODULES\=YES
    export SWIFT_INCLUDE_PATHS\=/Users/ozel0t/Notesnook/notesnook/apps/mobile/ios/build/Catalyst/Build/Products/Release-maccatalyst\ \ \"/Users/ozel0t/Notesnook/notesnook/apps/mobile/ios/build/Catalyst/Build/Products/Release-maccatalyst/JWTDecode\"\ \"/Users/ozel0t/Notesnook/notesnook/apps/mobile/ios/build/Catalyst/Build/Products/Release-maccatalyst/NitroCloudUploader\"\ \"/Users/ozel0t/Notesnook/notesnook/apps/mobile/ios/build/Catalyst/Build/Products/Release-maccatalyst/NitroModules\"\ \"/Users/ozel0t/Notesnook/notesnook/apps/mobile/ios/build/Catalyst/Build/Products/Release-maccatalyst/RNIap\"\ \"/Users/ozel0t/Notesnook/notesnook/apps/mobile/ios/build/Catalyst/Build/Products/Release-maccatalyst/React-Codegen\"\ \"/Users/ozel0t/Notesnook/notesnook/apps/mobile/ios/build/Catalyst/Build/Products/Release-maccatalyst/SwiftyRSA\"\ \"/Users/ozel0t/Notesnook/notesnook/apps/mobile/ios/build/Catalyst/Build/Products/Release-maccatalyst/callstack-repack\"\ \"/Users/ozel0t/Notesnook/notesnook/apps/mobile/ios/build/Catalyst/Build/Products/Release-maccatalyst/react-native-actions-shortcuts\"\ \"/Users/ozel0t/Notesnook/notesnook/apps/mobile/ios/build/Catalyst/Build/Products/Release-maccatalyst/react-native-document-picker\"\ \"/Users/ozel0t/Notesnook/notesnook/apps/mobile/ios/build/Catalyst/Build/Products/Release-maccatalyst/react-native-in-app-review\"
    export SWIFT_OBJC_BRIDGING_HEADER\=Make\ Note/Make\ Note-Bridging-Header.h
    export SWIFT_PLATFORM_TARGET_PREFIX\=ios
    export SWIFT_RESPONSE_FILE_PATH_normal_arm64\=/Users/ozel0t/Notesnook/notesnook/apps/mobile/ios/build/Catalyst/Build/Intermediates.noindex/Notesnook.build/Release-maccatalyst/Make\ Note.build/Objects-normal/arm64/Make\ Note.SwiftFileList
    export SWIFT_VERSION\=5.0
    export SYMROOT\=/Users/ozel0t/Notesnook/notesnook/apps/mobile/ios/build/Catalyst/Build/Products
    export SYSROOT\=/Applications/Xcode.app/Contents/Developer/Platforms/MacOSX.platform/Developer/SDKs/MacOSX27.0.sdk
    export SYSTEM_ADMIN_APPS_DIR\=/Applications/Utilities
    export SYSTEM_APPS_DIR\=/Applications
    export SYSTEM_CORE_SERVICES_DIR\=/System/Library/CoreServices
    export SYSTEM_DEMOS_DIR\=/Applications/Extras
    export SYSTEM_DEVELOPER_APPS_DIR\=/Applications/Xcode.app/Contents/Developer/Applications
    export SYSTEM_DEVELOPER_BIN_DIR\=/Applications/Xcode.app/Contents/Developer/usr/bin
    export SYSTEM_DEVELOPER_DEMOS_DIR\=/Applications/Xcode.app/Contents/Developer/Applications/Utilities/Built\ Examples
    export SYSTEM_DEVELOPER_DIR\=/Applications/Xcode.app/Contents/Developer
    export SYSTEM_DEVELOPER_DOC_DIR\=/Applications/Xcode.app/Contents/Developer/ADC\ Reference\ Library
    export SYSTEM_DEVELOPER_GRAPHICS_TOOLS_DIR\=/Applications/Xcode.app/Contents/Developer/Applications/Graphics\ Tools
    export SYSTEM_DEVELOPER_JAVA_TOOLS_DIR\=/Applications/Xcode.app/Contents/Developer/Applications/Java\ Tools
    export SYSTEM_DEVELOPER_PERFORMANCE_TOOLS_DIR\=/Applications/Xcode.app/Contents/Developer/Applications/Performance\ Tools
    export SYSTEM_DEVELOPER_RELEASENOTES_DIR\=/Applications/Xcode.app/Contents/Developer/ADC\ Reference\ Library/releasenotes
    export SYSTEM_DEVELOPER_TOOLS\=/Applications/Xcode.app/Contents/Developer/Tools
    export SYSTEM_DEVELOPER_TOOLS_DOC_DIR\=/Applications/Xcode.app/Contents/Developer/ADC\ Reference\ Library/documentation/DeveloperTools
    export SYSTEM_DEVELOPER_TOOLS_RELEASENOTES_DIR\=/Applications/Xcode.app/Contents/Developer/ADC\ Reference\ Library/releasenotes/DeveloperTools
    export SYSTEM_DEVELOPER_USR_DIR\=/Applications/Xcode.app/Contents/Developer/usr
    export SYSTEM_DEVELOPER_UTILITIES_DIR\=/Applications/Xcode.app/Contents/Developer/Applications/Utilities
    export SYSTEM_DEXT_INSTALL_PATH\=/System/Library/DriverExtensions
    export SYSTEM_DOCUMENTATION_DIR\=/Library/Documentation
    export SYSTEM_EXTENSIONS_FOLDER_PATH\=Make\ Note.appex/Contents/Library/SystemExtensions
    export SYSTEM_EXTENSIONS_FOLDER_PATH_SHALLOW_BUNDLE_NO\=Make\ Note.appex/Contents/Library/SystemExtensions
    export SYSTEM_EXTENSIONS_FOLDER_PATH_SHALLOW_BUNDLE_YES\=Make\ Note.appex/Contents/SystemExtensions
    export SYSTEM_FRAMEWORK_SEARCH_PATHS\=\ /Applications/Xcode.app/Contents/Developer/Platforms/MacOSX.platform/Developer/SDKs/MacOSX27.0.sdk/System/iOSSupport/System/Library/Frameworks\ /Applications/Xcode.app/Contents/Developer/Platforms/MacOSX.platform/Developer/SDKs/MacOSX27.0.sdk/System/iOSSupport/System/Library/SubFrameworks\ \ /Applications/Xcode.app/Contents/Developer/Platforms/MacOSX.platform/Developer/SDKs/MacOSX27.0.sdk/System/iOSSupport/System/Library/Frameworks\ /Applications/Xcode.app/Contents/Developer/Platforms/MacOSX.platform/Developer/SDKs/MacOSX27.0.sdk/System/iOSSupport/System/Library/SubFrameworks
    export SYSTEM_HEADER_SEARCH_PATHS\=\ /Applications/Xcode.app/Contents/Developer/Platforms/MacOSX.platform/Developer/SDKs/MacOSX27.0.sdk/System/iOSSupport/usr/include\ \ /Applications/Xcode.app/Contents/Developer/Platforms/MacOSX.platform/Developer/SDKs/MacOSX27.0.sdk/System/iOSSupport/usr/include
    export SYSTEM_KEXT_INSTALL_PATH\=/System/Library/Extensions
    export SYSTEM_LIBRARY_DIR\=/System/Library
    export SYSTEM_PREFIX\=/System/iOSSupport
    export TAPI_DEMANGLE\=YES
    export TAPI_ENABLE_PROJECT_HEADERS\=NO
    export TAPI_LANGUAGE\=objective-c
    export TAPI_LANGUAGE_STANDARD\=compiler-default
    export TAPI_USE_SRCROOT\=YES
    export TAPI_VERIFY_MODE\=Pedantic
    export TARGETED_DEVICE_FAMILY\=1,2,6
    export TARGETNAME\=Make\ Note
    export TARGET_BUILD_DIR\=/Users/ozel0t/Notesnook/notesnook/apps/mobile/ios/build/Catalyst/Build/Products/Release-maccatalyst
    export TARGET_NAME\=Make\ Note
    export TARGET_TEMP_DIR\=/Users/ozel0t/Notesnook/notesnook/apps/mobile/ios/build/Catalyst/Build/Intermediates.noindex/Notesnook.build/Release-maccatalyst/Make\ Note.build
    export TEMP_DIR\=/Users/ozel0t/Notesnook/notesnook/apps/mobile/ios/build/Catalyst/Build/Intermediates.noindex/Notesnook.build/Release-maccatalyst/Make\ Note.build
    export TEMP_FILES_DIR\=/Users/ozel0t/Notesnook/notesnook/apps/mobile/ios/build/Catalyst/Build/Intermediates.noindex/Notesnook.build/Release-maccatalyst/Make\ Note.build
    export TEMP_FILE_DIR\=/Users/ozel0t/Notesnook/notesnook/apps/mobile/ios/build/Catalyst/Build/Intermediates.noindex/Notesnook.build/Release-maccatalyst/Make\ Note.build
    export TEMP_ROOT\=/Users/ozel0t/Notesnook/notesnook/apps/mobile/ios/build/Catalyst/Build/Intermediates.noindex
    export TEMP_SANDBOX_DIR\=/Users/ozel0t/Notesnook/notesnook/apps/mobile/ios/build/Catalyst/Build/Intermediates.noindex/TemporaryTaskSandboxes
    export TEST_FRAMEWORK_SEARCH_PATHS\=\ /Applications/Xcode.app/Contents/Developer/Platforms/MacOSX.platform/Developer/Library/Frameworks
    export TEST_LIBRARY_SEARCH_PATHS\=\ /Applications/Xcode.app/Contents/Developer/Platforms/MacOSX.platform/Developer/usr/lib
    export TOOLCHAINS\=com.apple.dt.toolchain.XcodeDefault
    export TOOLCHAIN_DIR\=/Applications/Xcode.app/Contents/Developer/Toolchains/XcodeDefault.xctoolchain
    export TREAT_MISSING_BASELINES_AS_TEST_FAILURES\=NO
    export TREAT_MISSING_SCRIPT_PHASE_OUTPUTS_AS_ERRORS\=NO
    export TeamIdentifierPrefix\=QXCNJY73A8.
    export UID\=501
    export UNINSTALLED_PRODUCTS_DIR\=/Users/ozel0t/Notesnook/notesnook/apps/mobile/ios/build/Catalyst/Build/Intermediates.noindex/UninstalledProducts
    export UNLOCALIZED_RESOURCES_FOLDER_PATH\=Make\ Note.appex/Contents/Resources
    export UNLOCALIZED_RESOURCES_FOLDER_PATH_SHALLOW_BUNDLE_NO\=Make\ Note.appex/Contents/Resources
    export UNLOCALIZED_RESOURCES_FOLDER_PATH_SHALLOW_BUNDLE_YES\=Make\ Note.appex/Contents
    export UNSTRIPPED_PRODUCT\=NO
    export USER\=ozel0t
    export USER_APPS_DIR\=/Users/ozel0t/Applications
    export USER_HEADER_SEARCH_PATHS\=\"/lexbor/\*\*/\*.\{h\}
    export USER_LIBRARY_DIR\=/Users/ozel0t/Library
    export USE_DYNAMIC_NO_PIC\=YES
    export USE_HEADERMAP\=YES
    export USE_HEADER_SYMLINKS\=NO
    export USE_HERMES\=true
    export USE_RECURSIVE_SCRIPT_INPUTS_IN_SCRIPT_PHASES\=YES
    export VALIDATE_DEVELOPMENT_ASSET_PATHS\=YES_ERROR
    export VALIDATE_PRODUCT\=YES
    export VALID_ARCHS\=arm64\ arm64e\ arm64e.x1\ i386\ x86_64
    export VERBOSE_PBXCP\=NO
    export VERSIONPLIST_PATH\=Make\ Note.appex/Contents/version.plist
    export VERSION_INFO_BUILDER\=ozel0t
    export VERSION_INFO_FILE\=Make\ Note_vers.c
    export VERSION_INFO_STRING\=\"@\(\#\)PROGRAM:Make\ Note\ \ PROJECT:Notesnook-22\"
    export WORKSPACE_DIR\=/Users/ozel0t/Notesnook/notesnook/apps/mobile/ios
    export WRAPPER_EXTENSION\=appex
    export WRAPPER_NAME\=Make\ Note.appex
    export WRAPPER_SUFFIX\=.appex
    export WRAP_ASSET_PACKS_IN_SEPARATE_DIRECTORIES\=NO
    export XCODE_APP_SUPPORT_DIR\=/Applications/Xcode.app/Contents/Developer/Library/Xcode
    export XCODE_PRODUCT_BUILD_VERSION\=27A266a
    export XCODE_VERSION_ACTUAL\=2700
    export XCODE_VERSION_MAJOR\=2700
    export XCODE_VERSION_MINOR\=2700
    export XPCSERVICES_FOLDER_PATH\=Make\ Note.appex/Contents/XPCServices
    export YACC\=yacc
    export _BOOL_\=NO
    export _BOOL_NO\=NO
    export _BOOL_YES\=YES
    export _DISCOVER_COMMAND_LINE_LINKER_INPUTS\=YES
    export _DISCOVER_COMMAND_LINE_LINKER_INPUTS_INCLUDE_WL\=YES
    export _IPHONEOS_DEPLOYMENT_TARGET_IS_EMPTY\=NO
    export _IS_EMPTY_\=YES
    export _LD_MULTIARCH\=YES
    export _SWIFT_EXPLICIT_MODULES_ALLOW_CXX_INTEROP\=YES
    export _WRAPPER_CONTENTS_DIR\=/Contents
    export _WRAPPER_CONTENTS_DIR_SHALLOW_BUNDLE_NO\=/Contents
    export _WRAPPER_PARENT_PATH\=/..
    export _WRAPPER_PARENT_PATH_SHALLOW_BUNDLE_NO\=/..
    export _WRAPPER_RESOURCES_DIR\=/Resources
    export _WRAPPER_RESOURCES_DIR_SHALLOW_BUNDLE_NO\=/Resources
    export __ARCHS__\=arm64
    export __DIAGNOSE_DEPRECATED_ARCHS\=YES
    export __DIAGNOSE_INVALID_DEPLOYMENT_TARGET_AS_ERROR\=YES
    export __IS_NOT_MACOS\=NO
    export __IS_NOT_MACOS_macosx\=NO
    export __ORIGINAL_SDK_DEFINED_LLVM_TARGET_TRIPLE_SYS\=ios
    export arch\=undefined_arch
    export variant\=normal
    /bin/sh -c /Users/ozel0t/Notesnook/notesnook/apps/mobile/ios/build/Catalyst/Build/Intermediates.noindex/Notesnook.build/Release-maccatalyst/Make\\\ Note.build/Script-658D06A625A7446E008C70C0.sh
Node found at: /usr/local/bin/node
+ DEST='/Users/ozel0t/Notesnook/notesnook/apps/mobile/ios/build/Catalyst/Build/Products/Release-maccatalyst/Make Note.appex/Contents/Resources'
+ [[ ! -n '' ]]
+ [[ Release = *Debug* ]]
+ [[ -n '' ]]
+ case "$CONFIGURATION" in
+ DEV=false
+++ dirname /Users/ozel0t/Notesnook/notesnook/apps/mobile/ios/Pods/../../node_modules/react-native/scripts/react-native-xcode.sh
++ cd /Users/ozel0t/Notesnook/notesnook/apps/mobile/ios/Pods/../../node_modules/react-native/scripts/..
++ pwd
+ REACT_NATIVE_DIR=/Users/ozel0t/Notesnook/notesnook/apps/mobile/node_modules/react-native
+ PROJECT_ROOT=/Users/ozel0t/Notesnook/notesnook/apps/mobile/ios/..
+ cd /Users/ozel0t/Notesnook/notesnook/apps/mobile/ios/..
+ [[ -n index.ext.js ]]
+ :
+ source /Users/ozel0t/Notesnook/notesnook/apps/mobile/node_modules/react-native/scripts/node-binary.sh
++ '[' -z /usr/local/bin/node ']'
++ type /usr/local/bin/node
+ HERMES_ENGINE_PATH=/Users/ozel0t/Notesnook/notesnook/apps/mobile/ios/Pods/hermes-engine
+ '[' -z '' ']'
+ HERMES_CLI_PATH=/Users/ozel0t/Notesnook/notesnook/apps/mobile/ios/Pods/hermes-engine/destroot/bin/hermesc
+ [[ true != false ]]
+ [[ -f /Users/ozel0t/Notesnook/notesnook/apps/mobile/ios/Pods/hermes-engine ]]
+ '[' -z '' ']'
+ export NODE_ARGS=
+ NODE_ARGS=
+ '[' -z '' ']'
+ CLI_PATH=/Users/ozel0t/Notesnook/notesnook/apps/mobile/node_modules/react-native/scripts/bundle.js
+ '[' -z '' ']'
+ BUNDLE_COMMAND=bundle
+ '[' -z '' ']'
+ COMPOSE_SOURCEMAP_PATH=/Users/ozel0t/Notesnook/notesnook/apps/mobile/node_modules/react-native/scripts/compose-source-maps.js
+ [[ -z '' ]]
+ CONFIG_ARG=
+ [[ -z '' ]]
+ BUNDLE_NAME=main
+ BUNDLE_FILE=/Users/ozel0t/Notesnook/notesnook/apps/mobile/ios/build/Catalyst/Build/Products/Release-maccatalyst/main.jsbundle
+ EXTRA_ARGS=()
+ case "$PLATFORM_NAME" in
+ BUNDLE_PLATFORM=macos
+ '[' YES = YES ']'
+ BUNDLE_PLATFORM=ios
+ EMIT_SOURCEMAP=
+ [[ ! -z '' ]]
+ PACKAGER_SOURCEMAP_FILE=
+ [[ '' == true ]]
+ [[ true != false ]]
+ [[ false == false ]]
+ EXTRA_ARGS+=("--minify" "false")
+ [[ -n '' ]]
+ [[ -n '' ]]
+ EXTRA_ARGS+=("--config-cmd" "'$NODE_BINARY' $NODE_ARGS '$REACT_NATIVE_DIR/cli.js' config")
+ /usr/local/bin/node /Users/ozel0t/Notesnook/notesnook/apps/mobile/node_modules/react-native/scripts/bundle.js bundle --entry-file index.ext.js --platform ios --dev false --reset-cache --bundle-output /Users/ozel0t/Notesnook/notesnook/apps/mobile/ios/build/Catalyst/Build/Products/Release-maccatalyst/main.jsbundle --assets-dest '/Users/ozel0t/Notesnook/notesnook/apps/mobile/ios/build/Catalyst/Build/Products/Release-maccatalyst/Make Note.appex/Contents/Resources' --minify false --config-cmd ''\''/usr/local/bin/node'\''  '\''/Users/ozel0t/Notesnook/notesnook/apps/mobile/node_modules/react-native/cli.js'\'' config'

                        ▒▒▓▓▓▓▒▒
                     ▒▓▓▓▒▒░░▒▒▓▓▓▒
                  ▒▓▓▓▓░░░▒▒▒▒░░░▓▓▓▓▒
                 ▓▓▒▒▒▓▓▓▓▓▓▓▓▓▓▓▓▒▒▒▓▓
                 ▓▓░░░░░▒▓▓▓▓▓▓▒░░░░░▓▓
                 ▓▓░░▓▓▒░░░▒▒░░░▒▓▒░░▓▓
                 ▓▓░░▓▓▓▓▓▒▒▒▒▓▓▓▓▒░░▓▓
                 ▓▓░░▓▓▓▓▓▓▓▓▓▓▓▓▓▒░░▓▓
                 ▓▓▒░░▒▒▓▓▓▓▓▓▓▓▒░░░▒▓▓
                  ▒▓▓▓▒░░░▒▓▓▒░░░▒▓▓▓▒
                     ▒▓▓▓▒░░░░▒▓▓▓▒
                        ▒▒▓▓▓▓▒▒


 WARN  the transform cache was reset.
                Welcome to Metro v0.83.3
              Fast - Scalable - Integrated


transform[stderr]: [baseline-browser-mapping] The data in this module is over two months old.  To ensure accurate Baseline data, please update: `npm i baseline-browser-mapping@latest -D`
transform[stderr]: [baseline-browser-mapping] The data in this module is over two months old.  To ensure accurate Baseline data, please update: `npm i baseline-browser-mapping@latest -D`
transform[stderr]: [baseline-browser-mapping] The data in this module is over two months old.  To ensure accurate Baseline data, please update: `npm i baseline-browser-mapping@latest -D`
transform[stderr]: [baseline-browser-mapping] The data in this module is over two months old.  To ensure accurate Baseline data, please update: `npm i baseline-browser-mapping@latest -D`
transform[stderr]: [baseline-browser-mapping] The data in this module is over two months old.  To ensure accurate Baseline data, please update: `npm i baseline-browser-mapping@latest -D`
transform[stderr]: [baseline-browser-mapping] The data in this module is over two months old.  To ensure accurate Baseline data, please update: `npm i baseline-browser-mapping@latest -D`
transform[stderr]: [baseline-browser-mapping] The data in this module is over two months old.  To ensure accurate Baseline data, please update: `npm i baseline-browser-mapping@latest -D`
 WARN  Attempted to import the module "/Users/ozel0t/Notesnook/notesnook/apps/mobile/node_modules/@notesnook/intl/dist/locales/$en.json" which is not listed in the "exports" of "/Users/ozel0t/Notesnook/notesnook/packages/intl" under the requested subpath "./dist/locales/$en.json". Falling back to file-based resolution. Consider updating the call site or asking the package maintainer(s) to expose this API.
LOG:Writing bundle output to: /Users/ozel0t/Notesnook/notesnook/apps/mobile/ios/build/Catalyst/Build/Products/Release-maccatalyst/main.jsbundle
LOG:Done writing bundle output
Copying 1 asset files
Done copying assets
+ [[ true == false ]]
+ EXTRA_COMPILER_ARGS=
+ [[ false == true ]]
+ EXTRA_COMPILER_ARGS=-O
+ [[ '' == true ]]
+ /Users/ozel0t/Notesnook/notesnook/apps/mobile/ios/Pods/hermes-engine/destroot/bin/hermesc -emit-binary -max-diagnostic-width=80 -O -out '/Users/ozel0t/Notesnook/notesnook/apps/mobile/ios/build/Catalyst/Build/Products/Release-maccatalyst/Make Note.appex/Contents/Resources/main.jsbundle' /Users/ozel0t/Notesnook/notesnook/apps/mobile/ios/build/Catalyst/Build/Products/Release-maccatalyst/main.jsbundle
/Users/ozel0t/Notesnook/notesnook/apps/mobile/ios/build/Catalyst/Build/Products/Release-maccatalyst/main.jsbundle:1025:49: warning: the variable "reportError" was not declared in anonymous function " 27#"
...alError = "function" === typeof reportError ? reportError : function (erro...
                                   ^~~~~~~~~~~
/Users/ozel0t/Notesnook/notesnook/apps/mobile/ios/build/Catalyst/Build/Products/Release-maccatalyst/main.jsbundle:2302:20: warning: the variable "Promise" was not declared in function "promiseMethodWrapper"
        return new Promise(function (resolve, reject) {
                   ^~~~~~~
/Users/ozel0t/Notesnook/notesnook/apps/mobile/ios/build/Catalyst/Build/Products/Release-maccatalyst/main.jsbundle:2605:23: warning: the variable "DebuggerInternal" was not declared in function "__shouldPauseOnThrow"
        return typeof DebuggerInternal !== 'undefined' && DebuggerInternal.sh...
                      ^~~~~~~~~~~~~~~~
/Users/ozel0t/Notesnook/notesnook/apps/mobile/ios/build/Catalyst/Build/Products/Release-maccatalyst/main.jsbundle:10519:7: warning: the variable "setTimeout" was not declared in function "logUncaughtError"
      setTimeout(function () {
      ^~~~~~~~~~
/Users/ozel0t/Notesnook/notesnook/apps/mobile/ios/build/Catalyst/Build/Products/Release-maccatalyst/main.jsbundle:8581:53: warning: the variable "AbortController" was not declared in anonymous function " 232#"
...ocal = "undefined" !== typeof AbortController ? AbortController : function...
                                 ^~~~~~~~~~~~~~~
/Users/ozel0t/Notesnook/notesnook/apps/mobile/ios/build/Catalyst/Build/Products/Release-maccatalyst/main.jsbundle:13208:31: warning: the variable "nativeFabricUIManager" was not declared in anonymous function " 232#"
  var _nativeFabricUIManage = nativeFabricUIManager,
                              ^~~~~~~~~~~~~~~~~~~~~
/Users/ozel0t/Notesnook/notesnook/apps/mobile/ios/build/Catalyst/Build/Products/Release-maccatalyst/main.jsbundle:13266:21: warning: the variable "clearTimeout" was not declared in anonymous function " 232#"
    cancelTimeout = clearTimeout;
                    ^~~~~~~~~~~~
/Users/ozel0t/Notesnook/notesnook/apps/mobile/ios/build/Catalyst/Build/Products/Release-maccatalyst/main.jsbundle:13287:49: warning: the variable "RN$enableMicrotasksInReact" was not declared in anonymous function " 232#"
... "undefined" !== typeof RN$enableMicrotasksInReact && !!RN$enableMicrotask...
                           ^~~~~~~~~~~~~~~~~~~~~~~~~~
/Users/ozel0t/Notesnook/notesnook/apps/mobile/ios/build/Catalyst/Build/Products/Release-maccatalyst/main.jsbundle:13288:47: warning: the variable "queueMicrotask" was not declared in anonymous function " 232#"
...otask = "function" === typeof queueMicrotask ? queueMicrotask : scheduleTi...
                                 ^~~~~~~~~~~~~~
/Users/ozel0t/Notesnook/notesnook/apps/mobile/ios/build/Catalyst/Build/Products/Release-maccatalyst/main.jsbundle:13339:30: warning: the variable "__REACT_DEVTOOLS_GLOBAL_HOOK__" was not declared in anonymous function " 232#"
  if ("undefined" !== typeof __REACT_DEVTOOLS_GLOBAL_HOOK__) {
                             ^~~~~~~~~~~~~~~~~~~~~~~~~~~~~~
/Users/ozel0t/Notesnook/notesnook/apps/mobile/ios/build/Catalyst/Build/Products/Release-maccatalyst/main.jsbundle:17480:5: warning: the variable "setImmediate" was not declared in function "handleResolved"
    setImmediate(function () {
    ^~~~~~~~~~~~
/Users/ozel0t/Notesnook/notesnook/apps/mobile/ios/build/Catalyst/Build/Products/Release-maccatalyst/main.jsbundle:19505:49: warning: the variable "performance" was not declared in function "__didReceiveIncrementalData"
        var start = XMLHttpRequest._profiling ? performance.now() : undefined;
                                                ^~~~~~~~~~~
/Users/ozel0t/Notesnook/notesnook/apps/mobile/ios/build/Catalyst/Build/Products/Release-maccatalyst/main.jsbundle:21350:24: warning: the variable "FileReader" was not declared in function "readBlobAsArrayBuffer"
      var reader = new FileReader();
                       ^~~~~~~~~~
/Users/ozel0t/Notesnook/notesnook/apps/mobile/ios/build/Catalyst/Build/Products/Release-maccatalyst/main.jsbundle:21401:36: warning: the variable "Blob" was not declared in anonymous function " 576#"
        } else if (support.blob && Blob.prototype.isPrototypeOf(body)) {
                                   ^~~~
/Users/ozel0t/Notesnook/notesnook/apps/mobile/ios/build/Catalyst/Build/Products/Release-maccatalyst/main.jsbundle:21403:40: warning: the variable "FormData" was not declared in anonymous function " 576#"
        } else if (support.formData && FormData.prototype.isPrototypeOf(body)) {
                                       ^~~~~~~~
/Users/ozel0t/Notesnook/notesnook/apps/mobile/ios/build/Catalyst/Build/Products/Release-maccatalyst/main.jsbundle:21405:44: warning: the variable "URLSearchParams" was not declared in anonymous function " 576#"
...e if (support.searchParams && URLSearchParams.prototype.isPrototypeOf(body...
                                 ^~~~~~~~~~~~~~~
/Users/ozel0t/Notesnook/notesnook/apps/mobile/ios/build/Catalyst/Build/Products/Release-maccatalyst/main.jsbundle:21658:23: warning: the variable "XMLHttpRequest" was not declared in anonymous function " 586#"
        var xhr = new XMLHttpRequest();
                      ^~~~~~~~~~~~~~
/Users/ozel0t/Notesnook/notesnook/apps/mobile/ios/build/Catalyst/Build/Products/Release-maccatalyst/main.jsbundle:21203:71: warning: the variable "self" was not declared in anonymous function " 568#"
...undefined' && globalThis || typeof self !== 'undefined' && self ||
                                      ^~~~
/Users/ozel0t/Notesnook/notesnook/apps/mobile/ios/build/Catalyst/Build/Products/Release-maccatalyst/main.jsbundle:25240:37: warning: the variable "MessageChannel" was not declared in anonymous function " 749#"
  };else if ("undefined" !== typeof MessageChannel) {
                                    ^~~~~~~~~~~~~~
/Users/ozel0t/Notesnook/notesnook/apps/mobile/ios/build/Catalyst/Build/Products/Release-maccatalyst/main.jsbundle:25255:62: warning: the variable "nativeRuntimeScheduler" was not declared in anonymous function " 749#"
... = "undefined" !== typeof nativeRuntimeScheduler ? nativeRuntimeScheduler....
                             ^~~~~~~~~~~~~~~~~~~~~~
/Users/ozel0t/Notesnook/notesnook/apps/mobile/ios/build/Catalyst/Build/Products/Release-maccatalyst/main.jsbundle:50083:25: warning: the variable "Intl" was not declared in anonymous function " 1553#"
  Object.defineProperty(Intl, 'Locale', {
                        ^~~~
/Users/ozel0t/Notesnook/notesnook/apps/mobile/ios/build/Catalyst/Build/Products/Release-maccatalyst/main.jsbundle:72912:16: warning: the variable "SharedArrayBuffer" was not declared in function "from 3#"
    if (typeof SharedArrayBuffer !== 'undefined' && (isInstance(value, Shared...
               ^~~~~~~~~~~~~~~~~
/Users/ozel0t/Notesnook/notesnook/apps/mobile/ios/build/Catalyst/Build/Products/Release-maccatalyst/main.jsbundle:75629:35: warning: the variable "atob" was not declared in anonymous function " 1806#"
  var isDebuggingEnabled = typeof atob !== 'undefined' && typeof HermesIntern...
                                  ^~~~
/Users/ozel0t/Notesnook/notesnook/apps/mobile/ios/build/Catalyst/Build/Products/Release-maccatalyst/main.jsbundle:77061:31: warning: the variable "TextEncoder" was not declared in function "Builder"
      this.text_encoder = new TextEncoder();
                              ^~~~~~~~~~~
/Users/ozel0t/Notesnook/notesnook/apps/mobile/ios/build/Catalyst/Build/Products/Release-maccatalyst/main.jsbundle:77672:32: warning: the variable "TextDecoder" was not declared in function "ByteBuffer"
      this.text_decoder_ = new TextDecoder();
                               ^~~~~~~~~~~
/Users/ozel0t/Notesnook/notesnook/apps/mobile/ios/build/Catalyst/Build/Products/Release-maccatalyst/main.jsbundle:124637:14: warning: the variable "navigator" was not declared in function "isAirplaneModeSync"
    return !!navigator.onLine;
             ^~~~~~~~~
/Users/ozel0t/Notesnook/notesnook/apps/mobile/ios/build/Catalyst/Build/Products/Release-maccatalyst/main.jsbundle:125469:40: warning: the variable "__values" was not declared in anonymous function " 2843#"
...turn m ? m.call(o) : (o = typeof __values === "function" ? __values(o) : o...
                                    ^~~~~~~~
/Users/ozel0t/Notesnook/notesnook/apps/mobile/ios/build/Catalyst/Build/Products/Release-maccatalyst/main.jsbundle:126123:17: warning: the variable "URL" was not declared in function "parseInternalLink"
      url = new URL(link);
                ^~~
/Users/ozel0t/Notesnook/notesnook/apps/mobile/ios/build/Catalyst/Build/Products/Release-maccatalyst/main.jsbundle:160700:7: warning: the variable "setInterval" was not declared in function "DatabaseLogWriter"
      setInterval(function () {
      ^~~~~~~~~~~
/Users/ozel0t/Notesnook/notesnook/apps/mobile/ios/build/Catalyst/Build/Products/Release-maccatalyst/main.jsbundle:161566:7: warning: the variable "add32" was not declared in anonymous function " 4020#"
      add32 = function add32(x, y) {
      ^~~~~
/Users/ozel0t/Notesnook/notesnook/apps/mobile/ios/build/Catalyst/Build/Products/Release-maccatalyst/main.jsbundle:162026:12: warning: the variable "IS_DESKTOP_APP" was not declared in function "hasRequire"
    typeof IS_DESKTOP_APP === "undefined" || !IS_DESKTOP_APP);
           ^~~~~~~~~~~~~~
/Users/ozel0t/Notesnook/notesnook/apps/mobile/ios/build/Catalyst/Build/Products/Release-maccatalyst/main.jsbundle:167959:23: warning: the variable "DOMParser" was not declared in function "createPurifyWindow"
      win.DOMParser = DOMParser;
                      ^~~~~~~~~
/Users/ozel0t/Notesnook/notesnook/apps/mobile/ios/build/Catalyst/Build/Products/Release-maccatalyst/main.jsbundle:171016:28: warning: the variable "fetch" was not declared in function "?anon_0_ 289#"
          response = yield fetch(input, Object.assign(Object.assign({}, init), {
                           ^~~~~
/Users/ozel0t/Notesnook/notesnook/apps/mobile/ios/build/Catalyst/Build/Products/Release-maccatalyst/main.jsbundle:173008:9: warning: the property "underline" was set multiple times in the object definition.
        underline: {
        ^~~~~~~~~~~~
/Users/ozel0t/Notesnook/notesnook/apps/mobile/ios/build/Catalyst/Build/Products/Release-maccatalyst/main.jsbundle:172928:9: note: The first definition was here.
        underline: {
        ^~~~~~~~~~~~
/Users/ozel0t/Notesnook/notesnook/apps/mobile/ios/build/Catalyst/Build/Products/Release-maccatalyst/main.jsbundle:174031:11: warning: the variable "alert" was not declared in function "warn 1#"
          alert(msg);
          ^~~~~
/Users/ozel0t/Notesnook/notesnook/apps/mobile/ios/build/Catalyst/Build/Products/Release-maccatalyst/main.jsbundle:180696:25: warning: the variable "Atomics" was not declared in anonymous function " 4570#"
    '%Atomics%': typeof Atomics === 'undefined' ? undefined : Atomics,
                        ^~~~~~~
/Users/ozel0t/Notesnook/notesnook/apps/mobile/ios/build/Catalyst/Build/Products/Release-maccatalyst/main.jsbundle:180711:30: warning: the variable "Float16Array" was not declared in anonymous function " 4570#"
    '%Float16Array%': typeof Float16Array === 'undefined' ? undefined : Float...
                             ^~~~~~~~~~~~
/Users/ozel0t/Notesnook/notesnook/apps/mobile/ios/build/Catalyst/Build/Products/Release-maccatalyst/main.jsbundle:180714:38: warning: the variable "FinalizationRegistry" was not declared in anonymous function " 4570#"
...lizationRegistry%': typeof FinalizationRegistry === 'undefined' ? undefine...
                              ^~~~~~~~~~~~~~~~~~~~
/Users/ozel0t/Notesnook/notesnook/apps/mobile/ios/build/Catalyst/Build/Products/Release-maccatalyst/main.jsbundle:180754:25: warning: the variable "WeakRef" was not declared in anonymous function " 4570#"
    '%WeakRef%': typeof WeakRef === 'undefined' ? undefined : WeakRef,
                        ^~~~~~~
/Users/ozel0t/Notesnook/notesnook/apps/mobile/ios/build/Catalyst/Build/Products/Release-maccatalyst/main.jsbundle:192641:26: warning: the variable "File" was not declared in function "getSizableOrigin"
    if (input instanceof File) return "file";
                         ^~~~
/Users/ozel0t/Notesnook/notesnook/apps/mobile/ios/build/Catalyst/Build/Products/Release-maccatalyst/main.jsbundle:192714:12: warning: the variable "btoa" was not declared in function "uint8ArrayToBase64"
    return btoa(binaryString);
           ^~~~
/Users/ozel0t/Notesnook/notesnook/apps/mobile/ios/build/Catalyst/Build/Products/Release-maccatalyst/main.jsbundle:211514:34: warning: the variable "__webpack_require__" was not declared in function "FetchHttpClient"
...   var requireFunc = typeof __webpack_require__ === "function" ? __non_web...
                               ^~~~~~~~~~~~~~~~~~~
/Users/ozel0t/Notesnook/notesnook/apps/mobile/ios/build/Catalyst/Build/Products/Release-maccatalyst/main.jsbundle:211514:71: warning: the variable "__non_webpack_require__" was not declared in function "FetchHttpClient"
...equire__ === "function" ? __non_webpack_require__ : _$$_REQUIRE;
                             ^~~~~~~~~~~~~~~~~~~~~~~
/Users/ozel0t/Notesnook/notesnook/apps/mobile/ios/build/Catalyst/Build/Products/Release-maccatalyst/main.jsbundle:213497:69: warning: the variable "WebSocket" was not declared in function "HttpConnection"
...ap[4]).Platform.isNode && typeof WebSocket !== "undefined" && !options.Web...
                                    ^~~~~~~~~
/Users/ozel0t/Notesnook/notesnook/apps/mobile/ios/build/Catalyst/Build/Products/Release-maccatalyst/main.jsbundle:213504:69: warning: the variable "EventSource" was not declared in function "HttpConnection"
...p[4]).Platform.isNode && typeof EventSource !== "undefined" && !options.Ev...
                                   ^~~~~~~~~~~
/Users/ozel0t/Notesnook/notesnook/apps/mobile/ios/build/Catalyst/Build/Products/Release-maccatalyst/main.jsbundle:214598:26: warning: the variable "ErrorEvent" was not declared in anonymous function " 6534#"
              if (typeof ErrorEvent !== "undefined" && event instanceof Error...
                         ^~~~~~~~~~
/Users/ozel0t/Notesnook/notesnook/apps/mobile/ios/build/Catalyst/Build/Products/Release-maccatalyst/main.jsbundle:297369:23: warning: the variable "getComputedStyle" was not declared in function "cssVar"
      variableValue = getComputedStyle(document.documentElement).getPropertyV...
                      ^~~~~~~~~~~~~~~~
/Users/ozel0t/Notesnook/notesnook/apps/mobile/ios/build/Catalyst/Build/Products/Release-maccatalyst/main.jsbundle:310593:44: warning: the variable "dbName" was not declared in function "?anon_0_ 848#"
            yield QuickSQLite.executeAsync(dbName, 'BEGIN TRANSACTION');
                                           ^~~~~~
/Users/ozel0t/Notesnook/notesnook/apps/mobile/ios/build/Catalyst/Build/Products/Release-maccatalyst/main.jsbundle:310594:19: warning: the variable "fn" was not declared in function "?anon_0_ 848#"
            yield fn({
                  ^~
/Users/ozel0t/Notesnook/notesnook/apps/mobile/ios/build/Catalyst/Build/Products/Release-maccatalyst/main.jsbundle:315013:9: warning: the variable "cancelAnimationFrame" was not declared in function "set current"
        cancelAnimationFrame(frameRef.current);
        ^~~~~~~~~~~~~~~~~~~~
/Users/ozel0t/Notesnook/notesnook/apps/mobile/ios/build/Catalyst/Build/Products/Release-maccatalyst/main.jsbundle:318657:9: warning: the variable "clearInterval" was not declared in anonymous function " 9599#"
        clearInterval(reset);
        ^~~~~~~~~~~~~
/Users/ozel0t/Notesnook/notesnook/apps/mobile/ios/build/Catalyst/Build/Products/Release-maccatalyst/main.jsbundle:324078:18: warning: the variable "localStorage" was not declared in function "getStorage 1#"
          return localStorage;
                 ^~~~~~~~~~~~
/Users/ozel0t/Notesnook/notesnook/apps/mobile/ios/build/Catalyst/Build/Products/Release-maccatalyst/main.jsbundle:335185:9: warning: the variable "REACT_NAVIGATION_DEVTOOLS" was not declared in anonymous function " 10489#"
        REACT_NAVIGATION_DEVTOOLS.set(refContainer.current, {
        ^~~~~~~~~~~~~~~~~~~~~~~~~
+ [[ '' == true ]]
+ BUNDLE_FILE='/Users/ozel0t/Notesnook/notesnook/apps/mobile/ios/build/Catalyst/Build/Products/Release-maccatalyst/Make Note.appex/Contents/Resources/main.jsbundle'
+ [[ false != true ]]
+ [[ ! -f /Users/ozel0t/Notesnook/notesnook/apps/mobile/ios/build/Catalyst/Build/Products/Release-maccatalyst/Make Note.appex/Contents/Resources/main.jsbundle ]]

ExtractAppIntentsMetadata (in target 'Make Note' from project 'Notesnook')
    cd /Users/ozel0t/Notesnook/notesnook/apps/mobile/ios
    /Applications/Xcode.app/Contents/Developer/Toolchains/XcodeDefault.xctoolchain/usr/bin/appintentsmetadataprocessor --toolchain-dir /Applications/Xcode.app/Contents/Developer/Toolchains/XcodeDefault.xctoolchain --module-name Make_Note --sdk-root /Applications/Xcode.app/Contents/Developer/Platforms/MacOSX.platform/Developer/SDKs/MacOSX27.0.sdk --xcode-version 27A266a --platform-family macOS --deployment-target 12.5 --bundle-identifier com.ozel0t.note.notesnookpencil.mac.share --output /Users/ozel0t/Notesnook/notesnook/apps/mobile/ios/build/Catalyst/Build/Products/Release-maccatalyst/Make\ Note.appex/Contents/Resources --target-triple arm64-apple-ios15.6-macabi --binary-file /Users/ozel0t/Notesnook/notesnook/apps/mobile/ios/build/Catalyst/Build/Products/Release-maccatalyst/Make\ Note.appex/Contents/MacOS/Make\ Note --dependency-file /Users/ozel0t/Notesnook/notesnook/apps/mobile/ios/build/Catalyst/Build/Intermediates.noindex/Notesnook.build/Release-maccatalyst/Make\ Note.build/Objects-normal/arm64/Make\ Note_dependency_info.dat --stringsdata-file /Users/ozel0t/Notesnook/notesnook/apps/mobile/ios/build/Catalyst/Build/Intermediates.noindex/Notesnook.build/Release-maccatalyst/Make\ Note.build/Objects-normal/arm64/ExtractedAppShortcutsMetadata.stringsdata --source-file-list /Users/ozel0t/Notesnook/notesnook/apps/mobile/ios/build/Catalyst/Build/Intermediates.noindex/Notesnook.build/Release-maccatalyst/Make\ Note.build/Objects-normal/arm64/Make\ Note.SwiftFileList --metadata-file-list /Users/ozel0t/Notesnook/notesnook/apps/mobile/ios/build/Catalyst/Build/Intermediates.noindex/Notesnook.build/Release-maccatalyst/Make\ Note.build/Make\ Note.DependencyMetadataFileList --static-metadata-file-list /Users/ozel0t/Notesnook/notesnook/apps/mobile/ios/build/Catalyst/Build/Intermediates.noindex/Notesnook.build/Release-maccatalyst/Make\ Note.build/Make\ Note.DependencyStaticMetadataFileList --swift-const-vals-list /Users/ozel0t/Notesnook/notesnook/apps/mobile/ios/build/Catalyst/Build/Intermediates.noindex/Notesnook.build/Release-maccatalyst/Make\ Note.build/Objects-normal/arm64/Make\ Note.SwiftConstValuesFileList --compile-time-extraction --deployment-aware-processing --no-app-shortcuts-localization
2026-10-01 11:42:58.343 appintentsmetadataprocessor[28047:2535622] Starting appintentsmetadataprocessor export
2026-10-01 11:42:58.359 appintentsmetadataprocessor[28047:2535622] warning: Metadata extraction skipped, no AppIntents.framework dependency found

GenerateDSYMFile /Users/ozel0t/Notesnook/notesnook/apps/mobile/ios/build/Catalyst/Build/Products/Release-maccatalyst/Make\ Note.appex.dSYM /Users/ozel0t/Notesnook/notesnook/apps/mobile/ios/build/Catalyst/Build/Products/Release-maccatalyst/Make\ Note.appex/Contents/MacOS/Make\ Note (in target 'Make Note' from project 'Notesnook')
    cd /Users/ozel0t/Notesnook/notesnook/apps/mobile/ios
    export PATH\=/Applications/Xcode.app/Contents/SharedFrameworks/SwiftBuild.framework/Versions/A/PlugIns/SWBBuildService.bundle/Contents/PlugIns/SWBUniversalPlatformPlugin.bundle/Contents/Frameworks/SWBUniversalPlatform.framework/Resources:/Applications/Xcode.app/Contents/Developer/Toolchains/XcodeDefault.xctoolchain/usr/bin:/Applications/Xcode.app/Contents/Developer/Toolchains/XcodeDefault.xctoolchain/usr/local/bin:/Applications/Xcode.app/Contents/Developer/Toolchains/XcodeDefault.xctoolchain/usr/libexec:/Applications/Xcode.app/Contents/Developer/Platforms/MacOSX.platform/usr/bin:/Applications/Xcode.app/Contents/Developer/Platforms/MacOSX.platform/usr/local/bin:/Applications/Xcode.app/Contents/Developer/Platforms/MacOSX.platform/Developer/usr/bin:/Applications/Xcode.app/Contents/Developer/Platforms/MacOSX.platform/Developer/usr/local/bin:/Applications/Xcode.app/Contents/Developer/usr/bin:/Applications/Xcode.app/Contents/Developer/usr/local/bin:/Users/ozel0t/.local/share/flutter/3.47.2/bin:/opt/homebrew/bin:/opt/homebrew/sbin:/usr/local/bin:/System/Cryptexes/App/usr/bin:/usr/bin:/bin:/usr/sbin:/sbin:/var/run/com.apple.security.cryptexd/codex.system/bootstrap/usr/local/bin:/var/run/com.apple.security.cryptexd/codex.system/bootstrap/usr/bin:/var/run/com.apple.security.cryptexd/codex.system/bootstrap/usr/appleinternal/bin:/pkg/env/global/bin:/Library/Apple/usr/bin:/Users/ozel0t/.cargo/bin:/Users/ozel0t/.nvm/versions/node/v24.15.0/bin:/Users/ozel0t/Library/pnpm:/Users/ozel0t/.local/bin
    /Applications/Xcode.app/Contents/Developer/Toolchains/XcodeDefault.xctoolchain/usr/bin/dsymutil /Users/ozel0t/Notesnook/notesnook/apps/mobile/ios/build/Catalyst/Build/Products/Release-maccatalyst/Make\ Note.appex/Contents/MacOS/Make\ Note -o /Users/ozel0t/Notesnook/notesnook/apps/mobile/ios/build/Catalyst/Build/Products/Release-maccatalyst/Make\ Note.appex.dSYM

CodeSign /Users/ozel0t/Notesnook/notesnook/apps/mobile/ios/build/Catalyst/Build/Products/Release-maccatalyst/Make\ Note.appex (in target 'Make Note' from project 'Notesnook')
    cd /Users/ozel0t/Notesnook/notesnook/apps/mobile/ios
    
    Signing Identity:     "Apple Development: MN GTNNAT (HNH83964F5)"
    Provisioning Profile: "Mac Catalyst Team Provisioning Profile: *"
                          (56abc356-284f-40a8-b7de-33cf28125a98)
    
    /usr/bin/codesign --force --sign 58A4018F522DC35ABA84C6632EBE4EF282045584 -o runtime --entitlements /Users/ozel0t/Notesnook/notesnook/apps/mobile/ios/build/Catalyst/Build/Intermediates.noindex/Notesnook.build/Release-maccatalyst/Make\ Note.build/Make\ Note.appex.xcent --timestamp\=none --generate-entitlement-der /Users/ozel0t/Notesnook/notesnook/apps/mobile/ios/build/Catalyst/Build/Products/Release-maccatalyst/Make\ Note.appex

note: Run script build phase 'Prune App Group Info.plist keys (Mac Catalyst)' will be run during every build because the option to run the script phase "Based on dependency analysis" is unchecked. (in target 'Notesnook' from project 'Notesnook')
warning: Run script build phase 'Bundle React Native code and images' will be run during every build because it does not specify any outputs. To address this issue, either add output dependencies to the script phase, or configure it to run in every build by unchecking "Based on dependency analysis" in the script phase. (in target 'Notesnook' from project 'Notesnook')
ScanDependencies /Users/ozel0t/Notesnook/notesnook/apps/mobile/ios/build/Catalyst/Build/Intermediates.noindex/Notesnook.build/Release-maccatalyst/Notesnook.build/Objects-normal/arm64/VeyraNMacMenu.o /Users/ozel0t/Notesnook/notesnook/apps/mobile/ios/Notesnook/MacMenu/VeyraNMacMenu.m normal arm64 objective-c com.apple.compilers.llvm.clang.1_0.compiler (in target 'Notesnook' from project 'Notesnook')
    cd /Users/ozel0t/Notesnook/notesnook/apps/mobile/ios
    
    Using response file: /Users/ozel0t/Notesnook/notesnook/apps/mobile/ios/build/Catalyst/Build/Intermediates.noindex/Notesnook.build/Release-maccatalyst/Notesnook.build/Objects-normal/arm64/e6072d4f65d7061329687fe24e3d63a7-common-args.resp
    
    builtin-ScanDependencies -o /Users/ozel0t/Notesnook/notesnook/apps/mobile/ios/build/Catalyst/Build/Intermediates.noindex/Notesnook.build/Release-maccatalyst/Notesnook.build/Objects-normal/arm64/VeyraNMacMenu.o.scan -- /Applications/Xcode.app/Contents/Developer/Toolchains/XcodeDefault.xctoolchain/usr/bin/clang -x objective-c -ivfsstatcache /Users/ozel0t/Notesnook/notesnook/apps/mobile/ios/build/Catalyst/SDKStatCaches.noindex/macosx27.0-26A425-7231f6df4def33e022ae2eb8f782df1a.sdkstatcache -target arm64-apple-ios15.6-macabi -fmessage-length\=0 -fdiagnostics-show-note-include-stack -fmacro-backtrace-limit\=0 -fno-color-diagnostics -fmodules-prune-interval\=86400 -fmodules-prune-after\=345600 -fbuild-session-file\=/Users/ozel0t/Notesnook/notesnook/apps/mobile/ios/build/Catalyst/ModuleCache.noindex/Session.modulevalidation -fmodules-validate-once-per-build-session -Wnon-modular-include-in-framework-module -Werror\=non-modular-include-in-framework-module -Wno-trigraphs -Wno-missing-field-initializers -Wno-missing-prototypes -Werror\=return-type -Wunreachable-code -Wno-implicit-atomic-properties -Werror\=deprecated-objc-isa-usage -Wno-objc-interface-ivars -Werror\=objc-root-class -Wno-arc-repeated-use-of-weak -Wimplicit-retain-self -Wduplicate-method-match -Wno-missing-braces -Wparentheses -Wswitch -Wunused-function -Wno-unused-label -Wno-unused-parameter -Wunused-variable -Wunused-value -Wempty-body -Wuninitialized -Wconditional-uninitialized -Wno-unknown-pragmas -Wno-shadow -Wno-four-char-constants -Wno-conversion -Wconstant-conversion -Wint-conversion -Wbool-conversion -Wenum-conversion -Wno-float-conversion -Wnon-literal-null-conversion -Wobjc-literal-conversion -Wshorten-64-to-32 -Wpointer-sign -Wno-newline-eof -Wno-selector -Wno-strict-selector-match -Wundeclared-selector -Wdeprecated-implementations -Wno-implicit-fallthrough -isysroot /Applications/Xcode.app/Contents/Developer/Platforms/MacOSX.platform/Developer/SDKs/MacOSX27.0.sdk -fstrict-aliasing -Wprotocol -Wdeprecated-declarations -Wno-sign-conversion -Winfinite-recursion -Wcomma -Wblock-capture-autoreleasing -Wstrict-prototypes -Wno-semicolon-before-method-body @/Users/ozel0t/Notesnook/notesnook/apps/mobile/ios/build/Catalyst/Build/Intermediates.noindex/Notesnook.build/Release-maccatalyst/Notesnook.build/Objects-normal/arm64/e6072d4f65d7061329687fe24e3d63a7-common-args.resp -MMD -MT dependencies -MF /Users/ozel0t/Notesnook/notesnook/apps/mobile/ios/build/Catalyst/Build/Intermediates.noindex/Notesnook.build/Release-maccatalyst/Notesnook.build/Objects-normal/arm64/VeyraNMacMenu.d --serialize-diagnostics /Users/ozel0t/Notesnook/notesnook/apps/mobile/ios/build/Catalyst/Build/Intermediates.noindex/Notesnook.build/Release-maccatalyst/Notesnook.build/Objects-normal/arm64/VeyraNMacMenu.dia -c /Users/ozel0t/Notesnook/notesnook/apps/mobile/ios/Notesnook/MacMenu/VeyraNMacMenu.m -o /Users/ozel0t/Notesnook/notesnook/apps/mobile/ios/build/Catalyst/Build/Intermediates.noindex/Notesnook.build/Release-maccatalyst/Notesnook.build/Objects-normal/arm64/VeyraNMacMenu.o

CompileC /Users/ozel0t/Notesnook/notesnook/apps/mobile/ios/build/Catalyst/Build/Intermediates.noindex/Notesnook.build/Release-maccatalyst/Notesnook.build/Objects-normal/arm64/VeyraNMacMenu.o /Users/ozel0t/Notesnook/notesnook/apps/mobile/ios/Notesnook/MacMenu/VeyraNMacMenu.m normal arm64 objective-c com.apple.compilers.llvm.clang.1_0.compiler (in target 'Notesnook' from project 'Notesnook')
    cd /Users/ozel0t/Notesnook/notesnook/apps/mobile/ios
    
    Using response file: /Users/ozel0t/Notesnook/notesnook/apps/mobile/ios/build/Catalyst/Build/Intermediates.noindex/Notesnook.build/Release-maccatalyst/Notesnook.build/Objects-normal/arm64/e6072d4f65d7061329687fe24e3d63a7-common-args.resp
    
    /Applications/Xcode.app/Contents/Developer/Toolchains/XcodeDefault.xctoolchain/usr/bin/clang -x objective-c -ivfsstatcache /Users/ozel0t/Notesnook/notesnook/apps/mobile/ios/build/Catalyst/SDKStatCaches.noindex/macosx27.0-26A425-7231f6df4def33e022ae2eb8f782df1a.sdkstatcache -target arm64-apple-ios15.6-macabi -fmessage-length\=0 -fdiagnostics-show-note-include-stack -fmacro-backtrace-limit\=0 -fno-color-diagnostics -fmodules-prune-interval\=86400 -fmodules-prune-after\=345600 -fbuild-session-file\=/Users/ozel0t/Notesnook/notesnook/apps/mobile/ios/build/Catalyst/ModuleCache.noindex/Session.modulevalidation -fmodules-validate-once-per-build-session -Wnon-modular-include-in-framework-module -Werror\=non-modular-include-in-framework-module -Wno-trigraphs -Wno-missing-field-initializers -Wno-missing-prototypes -Werror\=return-type -Wunreachable-code -Wno-implicit-atomic-properties -Werror\=deprecated-objc-isa-usage -Wno-objc-interface-ivars -Werror\=objc-root-class -Wno-arc-repeated-use-of-weak -Wimplicit-retain-self -Wduplicate-method-match -Wno-missing-braces -Wparentheses -Wswitch -Wunused-function -Wno-unused-label -Wno-unused-parameter -Wunused-variable -Wunused-value -Wempty-body -Wuninitialized -Wconditional-uninitialized -Wno-unknown-pragmas -Wno-shadow -Wno-four-char-constants -Wno-conversion -Wconstant-conversion -Wint-conversion -Wbool-conversion -Wenum-conversion -Wno-float-conversion -Wnon-literal-null-conversion -Wobjc-literal-conversion -Wshorten-64-to-32 -Wpointer-sign -Wno-newline-eof -Wno-selector -Wno-strict-selector-match -Wundeclared-selector -Wdeprecated-implementations -Wno-implicit-fallthrough -isysroot /Applications/Xcode.app/Contents/Developer/Platforms/MacOSX.platform/Developer/SDKs/MacOSX27.0.sdk -fstrict-aliasing -Wprotocol -Wdeprecated-declarations -Wno-sign-conversion -Winfinite-recursion -Wcomma -Wblock-capture-autoreleasing -Wstrict-prototypes -Wno-semicolon-before-method-body @/Users/ozel0t/Notesnook/notesnook/apps/mobile/ios/build/Catalyst/Build/Intermediates.noindex/Notesnook.build/Release-maccatalyst/Notesnook.build/Objects-normal/arm64/e6072d4f65d7061329687fe24e3d63a7-common-args.resp -MMD -MT dependencies -MF /Users/ozel0t/Notesnook/notesnook/apps/mobile/ios/build/Catalyst/Build/Intermediates.noindex/Notesnook.build/Release-maccatalyst/Notesnook.build/Objects-normal/arm64/VeyraNMacMenu.d --serialize-diagnostics /Users/ozel0t/Notesnook/notesnook/apps/mobile/ios/build/Catalyst/Build/Intermediates.noindex/Notesnook.build/Release-maccatalyst/Notesnook.build/Objects-normal/arm64/VeyraNMacMenu.dia -c /Users/ozel0t/Notesnook/notesnook/apps/mobile/ios/Notesnook/MacMenu/VeyraNMacMenu.m -o /Users/ozel0t/Notesnook/notesnook/apps/mobile/ios/build/Catalyst/Build/Intermediates.noindex/Notesnook.build/Release-maccatalyst/Notesnook.build/Objects-normal/arm64/VeyraNMacMenu.o

Ld /Users/ozel0t/Notesnook/notesnook/apps/mobile/ios/build/Catalyst/Build/Products/Release-maccatalyst/Notesnook.app/Contents/MacOS/Notesnook normal (in target 'Notesnook' from project 'Notesnook')
    cd /Users/ozel0t/Notesnook/notesnook/apps/mobile/ios
    /Applications/Xcode.app/Contents/Developer/Toolchains/XcodeDefault.xctoolchain/usr/bin/clang++ -Xlinker -reproducible -target arm64-apple-ios15.6-macabi -isysroot /Applications/Xcode.app/Contents/Developer/Platforms/MacOSX.platform/Developer/SDKs/MacOSX27.0.sdk -Os -Xlinker -no_warn_duplicate_libraries -L/Users/ozel0t/Notesnook/notesnook/apps/mobile/ios/build/Catalyst/Build/Intermediates.noindex/EagerLinkingTBDs/Release-maccatalyst -L/Users/ozel0t/Notesnook/notesnook/apps/mobile/ios/build/Catalyst/Build/Products/Release-maccatalyst -L/Applications/Xcode.app/Contents/Developer/Platforms/MacOSX.platform/Developer/SDKs/MacOSX27.0.sdk/usr/lib/swift -L/Applications/Xcode.app/Contents/Developer/Platforms/MacOSX.platform/Developer/SDKs/MacOSX27.0.sdk/System/iOSSupport/usr/lib/swift -L/Applications/Xcode.app/Contents/Developer/Platforms/MacOSX.platform/Developer/SDKs/MacOSX27.0.sdk/usr/lib/swift -L/Applications/Xcode.app/Contents/Developer/Toolchains/XcodeDefault.xctoolchain/usr/lib/swift/macosx -L/Applications/Xcode.app/Contents/Developer/Toolchains/XcodeDefault.xctoolchain/usr/lib/swift-5.2/macosx -L\ /Applications/Xcode.app/Contents/Developer/Platforms/MacOSX.platform/Developer/SDKs/MacOSX27.0.sdk/System/iOSSupport/usr/lib\ /Applications/Xcode.app/Contents/Developer/Toolchains/XcodeDefault.xctoolchain/usr/lib/swift/maccatalyst -L/Users/ozel0t/Notesnook/notesnook/apps/mobile/ios/build/Catalyst/Build/Products/Release-maccatalyst/BEMCheckBox -L/Users/ozel0t/Notesnook/notesnook/apps/mobile/ios/build/Catalyst/Build/Products/Release-maccatalyst/Base64 -L/Users/ozel0t/Notesnook/notesnook/apps/mobile/ios/build/Catalyst/Build/Products/Release-maccatalyst/DoubleConversion -L/Users/ozel0t/Notesnook/notesnook/apps/mobile/ios/build/Catalyst/Build/Products/Release-maccatalyst/GZIP -L/Users/ozel0t/Notesnook/notesnook/apps/mobile/ios/build/Catalyst/Build/Products/Release-maccatalyst/JWTDecode -L/Users/ozel0t/Notesnook/notesnook/apps/mobile/ios/build/Catalyst/Build/Products/Release-maccatalyst/MMKV -L/Users/ozel0t/Notesnook/notesnook/apps/mobile/ios/build/Catalyst/Build/Products/Release-maccatalyst/MMKVCore -L/Users/ozel0t/Notesnook/notesnook/apps/mobile/ios/build/Catalyst/Build/Products/Release-maccatalyst/NitroCloudUploader -L/Users/ozel0t/Notesnook/notesnook/apps/mobile/ios/build/Catalyst/Build/Products/Release-maccatalyst/NitroModules -L/Users/ozel0t/Notesnook/notesnook/apps/mobile/ios/build/Catalyst/Build/Products/Release-maccatalyst/RCT-Folly -L/Users/ozel0t/Notesnook/notesnook/apps/mobile/ios/build/Catalyst/Build/Products/Release-maccatalyst/RCTDeprecation -L/Users/ozel0t/Notesnook/notesnook/apps/mobile/ios/build/Catalyst/Build/Products/Release-maccatalyst/RCTTypeSafety -L/Users/ozel0t/Notesnook/notesnook/apps/mobile/ios/build/Catalyst/Build/Products/Release-maccatalyst/RNBackgroundFetch -L/Users/ozel0t/Notesnook/notesnook/apps/mobile/ios/build/Catalyst/Build/Products/Release-maccatalyst/RNBootSplash -L/Users/ozel0t/Notesnook/notesnook/apps/mobile/ios/build/Catalyst/Build/Products/Release-maccatalyst/RNCCheckbox -L/Users/ozel0t/Notesnook/notesnook/apps/mobile/ios/build/Catalyst/Build/Products/Release-maccatalyst/RNCClipboard -L/Users/ozel0t/Notesnook/notesnook/apps/mobile/ios/build/Catalyst/Build/Products/Release-maccatalyst/RNCMaskedView -L/Users/ozel0t/Notesnook/notesnook/apps/mobile/ios/build/Catalyst/Build/Products/Release-maccatalyst/RNDateTimePicker -L/Users/ozel0t/Notesnook/notesnook/apps/mobile/ios/build/Catalyst/Build/Products/Release-maccatalyst/RNDeviceInfo -L/Users/ozel0t/Notesnook/notesnook/apps/mobile/ios/build/Catalyst/Build/Products/Release-maccatalyst/RNExitApp -L/Users/ozel0t/Notesnook/notesnook/apps/mobile/ios/build/Catalyst/Build/Products/Release-maccatalyst/RNFileViewer -L/Users/ozel0t/Notesnook/notesnook/apps/mobile/ios/build/Catalyst/Build/Products/Release-maccatalyst/RNGestureHandler -L/Users/ozel0t/Notesnook/notesnook/apps/mobile/ios/build/Catalyst/Build/Products/Release-maccatalyst/RNIap -L/Users/ozel0t/Notesnook/notesnook/apps/mobile/ios/build/Catalyst/Build/Products/Release-maccatalyst/RNImageCropPicker -L/Users/ozel0t/Notesnook/notesnook/apps/mobile/ios/build/Catalyst/Build/Products/Release-maccatalyst/RNKeychain -L/Users/ozel0t/Notesnook/notesnook/apps/mobile/ios/build/Catalyst/Build/Products/Release-maccatalyst/RNNotifee -L/Users/ozel0t/Notesnook/notesnook/apps/mobile/ios/build/Catalyst/Build/Products/Release-maccatalyst/RNReanimated -L/Users/ozel0t/Notesnook/notesnook/apps/mobile/ios/build/Catalyst/Build/Products/Release-maccatalyst/RNSVG -L/Users/ozel0t/Notesnook/notesnook/apps/mobile/ios/build/Catalyst/Build/Products/Release-maccatalyst/RNScreens -L/Users/ozel0t/Notesnook/notesnook/apps/mobile/ios/build/Catalyst/Build/Products/Release-maccatalyst/RNSecureRandom -L/Users/ozel0t/Notesnook/notesnook/apps/mobile/ios/build/Catalyst/Build/Products/Release-maccatalyst/RNShare -L/Users/ozel0t/Notesnook/notesnook/apps/mobile/ios/build/Catalyst/Build/Products/Release-maccatalyst/RNTooltips -L/Users/ozel0t/Notesnook/notesnook/apps/mobile/ios/build/Catalyst/Build/Products/Release-maccatalyst/RNWorklets -L/Users/ozel0t/Notesnook/notesnook/apps/mobile/ios/build/Catalyst/Build/Products/Release-maccatalyst/RNZipArchive -L/Users/ozel0t/Notesnook/notesnook/apps/mobile/ios/build/Catalyst/Build/Products/Release-maccatalyst/React-Codegen -L/Users/ozel0t/Notesnook/notesnook/apps/mobile/ios/build/Catalyst/Build/Products/Release-maccatalyst/React-Core -L/Users/ozel0t/Notesnook/notesnook/apps/mobile/ios/build/Catalyst/Build/Products/Release-maccatalyst/React-CoreModules -L/Users/ozel0t/Notesnook/notesnook/apps/mobile/ios/build/Catalyst/Build/Products/Release-maccatalyst/React-Fabric -L/Users/ozel0t/Notesnook/notesnook/apps/mobile/ios/build/Catalyst/Build/Products/Release-maccatalyst/React-FabricComponents -L/Users/ozel0t/Notesnook/notesnook/apps/mobile/ios/build/Catalyst/Build/Products/Release-maccatalyst/React-FabricImage -L/Users/ozel0t/Notesnook/notesnook/apps/mobile/ios/build/Catalyst/Build/Products/Release-maccatalyst/React-ImageManager -L/Users/ozel0t/Notesnook/notesnook/apps/mobile/ios/build/Catalyst/Build/Products/Release-maccatalyst/React-Mapbuffer -L/Users/ozel0t/Notesnook/notesnook/apps/mobile/ios/build/Catalyst/Build/Products/Release-maccatalyst/React-NativeModulesApple -L/Users/ozel0t/Notesnook/notesnook/apps/mobile/ios/build/Catalyst/Build/Products/Release-maccatalyst/React-RCTAnimation -L/Users/ozel0t/Notesnook/notesnook/apps/mobile/ios/build/Catalyst/Build/Products/Release-maccatalyst/React-RCTAppDelegate -L/Users/ozel0t/Notesnook/notesnook/apps/mobile/ios/build/Catalyst/Build/Products/Release-maccatalyst/React-RCTBlob -L/Users/ozel0t/Notesnook/notesnook/apps/mobile/ios/build/Catalyst/Build/Products/Release-maccatalyst/React-RCTFBReactNativeSpec -L/Users/ozel0t/Notesnook/notesnook/apps/mobile/ios/build/Catalyst/Build/Products/Release-maccatalyst/React-RCTFabric -L/Users/ozel0t/Notesnook/notesnook/apps/mobile/ios/build/Catalyst/Build/Products/Release-maccatalyst/React-RCTImage -L/Users/ozel0t/Notesnook/notesnook/apps/mobile/ios/build/Catalyst/Build/Products/Release-maccatalyst/React-RCTLinking -L/Users/ozel0t/Notesnook/notesnook/apps/mobile/ios/build/Catalyst/Build/Products/Release-maccatalyst/React-RCTNetwork -L/Users/ozel0t/Notesnook/notesnook/apps/mobile/ios/build/Catalyst/Build/Products/Release-maccatalyst/React-RCTRuntime -L/Users/ozel0t/Notesnook/notesnook/apps/mobile/ios/build/Catalyst/Build/Products/Release-maccatalyst/React-RCTSettings -L/Users/ozel0t/Notesnook/notesnook/apps/mobile/ios/build/Catalyst/Build/Products/Release-maccatalyst/React-RCTText -L/Users/ozel0t/Notesnook/notesnook/apps/mobile/ios/build/Catalyst/Build/Products/Release-maccatalyst/React-RCTVibration -L/Users/ozel0t/Notesnook/notesnook/apps/mobile/ios/build/Catalyst/Build/Products/Release-maccatalyst/React-RuntimeApple -L/Users/ozel0t/Notesnook/notesnook/apps/mobile/ios/build/Catalyst/Build/Products/Release-maccatalyst/React-RuntimeCore -L/Users/ozel0t/Notesnook/notesnook/apps/mobile/ios/build/Catalyst/Build/Products/Release-maccatalyst/React-RuntimeHermes -L/Users/ozel0t/Notesnook/notesnook/apps/mobile/ios/build/Catalyst/Build/Products/Release-maccatalyst/React-cxxreact -L/Users/ozel0t/Notesnook/notesnook/apps/mobile/ios/build/Catalyst/Build/Products/Release-maccatalyst/React-debug -L/Users/ozel0t/Notesnook/notesnook/apps/mobile/ios/build/Catalyst/Build/Products/Release-maccatalyst/React-defaultsnativemodule -L/Users/ozel0t/Notesnook/notesnook/apps/mobile/ios/build/Catalyst/Build/Products/Release-maccatalyst/React-domnativemodule -L/Users/ozel0t/Notesnook/notesnook/apps/mobile/ios/build/Catalyst/Build/Products/Release-maccatalyst/React-featureflags -L/Users/ozel0t/Notesnook/notesnook/apps/mobile/ios/build/Catalyst/Build/Products/Release-maccatalyst/React-featureflagsnativemodule -L/Users/ozel0t/Notesnook/notesnook/apps/mobile/ios/build/Catalyst/Build/Products/Release-maccatalyst/React-graphics -L/Users/ozel0t/Notesnook/notesnook/apps/mobile/ios/build/Catalyst/Build/Products/Release-maccatalyst/React-hermes -L/Users/ozel0t/Notesnook/notesnook/apps/mobile/ios/build/Catalyst/Build/Products/Release-maccatalyst/React-idlecallbacksnativemodule -L/Users/ozel0t/Notesnook/notesnook/apps/mobile/ios/build/Catalyst/Build/Products/Release-maccatalyst/React-jserrorhandler -L/Users/ozel0t/Notesnook/notesnook/apps/mobile/ios/build/Catalyst/Build/Products/Release-maccatalyst/React-jsi -L/Users/ozel0t/Notesnook/notesnook/apps/mobile/ios/build/Catalyst/Build/Products/Release-maccatalyst/React-jsiexecutor -L/Users/ozel0t/Notesnook/notesnook/apps/mobile/ios/build/Catalyst/Build/Products/Release-maccatalyst/React-jsinspector -L/Users/ozel0t/Notesnook/notesnook/apps/mobile/ios/build/Catalyst/Build/Products/Release-maccatalyst/React-jsinspectorcdp -L/Users/ozel0t/Notesnook/notesnook/apps/mobile/ios/build/Catalyst/Build/Products/Release-maccatalyst/React-jsinspectornetwork -L/Users/ozel0t/Notesnook/notesnook/apps/mobile/ios/build/Catalyst/Build/Products/Release-maccatalyst/React-jsinspectortracing -L/Users/ozel0t/Notesnook/notesnook/apps/mobile/ios/build/Catalyst/Build/Products/Release-maccatalyst/React-jsitooling -L/Users/ozel0t/Notesnook/notesnook/apps/mobile/ios/build/Catalyst/Build/Products/Release-maccatalyst/React-logger -L/Users/ozel0t/Notesnook/notesnook/apps/mobile/ios/build/Catalyst/Build/Products/Release-maccatalyst/React-microtasksnativemodule -L/Users/ozel0t/Notesnook/notesnook/apps/mobile/ios/build/Catalyst/Build/Products/Release-maccatalyst/React-oscompat -L/Users/ozel0t/Notesnook/notesnook/apps/mobile/ios/build/Catalyst/Build/Products/Release-maccatalyst/React-perflogger -L/Users/ozel0t/Notesnook/notesnook/apps/mobile/ios/build/Catalyst/Build/Products/Release-maccatalyst/React-performancecdpmetrics -L/Users/ozel0t/Notesnook/notesnook/apps/mobile/ios/build/Catalyst/Build/Products/Release-maccatalyst/React-performancetimeline -L/Users/ozel0t/Notesnook/notesnook/apps/mobile/ios/build/Catalyst/Build/Products/Release-maccatalyst/React-rendererconsistency -L/Users/ozel0t/Notesnook/notesnook/apps/mobile/ios/build/Catalyst/Build/Products/Release-maccatalyst/React-renderercss -L/Users/ozel0t/Notesnook/notesnook/apps/mobile/ios/build/Catalyst/Build/Products/Release-maccatalyst/React-rendererdebug -L/Users/ozel0t/Notesnook/notesnook/apps/mobile/ios/build/Catalyst/Build/Products/Release-maccatalyst/React-runtimeexecutor -L/Users/ozel0t/Notesnook/notesnook/apps/mobile/ios/build/Catalyst/Build/Products/Release-maccatalyst/React-runtimescheduler -L/Users/ozel0t/Notesnook/notesnook/apps/mobile/ios/build/Catalyst/Build/Products/Release-maccatalyst/React-utils -L/Users/ozel0t/Notesnook/notesnook/apps/mobile/ios/build/Catalyst/Build/Products/Release-maccatalyst/React-webperformancenativemodule -L/Users/ozel0t/Notesnook/notesnook/apps/mobile/ios/build/Catalyst/Build/Products/Release-maccatalyst/ReactAppDependencyProvider -L/Users/ozel0t/Notesnook/notesnook/apps/mobile/ios/build/Catalyst/Build/Products/Release-maccatalyst/ReactCodegen -L/Users/ozel0t/Notesnook/notesnook/apps/mobile/ios/build/Catalyst/Build/Products/Release-maccatalyst/ReactCommon -L/Users/ozel0t/Notesnook/notesnook/apps/mobile/ios/build/Catalyst/Build/Products/Release-maccatalyst/SDWebImage -L/Users/ozel0t/Notesnook/notesnook/apps/mobile/ios/build/Catalyst/Build/Products/Release-maccatalyst/SSZipArchive -L/Users/ozel0t/Notesnook/notesnook/apps/mobile/ios/build/Catalyst/Build/Products/Release-maccatalyst/SexyTooltip -L/Users/ozel0t/Notesnook/notesnook/apps/mobile/ios/build/Catalyst/Build/Products/Release-maccatalyst/SocketRocket -L/Users/ozel0t/Notesnook/notesnook/apps/mobile/ios/build/Catalyst/Build/Products/Release-maccatalyst/SwiftyRSA -L/Users/ozel0t/Notesnook/notesnook/apps/mobile/ios/build/Catalyst/Build/Products/Release-maccatalyst/TOCropViewController -L/Users/ozel0t/Notesnook/notesnook/apps/mobile/ios/build/Catalyst/Build/Products/Release-maccatalyst/Yoga -L/Users/ozel0t/Notesnook/notesnook/apps/mobile/ios/build/Catalyst/Build/Products/Release-maccatalyst/callstack-repack -L/Users/ozel0t/Notesnook/notesnook/apps/mobile/ios/build/Catalyst/Build/Products/Release-maccatalyst/fmt -L/Users/ozel0t/Notesnook/notesnook/apps/mobile/ios/build/Catalyst/Build/Products/Release-maccatalyst/glog -L/Users/ozel0t/Notesnook/notesnook/apps/mobile/ios/build/Catalyst/Build/Products/Release-maccatalyst/pop -L/Users/ozel0t/Notesnook/notesnook/apps/mobile/ios/build/Catalyst/Build/Products/Release-maccatalyst/react-native-actions-shortcuts -L/Users/ozel0t/Notesnook/notesnook/apps/mobile/ios/build/Catalyst/Build/Products/Release-maccatalyst/react-native-background-actions -L/Users/ozel0t/Notesnook/notesnook/apps/mobile/ios/build/Catalyst/Build/Products/Release-maccatalyst/react-native-begin-background-task -L/Users/ozel0t/Notesnook/notesnook/apps/mobile/ios/build/Catalyst/Build/Products/Release-maccatalyst/react-native-blob-util -L/Users/ozel0t/Notesnook/notesnook/apps/mobile/ios/build/Catalyst/Build/Products/Release-maccatalyst/react-native-cameraroll -L/Users/ozel0t/Notesnook/notesnook/apps/mobile/ios/build/Catalyst/Build/Products/Release-maccatalyst/react-native-config -L/Users/ozel0t/Notesnook/notesnook/apps/mobile/ios/build/Catalyst/Build/Products/Release-maccatalyst/react-native-date-picker -L/Users/ozel0t/Notesnook/notesnook/apps/mobile/ios/build/Catalyst/Build/Products/Release-maccatalyst/react-native-document-picker -L/Users/ozel0t/Notesnook/notesnook/apps/mobile/ios/build/Catalyst/Build/Products/Release-maccatalyst/react-native-fast-openpgp -L/Users/ozel0t/Notesnook/notesnook/apps/mobile/ios/build/Catalyst/Build/Products/Release-maccatalyst/react-native-fingerprint-scanner -L/Users/ozel0t/Notesnook/notesnook/apps/mobile/ios/build/Catalyst/Build/Products/Release-maccatalyst/react-native-get-random-values -L/Users/ozel0t/Notesnook/notesnook/apps/mobile/ios/build/Catalyst/Build/Products/Release-maccatalyst/react-native-gzip -L/Users/ozel0t/Notesnook/notesnook/apps/mobile/ios/build/Catalyst/Build/Products/Release-maccatalyst/react-native-html-to-pdf-lite -L/Users/ozel0t/Notesnook/notesnook/apps/mobile/ios/build/Catalyst/Build/Products/Release-maccatalyst/react-native-image-resizer -L/Users/ozel0t/Notesnook/notesnook/apps/mobile/ios/build/Catalyst/Build/Products/Release-maccatalyst/react-native-in-app-review -L/Users/ozel0t/Notesnook/notesnook/apps/mobile/ios/build/Catalyst/Build/Products/Release-maccatalyst/react-native-keep-awake -L/Users/ozel0t/Notesnook/notesnook/apps/mobile/ios/build/Catalyst/Build/Products/Release-maccatalyst/react-native-mmkv-storage -L/Users/ozel0t/Notesnook/notesnook/apps/mobile/ios/build/Catalyst/Build/Products/Release-maccatalyst/react-native-netinfo -L/Users/ozel0t/Notesnook/notesnook/apps/mobile/ios/build/Catalyst/Build/Products/Release-maccatalyst/react-native-notification-sounds -L/Users/ozel0t/Notesnook/notesnook/apps/mobile/ios/build/Catalyst/Build/Products/Release-maccatalyst/react-native-orientation-locker -L/Users/ozel0t/Notesnook/notesnook/apps/mobile/ios/build/Catalyst/Build/Products/Release-maccatalyst/react-native-pdf -L/Users/ozel0t/Notesnook/notesnook/apps/mobile/ios/build/Catalyst/Build/Products/Release-maccatalyst/react-native-quick-sqlite -L/Users/ozel0t/Notesnook/notesnook/apps/mobile/ios/build/Catalyst/Build/Products/Release-maccatalyst/react-native-safe-area-context -L/Users/ozel0t/Notesnook/notesnook/apps/mobile/ios/build/Catalyst/Build/Products/Release-maccatalyst/react-native-screenguard -L/Users/ozel0t/Notesnook/notesnook/apps/mobile/ios/build/Catalyst/Build/Products/Release-maccatalyst/react-native-share-extension -L/Users/ozel0t/Notesnook/notesnook/apps/mobile/ios/build/Catalyst/Build/Products/Release-maccatalyst/react-native-sodium -L/Users/ozel0t/Notesnook/notesnook/apps/mobile/ios/build/Catalyst/Build/Products/Release-maccatalyst/react-native-theme-switch-animation -L/Users/ozel0t/Notesnook/notesnook/apps/mobile/ios/build/Catalyst/Build/Products/Release-maccatalyst/react-native-upload -L/Users/ozel0t/Notesnook/notesnook/apps/mobile/ios/build/Catalyst/Build/Products/Release-maccatalyst/react-native-view-shot -L/Users/ozel0t/Notesnook/notesnook/apps/mobile/ios/build/Catalyst/Build/Products/Release-maccatalyst/react-native-webview -L/Users/ozel0t/Notesnook/notesnook/apps/mobile/ios/build/Catalyst/Build/Products/Release-maccatalyst/toolbar-android -L/Users/ozel0t/Notesnook/notesnook/apps/mobile/ios/build/Catalyst/Build/Products/Release-maccatalyst/XCFrameworkIntermediates/react-native-sodium -L/Applications/Xcode.app/Contents/Developer/Toolchains/XcodeDefault.xctoolchain/usr/lib/swift/macosx -L/Applications/Xcode.app/Contents/Developer/Platforms/MacOSX.platform/Developer/SDKs/MacOSX27.0.sdk/usr/lib/swift -L/Applications/Xcode.app/Contents/Developer/Platforms/MacOSX.platform/Developer/SDKs/MacOSX27.0.sdk/System/iOSSupport/usr/lib -L/Applications/Xcode.app/Contents/Developer/Toolchains/XcodeDefault.xctoolchain/usr/lib/swift/maccatalyst -F/Users/ozel0t/Notesnook/notesnook/apps/mobile/ios/build/Catalyst/Build/Intermediates.noindex/EagerLinkingTBDs/Release-maccatalyst -F/Users/ozel0t/Notesnook/notesnook/apps/mobile/ios/build/Catalyst/Build/Products/Release-maccatalyst -F/Users/ozel0t/Notesnook/notesnook/apps/mobile/node_modules/@ammarahmed/react-native-background-fetch/ios/RNBackgroundFetch -F/Users/ozel0t/Notesnook/notesnook/apps/mobile/node_modules/@ammarahmed/react-native-sodium/libsodium -F/Users/ozel0t/Notesnook/notesnook/apps/mobile/node_modules/react-native-fast-openpgp/ios -F/Users/ozel0t/Notesnook/notesnook/apps/mobile/ios/Pods/hermes-engine/destroot/Library/Frameworks/universal -F/Users/ozel0t/Notesnook/notesnook/apps/mobile/ios/build/Catalyst/Build/Products/Release-maccatalyst/XCFrameworkIntermediates/RNBackgroundFetch -F/Users/ozel0t/Notesnook/notesnook/apps/mobile/ios/build/Catalyst/Build/Products/Release-maccatalyst/XCFrameworkIntermediates/hermes-engine/Pre-built -F/Users/ozel0t/Notesnook/notesnook/apps/mobile/ios/build/Catalyst/Build/Products/Release-maccatalyst/XCFrameworkIntermediates/react-native-fast-openpgp -iframework /Applications/Xcode.app/Contents/Developer/Platforms/MacOSX.platform/Developer/SDKs/MacOSX27.0.sdk/System/iOSSupport/System/Library/Frameworks -iframework /Applications/Xcode.app/Contents/Developer/Platforms/MacOSX.platform/Developer/SDKs/MacOSX27.0.sdk/System/iOSSupport/System/Library/SubFrameworks -iframework /Applications/Xcode.app/Contents/Developer/Platforms/MacOSX.platform/Developer/SDKs/MacOSX27.0.sdk/System/iOSSupport/System/Library/Frameworks -iframework /Applications/Xcode.app/Contents/Developer/Platforms/MacOSX.platform/Developer/SDKs/MacOSX27.0.sdk/System/iOSSupport/System/Library/SubFrameworks -filelist /Users/ozel0t/Notesnook/notesnook/apps/mobile/ios/build/Catalyst/Build/Intermediates.noindex/Notesnook.build/Release-maccatalyst/Notesnook.build/Objects-normal/arm64/Notesnook.LinkFileList -Xlinker -rpath -Xlinker /usr/lib/swift -Xlinker -rpath -Xlinker @loader_path/../Frameworks -Xlinker -rpath -Xlinker @executable_path/Frameworks -Xlinker -rpath -Xlinker @loader_path/Frameworks -Xlinker -dead_strip -Xlinker -object_path_lto -Xlinker /Users/ozel0t/Notesnook/notesnook/apps/mobile/ios/build/Catalyst/Build/Intermediates.noindex/Notesnook.build/Release-maccatalyst/Notesnook.build/Objects-normal/arm64/Notesnook_lto.o -Xlinker -dependency_info -Xlinker /Users/ozel0t/Notesnook/notesnook/apps/mobile/ios/build/Catalyst/Build/Intermediates.noindex/Notesnook.build/Release-maccatalyst/Notesnook.build/Objects-normal/arm64/Notesnook_dependency_info.dat -stdlib\=libc++ -fobjc-arc -fobjc-link-runtime -L/Applications/Xcode.app/Contents/Developer/Toolchains/XcodeDefault.xctoolchain/usr/lib/swift/macosx -L/System/iOSSupport/usr/lib/swift -L/usr/lib/swift -Xlinker -add_ast_path -Xlinker /Users/ozel0t/Notesnook/notesnook/apps/mobile/ios/build/Catalyst/Build/Intermediates.noindex/Notesnook.build/Release-maccatalyst/Notesnook.build/Objects-normal/arm64/Notesnook.swiftmodule -ObjC -lBEMCheckBox -lBase64 -lDoubleConversion -lGZIP -lJWTDecode -lMMKV -lMMKVCore -lNitroCloudUploader -lNitroModules -lRCT-Folly -lRCTDeprecation -lRCTTypeSafety -lRNBackgroundFetch -lRNBootSplash -lRNCCheckbox -lRNCClipboard -lRNCMaskedView -lRNDateTimePicker -lRNDeviceInfo -lRNExitApp -lRNFileViewer -lRNGestureHandler -lRNIap -lRNImageCropPicker -lRNKeychain -lRNNotifee -lRNReanimated -lRNSVG -lRNScreens -lRNSecureRandom -lRNShare -lRNTooltips -lRNWorklets -lRNZipArchive -lReact-Codegen -lReact-Core -lReact-CoreModules -lReact-Fabric -lReact-FabricComponents -lReact-FabricImage -lReact-ImageManager -lReact-Mapbuffer -lReact-NativeModulesApple -lReact-RCTAnimation -lReact-RCTAppDelegate -lReact-RCTBlob -lReact-RCTFBReactNativeSpec -lReact-RCTFabric -lReact-RCTImage -lReact-RCTLinking -lReact-RCTNetwork -lReact-RCTRuntime -lReact-RCTSettings -lReact-RCTText -lReact-RCTVibration -lReact-RuntimeApple -lReact-RuntimeCore -lReact-RuntimeHermes -lReact-cxxreact -lReact-debug -lReact-defaultsnativemodule -lReact-domnativemodule -lReact-featureflags -lReact-featureflagsnativemodule -lReact-graphics -lReact-hermes -lReact-idlecallbacksnativemodule -lReact-jserrorhandler -lReact-jsi -lReact-jsiexecutor -lReact-jsinspector -lReact-jsinspectorcdp -lReact-jsinspectornetwork -lReact-jsinspectortracing -lReact-jsitooling -lReact-logger -lReact-microtasksnativemodule -lReact-oscompat -lReact-perflogger -lReact-performancecdpmetrics -lReact-performancetimeline -lReact-rendererconsistency -lReact-renderercss -lReact-rendererdebug -lReact-runtimeexecutor -lReact-runtimescheduler -lReact-utils -lReact-webperformancenativemodule -lReactAppDependencyProvider -lReactCodegen -lReactCommon -lSDWebImage -lSSZipArchive -lSexyTooltip -lSocketRocket -lSwiftyRSA -lTOCropViewController -lYoga -lc++ -lc++abi -lcallstack-repack -lfmt -lglog -liconv -licucore -lpop -lreact-native-actions-shortcuts -lreact-native-background-actions -lreact-native-begin-background-task -lreact-native-blob-util -lreact-native-cameraroll -lreact-native-config -lreact-native-date-picker -lreact-native-document-picker -lreact-native-fast-openpgp -lreact-native-fingerprint-scanner -lreact-native-get-random-values -lreact-native-gzip -lreact-native-html-to-pdf-lite -lreact-native-image-resizer -lreact-native-in-app-review -lreact-native-keep-awake -lreact-native-mmkv-storage -lreact-native-netinfo -lreact-native-notification-sounds -lreact-native-orientation-locker -lreact-native-pdf -lreact-native-quick-sqlite -lreact-native-safe-area-context -lreact-native-screenguard -lreact-native-share-extension -lreact-native-sodium -lreact-native-theme-switch-animation -lreact-native-upload -lreact-native-view-shot -lreact-native-webview -lsodium -ltoolbar-android -lz -framework Accelerate -framework AssetsLibrary -framework AudioToolbox -framework CFNetwork -framework CoreFoundation -framework CoreGraphics -framework Foundation -framework ImageIO -framework LocalAuthentication -framework MobileCoreServices -framework Network -framework OpenPGPBridge -framework PDFKit -framework Photos -framework PhotosUI -framework QuartzCore -framework Security -framework TSBackgroundFetch -framework UIKit -framework hermesvm -weak_framework JavaScriptCore -weak_framework LinkPresentation -ObjC -lc++ -lPods-Notesnook -framework StoreKit -Xlinker -no_adhoc_codesign -o /Users/ozel0t/Notesnook/notesnook/apps/mobile/ios/build/Catalyst/Build/Products/Release-maccatalyst/Notesnook.app/Contents/MacOS/Notesnook
/Users/ozel0t/Notesnook/notesnook/apps/mobile/ios/Notesnook.xcodeproj: Notesnook: ld: warning: search path '/Applications/Xcode.app/Contents/Developer/Toolchains/XcodeDefault.xctoolchain/usr/lib/swift-5.2/macosx' not found
/Users/ozel0t/Notesnook/notesnook/apps/mobile/ios/Notesnook.xcodeproj: Notesnook: ld: warning: search path ' /Applications/Xcode.app/Contents/Developer/Platforms/MacOSX.platform/Developer/SDKs/MacOSX27.0.sdk/System/iOSSupport/usr/lib /Applications/Xcode.app/Contents/Developer/Toolchains/XcodeDefault.xctoolchain/usr/lib/swift/maccatalyst' not found
/Users/ozel0t/Notesnook/notesnook/apps/mobile/ios/Notesnook.xcodeproj: Notesnook: ld: warning: building for 'macCatalyst', but linking in dylib (/Applications/Xcode.app/Contents/Developer/Platforms/MacOSX.platform/Developer/SDKs/MacOSX.sdk/usr/lib/swift/libswiftMetalKit.tbd) built for 'macOS'

PhaseScriptExecution Bundle\ React\ Native\ code\ and\ images /Users/ozel0t/Notesnook/notesnook/apps/mobile/ios/build/Catalyst/Build/Intermediates.noindex/Notesnook.build/Release-maccatalyst/Notesnook.build/Script-00DD1BFF1BD5951E006B06BC.sh (in target 'Notesnook' from project 'Notesnook')
    cd /Users/ozel0t/Notesnook/notesnook/apps/mobile/ios
    export ACTION\=build
    export AD_HOC_CODE_SIGNING_ALLOWED\=YES
    export AGGREGATE_TRACKED_DOMAINS\=YES
    export ALLOW_BUILD_REQUEST_OVERRIDES\=NO
    export ALLOW_TARGET_PLATFORM_SPECIALIZATION\=NO
    export ALTERNATE_GROUP\=staff
    export ALTERNATE_MODE\=u+w,go-w,a+rX
    export ALTERNATE_OWNER\=ozel0t
    export ALTERNATIVE_DISTRIBUTION_WEB\=NO
    export ALWAYS_EMBED_SWIFT_STANDARD_LIBRARIES\=YES
    export ALWAYS_SEARCH_USER_PATHS\=NO
    export ALWAYS_USE_SEPARATE_HEADERMAPS\=NO
    export APPLICATION_EXTENSION_API_ONLY\=NO
    export APPLY_RULES_IN_COPY_FILES\=NO
    export APPLY_RULES_IN_COPY_HEADERS\=NO
    export APP_DISPLAY_NAME\=VeyraN
    export APP_SHORTCUTS_ENABLE_FLEXIBLE_MATCHING\=YES
    export ARCHS\=arm64
    export ARCHS_BASE\=arm64
    export ARCHS_STANDARD\=arm64\ x86_64
    export ARCHS_STANDARD_32_64_BIT\=arm64\ x86_64\ i386
    export ARCHS_STANDARD_32_BIT\=i386
    export ARCHS_STANDARD_64_BIT\=arm64\ x86_64
    export ARCHS_STANDARD_INCLUDING_64_BIT\=arm64\ x86_64
    export ARCH_COHORT_arm64e\=arm64e\ arm64e.x1
    export ASSETCATALOG_COMPILER_APPICON_NAME\=AppIcon
    export ASSETCATALOG_COMPILER_INCLUDE_ALL_APPICON_ASSETS\=NO
    export AUTOMATICALLY_MERGE_DEPENDENCIES\=NO
    export AUTOMATION_APPLE_EVENTS\=NO
    export AVAILABLE_PLATFORMS\=android\ appletvos\ appletvsimulator\ driverkit\ freebsd\ iphoneos\ iphonesimulator\ linux\ macosx\ none\ openbsd\ qnx\ staticlinux\ watchos\ watchsimulator\ webassembly\ xros\ xrsimulator
    export AppIdentifierPrefix\=QXCNJY73A8.
    export BUILD_ACTIVE_RESOURCES_ONLY\=NO
    export BUILD_COMPONENTS\=headers\ build
    export BUILD_DIR\=/Users/ozel0t/Notesnook/notesnook/apps/mobile/ios/build/Catalyst/Build/Products
    export BUILD_LIBRARY_FOR_DISTRIBUTION\=NO
    export BUILD_ONLY_KNOWN_LOCALIZATIONS\=NO
    export BUILD_ROOT\=/Users/ozel0t/Notesnook/notesnook/apps/mobile/ios/build/Catalyst/Build/Products
    export BUILD_STYLE\=
    export BUILD_VARIANTS\=normal
    export BUILT_PRODUCTS_DIR\=/Users/ozel0t/Notesnook/notesnook/apps/mobile/ios/build/Catalyst/Build/Products/Release-maccatalyst
    export BUNDLE_CONTENTS_FOLDER_PATH\=Contents/
    export BUNDLE_CONTENTS_FOLDER_PATH_deep\=Contents/
    export BUNDLE_EXECUTABLE_FOLDER_NAME_deep\=MacOS
    export BUNDLE_EXECUTABLE_FOLDER_PATH\=Contents/MacOS
    export BUNDLE_EXTENSIONS_FOLDER_PATH\=Contents/Extensions
    export BUNDLE_FORMAT\=deep
    export BUNDLE_FRAMEWORKS_FOLDER_PATH\=Contents/Frameworks
    export BUNDLE_PLUGINS_FOLDER_PATH\=Contents/PlugIns
    export BUNDLE_PRIVATE_HEADERS_FOLDER_PATH\=Contents/PrivateHeaders
    export BUNDLE_PUBLIC_HEADERS_FOLDER_PATH\=Contents/Headers
    export CACHE_ROOT\=/var/folders/86/45djkvrd2xs_ccbq4w22y12c0000gn/C/com.apple.DeveloperTools/27.0-27A266a/Xcode
    export CCHROOT\=/var/folders/86/45djkvrd2xs_ccbq4w22y12c0000gn/C/com.apple.DeveloperTools/27.0-27A266a/Xcode
    export CHMOD\=/bin/chmod
    export CHOWN\=chown
    export CLANG_ANALYZER_LOCALIZABILITY_NONLOCALIZED\=YES
    export CLANG_CACHE_FINE_GRAINED_OUTPUTS\=YES
    export CLANG_CXX_LANGUAGE_STANDARD\=c++20
    export CLANG_CXX_LIBRARY\=libc++
    export CLANG_ENABLE_EXPLICIT_MODULES\=YES
    export CLANG_ENABLE_MODULES\=YES
    export CLANG_ENABLE_OBJC_ARC\=YES
    export CLANG_MODULES_BUILD_SESSION_FILE\=/Users/ozel0t/Notesnook/notesnook/apps/mobile/ios/build/Catalyst/ModuleCache.noindex/Session.modulevalidation
    export CLANG_WARN_BLOCK_CAPTURE_AUTORELEASING\=YES
    export CLANG_WARN_BOOL_CONVERSION\=YES
    export CLANG_WARN_COMMA\=YES
    export CLANG_WARN_CONSTANT_CONVERSION\=YES
    export CLANG_WARN_DEPRECATED_OBJC_IMPLEMENTATIONS\=YES
    export CLANG_WARN_DIRECT_OBJC_ISA_USAGE\=YES_ERROR
    export CLANG_WARN_EMPTY_BODY\=YES
    export CLANG_WARN_ENUM_CONVERSION\=YES
    export CLANG_WARN_INFINITE_RECURSION\=YES
    export CLANG_WARN_INT_CONVERSION\=YES
    export CLANG_WARN_NON_LITERAL_NULL_CONVERSION\=YES
    export CLANG_WARN_OBJC_IMPLICIT_RETAIN_SELF\=YES
    export CLANG_WARN_OBJC_LITERAL_CONVERSION\=YES
    export CLANG_WARN_OBJC_ROOT_CLASS\=YES_ERROR
    export CLANG_WARN_QUOTED_INCLUDE_IN_FRAMEWORK_HEADER\=NO
    export CLANG_WARN_RANGE_LOOP_ANALYSIS\=YES
    export CLANG_WARN_STRICT_PROTOTYPES\=YES
    export CLANG_WARN_SUSPICIOUS_MOVE\=YES
    export CLANG_WARN_UNREACHABLE_CODE\=YES
    export CLANG_WARN__DUPLICATE_METHOD_MATCH\=YES
    export CLASS_FILE_DIR\=/Users/ozel0t/Notesnook/notesnook/apps/mobile/ios/build/Catalyst/Build/Intermediates.noindex/Notesnook.build/Release-maccatalyst/Notesnook.build/JavaClasses
    export CLEAN_PRECOMPS\=YES
    export CLONE_HEADERS\=NO
    export CODESIGNING_FOLDER_PATH\=/Users/ozel0t/Notesnook/notesnook/apps/mobile/ios/build/Catalyst/Build/Products/Release-maccatalyst/Notesnook.app
    export CODE_SIGNING_ALLOWED\=YES
    export CODE_SIGNING_REQUIRED\=YES
    export CODE_SIGN_ENTITLEMENTS\=Notesnook/Notesnook-macOS.entitlements
    export CODE_SIGN_IDENTITY\=Apple\ Development
    export CODE_SIGN_INJECT_BASE_ENTITLEMENTS\=YES
    export CODE_SIGN_STYLE\=Automatic
    export COLOR_DIAGNOSTICS\=NO
    export COMBINE_HIDPI_IMAGES\=NO
    export COMPILATION_CACHE_CAS_PATH\=/Users/ozel0t/Notesnook/notesnook/apps/mobile/ios/build/Catalyst/CompilationCache.noindex
    export COMPILATION_CACHE_KEEP_CAS_DIRECTORY\=YES
    export COMPILER_INDEX_STORE_ENABLE\=Default
    export COMPOSITE_SDK_DIRS\=/Users/ozel0t/Notesnook/notesnook/apps/mobile/ios/build/Catalyst/Build/Intermediates.noindex/CompositeSDKs
    export COMPRESS_PNG_FILES\=NO
    export CONFIGURATION\=Release
    export CONFIGURATION_BUILD_DIR\=/Users/ozel0t/Notesnook/notesnook/apps/mobile/ios/build/Catalyst/Build/Products/Release-maccatalyst
    export CONFIGURATION_TEMP_DIR\=/Users/ozel0t/Notesnook/notesnook/apps/mobile/ios/build/Catalyst/Build/Intermediates.noindex/Notesnook.build/Release-maccatalyst
    export CONTENTS_FOLDER_PATH\=Notesnook.app/Contents
    export CONTENTS_FOLDER_PATH_SHALLOW_BUNDLE_NO\=Notesnook.app/Contents
    export CONTENTS_FOLDER_PATH_SHALLOW_BUNDLE_YES\=Notesnook.app
    export COPYING_PRESERVES_HFS_DATA\=NO
    export COPY_HEADERS_RUN_UNIFDEF\=NO
    export COPY_PHASE_STRIP\=YES
    export CP\=/bin/cp
    export CREATE_INFOPLIST_SECTION_IN_BINARY\=NO
    export CURRENT_ARCH\=undefined_arch
    export CURRENT_PROJECT_VERSION\=22
    export CURRENT_VARIANT\=normal
    export DEAD_CODE_STRIPPING\=YES
    export DEBUGGING_SYMBOLS\=YES
    export DEBUG_INFORMATION_FORMAT\=dwarf
    export DEBUG_INFORMATION_VERSION\=compiler-default
    export DEFAULT_COMPILER\=com.apple.compilers.llvm.clang.1_0
    export DEFAULT_DEXT_INSTALL_PATH\=/System/Library/DriverExtensions
    export DEFAULT_KEXT_INSTALL_PATH\=/System/Library/Extensions
    export DEFINES_MODULE\=NO
    export DEPLOYMENT_LOCATION\=NO
    export DEPLOYMENT_POSTPROCESSING\=NO
    export DEPLOYMENT_TARGET_SETTING_NAME\=MACOSX_DEPLOYMENT_TARGET
    export DEPLOYMENT_TARGET_SUGGESTED_VALUES\=12.0\ 12.2\ 12.3\ 12.4\ 13.0\ 13.1\ 13.2\ 13.3\ 13.4\ 13.5\ 14.0\ 14.1\ 14.2\ 14.3\ 14.4\ 14.5\ 14.6\ 15.0\ 15.1\ 15.2\ 15.3\ 15.4\ 15.5\ 15.6\ 26.0\ 26.1\ 26.2\ 26.3\ 26.4\ 26.5\ 26.6\ 27.0
    export DERIVED_FILES_DIR\=/Users/ozel0t/Notesnook/notesnook/apps/mobile/ios/build/Catalyst/Build/Intermediates.noindex/Notesnook.build/Release-maccatalyst/Notesnook.build/DerivedSources
    export DERIVED_FILE_DIR\=/Users/ozel0t/Notesnook/notesnook/apps/mobile/ios/build/Catalyst/Build/Intermediates.noindex/Notesnook.build/Release-maccatalyst/Notesnook.build/DerivedSources
    export DERIVED_SOURCES_DIR\=/Users/ozel0t/Notesnook/notesnook/apps/mobile/ios/build/Catalyst/Build/Intermediates.noindex/Notesnook.build/Release-maccatalyst/Notesnook.build/DerivedSources
    export DERIVE_MACCATALYST_PRODUCT_BUNDLE_IDENTIFIER\=NO
    export DEVELOPER_APPLICATIONS_DIR\=/Applications/Xcode.app/Contents/Developer/Applications
    export DEVELOPER_BIN_DIR\=/Applications/Xcode.app/Contents/Developer/usr/bin
    export DEVELOPER_DIR\=/Applications/Xcode.app/Contents/Developer
    export DEVELOPER_FRAMEWORKS_DIR\=/Applications/Xcode.app/Contents/Developer/Library/Frameworks
    export DEVELOPER_FRAMEWORKS_DIR_QUOTED\=/Applications/Xcode.app/Contents/Developer/Library/Frameworks
    export DEVELOPER_LIBRARY_DIR\=/Applications/Xcode.app/Contents/Developer/Library
    export DEVELOPER_SDK_DIR\=/Applications/Xcode.app/Contents/Developer/Platforms/MacOSX.platform/Developer/SDKs
    export DEVELOPER_TOOLS_DIR\=/Applications/Xcode.app/Contents/Developer/Tools
    export DEVELOPER_USR_DIR\=/Applications/Xcode.app/Contents/Developer/usr
    export DEVELOPMENT_LANGUAGE\=en
    export DEVELOPMENT_TEAM\=QXCNJY73A8
    export DIAGNOSE_MISSING_TARGET_DEPENDENCIES\=YES
    export DIFF\=/usr/bin/diff
    export DOCUMENTATION_FOLDER_PATH\=Notesnook.app/Contents/Resources/en.lproj/Documentation
    export DONT_GENERATE_INFOPLIST_FILE\=NO
    export DSTROOT\=/tmp/Notesnook.dst
    export DT_TOOLCHAIN_DIR\=/Applications/Xcode.app/Contents/Developer/Toolchains/XcodeDefault.xctoolchain
    export DWARF_DSYM_FILE_NAME\=Notesnook.app.dSYM
    export DWARF_DSYM_FILE_SHOULD_ACCOMPANY_PRODUCT\=NO
    export DWARF_DSYM_FOLDER_PATH\=/Users/ozel0t/Notesnook/notesnook/apps/mobile/ios/build/Catalyst/Build/Products/Release-maccatalyst
    export DYNAMIC_LIBRARY_EXTENSION\=dylib
    export EAGER_COMPILATION_ALLOW_SCRIPTS\=NO
    export EAGER_LINKING\=NO
    export EFFECTIVE_PLATFORM_NAME\=-maccatalyst
    export EFFECTIVE_PLATFORM_NAME_MAC_CATALYST_USE_DISTINCT_BUILD_DIR\=YES
    export EFFECTIVE_PLATFORM_NAME_MAC_CATALYST_USE_DISTINCT_BUILD_DIR_YES\=-maccatalyst
    export EFFECTIVE_SWIFT_VERSION\=5
    export EMBEDDED_CONTENT_CONTAINS_SWIFT\=NO
    export EMBEDDED_PROFILE_NAME\=embedded.provisionprofile
    export EMBED_ASSET_PACKS_IN_PRODUCT_BUNDLE\=NO
    export ENABLE_APP_SANDBOX\=NO
    export ENABLE_CODE_COVERAGE\=YES
    export ENABLE_COHORT_ARCHS\=YES
    export ENABLE_CPLUSPLUS_BOUNDS_SAFE_BUFFERS\=NO
    export ENABLE_C_BOUNDS_SAFETY\=NO
    export ENABLE_DEBUG_DYLIB\=NO
    export ENABLE_DEFAULT_HEADER_SEARCH_PATHS\=YES
    export ENABLE_DEFAULT_SEARCH_PATHS\=YES
    export ENABLE_ENHANCED_SECURITY\=NO
    export ENABLE_HARDENED_RUNTIME\=YES
    export ENABLE_HARDWARE_CHECKED_POINTER_ARITHMETIC_SLICE\=NO
    export ENABLE_HEADER_DEPENDENCIES\=YES
    export ENABLE_INCOMING_NETWORK_CONNECTIONS\=NO
    export ENABLE_NS_ASSERTIONS\=NO
    export ENABLE_ON_DEMAND_RESOURCES\=NO
    export ENABLE_OUTGOING_NETWORK_CONNECTIONS\=NO
    export ENABLE_POINTER_AUTHENTICATION\=NO
    export ENABLE_PREVIEWS\=NO
    export ENABLE_RESOURCE_ACCESS_AUDIO_INPUT\=NO
    export ENABLE_RESOURCE_ACCESS_BLUETOOTH\=NO
    export ENABLE_RESOURCE_ACCESS_CALENDARS\=NO
    export ENABLE_RESOURCE_ACCESS_CAMERA\=NO
    export ENABLE_RESOURCE_ACCESS_CONTACTS\=NO
    export ENABLE_RESOURCE_ACCESS_LOCATION\=NO
    export ENABLE_RESOURCE_ACCESS_PHOTO_LIBRARY\=NO
    export ENABLE_RESOURCE_ACCESS_PRINTING\=NO
    export ENABLE_RESOURCE_ACCESS_USB\=NO
    export ENABLE_SDK_IMPORTS\=NO
    export ENABLE_SECURITY_COMPILER_WARNINGS\=NO
    export ENABLE_STRICT_OBJC_MSGSEND\=YES
    export ENABLE_TESTABILITY\=NO
    export ENABLE_TESTING_SEARCH_PATHS\=NO
    export ENABLE_USER_SCRIPT_SANDBOXING\=NO
    export ENABLE_XOJIT_PREVIEWS\=NO
    export ENFORCE_VALID_ARCHS\=YES
    export ENTITLEMENTS_ALLOWED\=YES
    export ENTITLEMENTS_DESTINATION\=Signature
    export ENTITLEMENTS_REQUIRED\=NO
    export EXCLUDED_ARCHS\=x86_64
    export EXCLUDED_INSTALLSRC_SUBDIRECTORY_PATTERNS\=.DS_Store\ .svn\ .git\ .hg\ CVS
    export EXCLUDED_RECURSIVE_SEARCH_PATH_SUBDIRECTORIES\=\*.nib\ \*.lproj\ \*.framework\ \*.gch\ \*.xcode\*\ \*.xcassets\ \*.icon\ \(\*\)\ .DS_Store\ CVS\ .svn\ .git\ .hg\ \*.pbproj\ \*.pbxproj
    export EXECUTABLES_FOLDER_PATH\=Notesnook.app/Contents/Executables
    export EXECUTABLE_FOLDER_PATH\=Notesnook.app/Contents/MacOS
    export EXECUTABLE_FOLDER_PATH_SHALLOW_BUNDLE_NO\=Notesnook.app/Contents/MacOS
    export EXECUTABLE_FOLDER_PATH_SHALLOW_BUNDLE_YES\=Notesnook.app/Contents
    export EXECUTABLE_NAME\=Notesnook
    export EXECUTABLE_PATH\=Notesnook.app/Contents/MacOS/Notesnook
    export EXPANDED_CODE_SIGN_IDENTITY\=58A4018F522DC35ABA84C6632EBE4EF282045584
    export EXPANDED_CODE_SIGN_IDENTITY_NAME\=Apple\ Development:\ MN\ GTNNAT\ \(HNH83964F5\)
    export EXPANDED_PROVISIONING_PROFILE\=becefa1b-3a28-4b14-a6e5-68fd591fa52b
    export EXTENSIONS_FOLDER_PATH\=Notesnook.app/Contents/Extensions
    export FILE_LIST\=/Users/ozel0t/Notesnook/notesnook/apps/mobile/ios/build/Catalyst/Build/Intermediates.noindex/Notesnook.build/Release-maccatalyst/Notesnook.build/Objects/LinkFileList
    export FIXED_FILES_DIR\=/Users/ozel0t/Notesnook/notesnook/apps/mobile/ios/build/Catalyst/Build/Intermediates.noindex/Notesnook.build/Release-maccatalyst/Notesnook.build/FixedFiles
    export FRAMEWORKS_FOLDER_PATH\=Notesnook.app/Contents/Frameworks
    export FRAMEWORK_FLAG_PREFIX\=-framework
    export FRAMEWORK_SEARCH_PATHS\=/Users/ozel0t/Notesnook/notesnook/apps/mobile/ios/build/Catalyst/Build/Products/Release-maccatalyst\ \ \"/Users/ozel0t/Notesnook/notesnook/apps/mobile/ios/Pods/../../node_modules/@ammarahmed/react-native-background-fetch/ios/RNBackgroundFetch\"\ \"/Users/ozel0t/Notesnook/notesnook/apps/mobile/ios/Pods/../../node_modules/@ammarahmed/react-native-sodium/libsodium\"\ \"/Users/ozel0t/Notesnook/notesnook/apps/mobile/ios/Pods/../../node_modules/react-native-fast-openpgp/ios\"\ \"/Users/ozel0t/Notesnook/notesnook/apps/mobile/ios/Pods/hermes-engine/destroot/Library/Frameworks/universal\"\ \"/Users/ozel0t/Notesnook/notesnook/apps/mobile/ios/build/Catalyst/Build/Products/Release-maccatalyst/XCFrameworkIntermediates/RNBackgroundFetch\"\ \"/Users/ozel0t/Notesnook/notesnook/apps/mobile/ios/build/Catalyst/Build/Products/Release-maccatalyst/XCFrameworkIntermediates/hermes-engine/Pre-built\"\ \"/Users/ozel0t/Notesnook/notesnook/apps/mobile/ios/build/Catalyst/Build/Products/Release-maccatalyst/XCFrameworkIntermediates/react-native-fast-openpgp\"
    export FRAMEWORK_VERSION\=A
    export FULL_PRODUCT_NAME\=Notesnook.app
    export FUSE_BUILD_PHASES\=YES
    export FUSE_BUILD_SCRIPT_PHASES\=NO
    export GCC3_VERSION\=3.3
    export GCC_C_LANGUAGE_STANDARD\=c11
    export GCC_DYNAMIC_NO_PIC\=NO
    export GCC_GENERATE_DEBUGGING_SYMBOLS\=YES
    export GCC_INLINES_ARE_PRIVATE_EXTERN\=YES
    export GCC_NO_COMMON_BLOCKS\=YES
    export GCC_PFE_FILE_C_DIALECTS\=c\ objective-c\ c++\ objective-c++
    export GCC_PREPROCESSOR_DEFINITIONS\=\ COCOAPODS\=1
    export GCC_SYMBOLS_PRIVATE_EXTERN\=YES
    export GCC_TREAT_WARNINGS_AS_ERRORS\=NO
    export GCC_VERSION\=com.apple.compilers.llvm.clang.1_0
    export GCC_VERSION_IDENTIFIER\=com_apple_compilers_llvm_clang_1_0
    export GCC_WARN_64_TO_32_BIT_CONVERSION\=YES
    export GCC_WARN_ABOUT_RETURN_TYPE\=YES_ERROR
    export GCC_WARN_UNDECLARED_SELECTOR\=YES
    export GCC_WARN_UNINITIALIZED_AUTOS\=YES_AGGRESSIVE
    export GCC_WARN_UNUSED_FUNCTION\=YES
    export GCC_WARN_UNUSED_VARIABLE\=YES
    export GENERATED_MODULEMAP_DIR\=/Users/ozel0t/Notesnook/notesnook/apps/mobile/ios/build/Catalyst/Build/Intermediates.noindex/GeneratedModuleMaps-maccatalyst
    export GENERATE_INFOPLIST_FILE\=NO
    export GENERATE_INTERMEDIATE_TEXT_BASED_STUBS\=YES
    export GENERATE_PKGINFO_FILE\=YES
    export GENERATE_PRELINK_OBJECT_FILE\=NO
    export GENERATE_PROFILING_CODE\=NO
    export GENERATE_TEXT_BASED_STUBS\=NO
    export GID\=20
    export GROUP\=staff
    export HEADERMAP_INCLUDES_FLAT_ENTRIES_FOR_TARGET_BEING_BUILT\=YES
    export HEADERMAP_INCLUDES_FRAMEWORK_ENTRIES_FOR_ALL_PRODUCT_TYPES\=YES
    export HEADERMAP_INCLUDES_FRAMEWORK_ENTRIES_FOR_TARGETS_NOT_BEING_BUILT\=YES
    export HEADERMAP_INCLUDES_NONPUBLIC_NONPRIVATE_HEADERS\=YES
    export HEADERMAP_INCLUDES_PROJECT_HEADERS\=YES
    export HEADERMAP_USES_FRAMEWORK_PREFIX_ENTRIES\=YES
    export HEADERMAP_USES_VFS\=NO
    export HEADER_SEARCH_PATHS\=/Users/ozel0t/Notesnook/notesnook/apps/mobile/ios/build/Catalyst/Build/Products/Release-maccatalyst/include\ \ \"/Users/ozel0t/Notesnook/notesnook/apps/mobile/ios/Pods/Headers/Public\"\ \"/Users/ozel0t/Notesnook/notesnook/apps/mobile/ios/Pods/Headers/Public/BEMCheckBox\"\ \"/Users/ozel0t/Notesnook/notesnook/apps/mobile/ios/Pods/Headers/Public/Base64\"\ \"/Users/ozel0t/Notesnook/notesnook/apps/mobile/ios/Pods/Headers/Public/DoubleConversion\"\ \"/Users/ozel0t/Notesnook/notesnook/apps/mobile/ios/Pods/Headers/Public/FBLazyVector\"\ \"/Users/ozel0t/Notesnook/notesnook/apps/mobile/ios/Pods/Headers/Public/GZIP\"\ \"/Users/ozel0t/Notesnook/notesnook/apps/mobile/ios/Pods/Headers/Public/MMKV\"\ \"/Users/ozel0t/Notesnook/notesnook/apps/mobile/ios/Pods/Headers/Public/MMKVCore\"\ \"/Users/ozel0t/Notesnook/notesnook/apps/mobile/ios/Pods/Headers/Public/NitroCloudUploader\"\ \"/Users/ozel0t/Notesnook/notesnook/apps/mobile/ios/Pods/Headers/Public/NitroModules\"\ \"/Users/ozel0t/Notesnook/notesnook/apps/mobile/ios/Pods/Headers/Public/RCT-Folly\"\ \"/Users/ozel0t/Notesnook/notesnook/apps/mobile/ios/Pods/Headers/Public/RCTDeprecation\"\ \"/Users/ozel0t/Notesnook/notesnook/apps/mobile/ios/Pods/Headers/Public/RCTRequired\"\ \"/Users/ozel0t/Notesnook/notesnook/apps/mobile/ios/Pods/Headers/Public/RCTTypeSafety\"\ \"/Users/ozel0t/Notesnook/notesnook/apps/mobile/ios/Pods/Headers/Public/RNBackgroundFetch\"\ \"/Users/ozel0t/Notesnook/notesnook/apps/mobile/ios/Pods/Headers/Public/RNBootSplash\"\ \"/Users/ozel0t/Notesnook/notesnook/apps/mobile/ios/Pods/Headers/Public/RNCCheckbox\"\ \"/Users/ozel0t/Notesnook/notesnook/apps/mobile/ios/Pods/Headers/Public/RNCClipboard\"\ \"/Users/ozel0t/Notesnook/notesnook/apps/mobile/ios/Pods/Headers/Public/RNCMaskedView\"\ \"/Users/ozel0t/Notesnook/notesnook/apps/mobile/ios/Pods/Headers/Public/RNDateTimePicker\"\ \"/Users/ozel0t/Notesnook/notesnook/apps/mobile/ios/Pods/Headers/Public/RNDeviceInfo\"\ \"/Users/ozel0t/Notesnook/notesnook/apps/mobile/ios/Pods/Headers/Public/RNFileViewer\"\ \"/Users/ozel0t/Notesnook/notesnook/apps/mobile/ios/Pods/Headers/Public/RNGestureHandler\"\ \"/Users/ozel0t/Notesnook/notesnook/apps/mobile/ios/Pods/Headers/Public/RNIap\"\ \"/Users/ozel0t/Notesnook/notesnook/apps/mobile/ios/Pods/Headers/Public/RNImageCropPicker\"\ \"/Users/ozel0t/Notesnook/notesnook/apps/mobile/ios/Pods/Headers/Public/RNKeychain\"\ \"/Users/ozel0t/Notesnook/notesnook/apps/mobile/ios/Pods/Headers/Public/RNNotifee\"\ \"/Users/ozel0t/Notesnook/notesnook/apps/mobile/ios/Pods/Headers/Public/RNReanimated\"\ \"/Users/ozel0t/Notesnook/notesnook/apps/mobile/ios/Pods/Headers/Public/RNSVG\"\ \"/Users/ozel0t/Notesnook/notesnook/apps/mobile/ios/Pods/Headers/Public/RNScreens\"\ \"/Users/ozel0t/Notesnook/notesnook/apps/mobile/ios/Pods/Headers/Public/RNSecureRandom\"\ \"/Users/ozel0t/Notesnook/notesnook/apps/mobile/ios/Pods/Headers/Public/RNShare\"\ \"/Users/ozel0t/Notesnook/notesnook/apps/mobile/ios/Pods/Headers/Public/RNTooltips\"\ \"/Users/ozel0t/Notesnook/notesnook/apps/mobile/ios/Pods/Headers/Public/RNWorklets\"\ \"/Users/ozel0t/Notesnook/notesnook/apps/mobile/ios/Pods/Headers/Public/RNZipArchive\"\ \"/Users/ozel0t/Notesnook/notesnook/apps/mobile/ios/Pods/Headers/Public/React-Core\"\ \"/Users/ozel0t/Notesnook/notesnook/apps/mobile/ios/Pods/Headers/Public/React-Fabric\"\ \"/Users/ozel0t/Notesnook/notesnook/apps/mobile/ios/Pods/Headers/Public/React-FabricComponents\"\ \"/Users/ozel0t/Notesnook/notesnook/apps/mobile/ios/Pods/Headers/Public/React-FabricImage\"\ \"/Users/ozel0t/Notesnook/notesnook/apps/mobile/ios/Pods/Headers/Public/React-ImageManager\"\ \"/Users/ozel0t/Notesnook/notesnook/apps/mobile/ios/Pods/Headers/Public/React-Mapbuffer\"\ \"/Users/ozel0t/Notesnook/notesnook/apps/mobile/ios/Pods/Headers/Public/React-NativeModulesApple\"\ \"/Users/ozel0t/Notesnook/notesnook/apps/mobile/ios/Pods/Headers/Public/React-RCTAnimation\"\ \"/Users/ozel0t/Notesnook/notesnook/apps/mobile/ios/Pods/Headers/Public/React-RCTAppDelegate\"\ \"/Users/ozel0t/Notesnook/notesnook/apps/mobile/ios/Pods/Headers/Public/React-RCTBlob\"\ \"/Users/ozel0t/Notesnook/notesnook/apps/mobile/ios/Pods/Headers/Public/React-RCTFBReactNativeSpec\"\ \"/Users/ozel0t/Notesnook/notesnook/apps/mobile/ios/Pods/Headers/Public/React-RCTFabric\"\ \"/Users/ozel0t/Notesnook/notesnook/apps/mobile/ios/Pods/Headers/Public/React-RCTRuntime\"\ \"/Users/ozel0t/Notesnook/notesnook/apps/mobile/ios/Pods/Headers/Public/React-RCTText\"\ \"/Users/ozel0t/Notesnook/notesnook/apps/mobile/ios/Pods/Headers/Public/React-RuntimeApple\"\ \"/Users/ozel0t/Notesnook/notesnook/apps/mobile/ios/Pods/Headers/Public/React-RuntimeCore\"\ \"/Users/ozel0t/Notesnook/notesnook/apps/mobile/ios/Pods/Headers/Public/React-RuntimeHermes\"\ \"/Users/ozel0t/Notesnook/notesnook/apps/mobile/ios/Pods/Headers/Public/React-callinvoker\"\ \"/Users/ozel0t/Notesnook/notesnook/apps/mobile/ios/Pods/Headers/Public/React-cxxreact\"\ \"/Users/ozel0t/Notesnook/notesnook/apps/mobile/ios/Pods/Headers/Public/React-debug\"\ \"/Users/ozel0t/Notesnook/notesnook/apps/mobile/ios/Pods/Headers/Public/React-defaultsnativemodule\"\ \"/Users/ozel0t/Notesnook/notesnook/apps/mobile/ios/Pods/Headers/Public/React-domnativemodule\"\ \"/Users/ozel0t/Notesnook/notesnook/apps/mobile/ios/Pods/Headers/Public/React-featureflags\"\ \"/Users/ozel0t/Notesnook/notesnook/apps/mobile/ios/Pods/Headers/Public/React-featureflagsnativemodule\"\ \"/Users/ozel0t/Notesnook/notesnook/apps/mobile/ios/Pods/Headers/Public/React-graphics\"\ \"/Users/ozel0t/Notesnook/notesnook/apps/mobile/ios/Pods/Headers/Public/React-hermes\"\ \"/Users/ozel0t/Notesnook/notesnook/apps/mobile/ios/Pods/Headers/Public/React-idlecallbacksnativemodule\"\ \"/Users/ozel0t/Notesnook/notesnook/apps/mobile/ios/Pods/Headers/Public/React-jserrorhandler\"\ \"/Users/ozel0t/Notesnook/notesnook/apps/mobile/ios/Pods/Headers/Public/React-jsi\"\ \"/Users/ozel0t/Notesnook/notesnook/apps/mobile/ios/Pods/Headers/Public/React-jsiexecutor\"\ \"/Users/ozel0t/Notesnook/notesnook/apps/mobile/ios/Pods/Headers/Public/React-jsinspector\"\ \"/Users/ozel0t/Notesnook/notesnook/apps/mobile/ios/Pods/Headers/Public/React-jsinspectorcdp\"\ \"/Users/ozel0t/Notesnook/notesnook/apps/mobile/ios/Pods/Headers/Public/React-jsinspectornetwork\"\ \"/Users/ozel0t/Notesnook/notesnook/apps/mobile/ios/Pods/Headers/Public/React-jsinspectortracing\"\ \"/Users/ozel0t/Notesnook/notesnook/apps/mobile/ios/Pods/Headers/Public/React-jsitooling\"\ \"/Users/ozel0t/Notesnook/notesnook/apps/mobile/ios/Pods/Headers/Public/React-logger\"\ \"/Users/ozel0t/Notesnook/notesnook/apps/mobile/ios/Pods/Headers/Public/React-microtasksnativemodule\"\ \"/Users/ozel0t/Notesnook/notesnook/apps/mobile/ios/Pods/Headers/Public/React-oscompat\"\ \"/Users/ozel0t/Notesnook/notesnook/apps/mobile/ios/Pods/Headers/Public/React-perflogger\"\ \"/Users/ozel0t/Notesnook/notesnook/apps/mobile/ios/Pods/Headers/Public/React-performancecdpmetrics\"\ \"/Users/ozel0t/Notesnook/notesnook/apps/mobile/ios/Pods/Headers/Public/React-performancetimeline\"\ \"/Users/ozel0t/Notesnook/notesnook/apps/mobile/ios/Pods/Headers/Public/React-rendererconsistency\"\ \"/Users/ozel0t/Notesnook/notesnook/apps/mobile/ios/Pods/Headers/Public/React-renderercss\"\ \"/Users/ozel0t/Notesnook/notesnook/apps/mobile/ios/Pods/Headers/Public/React-rendererdebug\"\ \"/Users/ozel0t/Notesnook/notesnook/apps/mobile/ios/Pods/Headers/Public/React-runtimeexecutor\"\ \"/Users/ozel0t/Notesnook/notesnook/apps/mobile/ios/Pods/Headers/Public/React-runtimescheduler\"\ \"/Users/ozel0t/Notesnook/notesnook/apps/mobile/ios/Pods/Headers/Public/React-timing\"\ \"/Users/ozel0t/Notesnook/notesnook/apps/mobile/ios/Pods/Headers/Public/React-utils\"\ \"/Users/ozel0t/Notesnook/notesnook/apps/mobile/ios/Pods/Headers/Public/React-webperformancenativemodule\"\ \"/Users/ozel0t/Notesnook/notesnook/apps/mobile/ios/Pods/Headers/Public/ReactAppDependencyProvider\"\ \"/Users/ozel0t/Notesnook/notesnook/apps/mobile/ios/Pods/Headers/Public/ReactCodegen\"\ \"/Users/ozel0t/Notesnook/notesnook/apps/mobile/ios/Pods/Headers/Public/ReactCommon\"\ \"/Users/ozel0t/Notesnook/notesnook/apps/mobile/ios/Pods/Headers/Public/SDWebImage\"\ \"/Users/ozel0t/Notesnook/notesnook/apps/mobile/ios/Pods/Headers/Public/SSZipArchive\"\ \"/Users/ozel0t/Notesnook/notesnook/apps/mobile/ios/Pods/Headers/Public/SexyTooltip\"\ \"/Users/ozel0t/Notesnook/notesnook/apps/mobile/ios/Pods/Headers/Public/SocketRocket\"\ \"/Users/ozel0t/Notesnook/notesnook/apps/mobile/ios/Pods/Headers/Public/SwiftyRSA\"\ \"/Users/ozel0t/Notesnook/notesnook/apps/mobile/ios/Pods/Headers/Public/TOCropViewController\"\ \"/Users/ozel0t/Notesnook/notesnook/apps/mobile/ios/Pods/Headers/Public/Yoga\"\ \"/Users/ozel0t/Notesnook/notesnook/apps/mobile/ios/Pods/Headers/Public/boost\"\ \"/Users/ozel0t/Notesnook/notesnook/apps/mobile/ios/Pods/Headers/Public/callstack-repack\"\ \"/Users/ozel0t/Notesnook/notesnook/apps/mobile/ios/Pods/Headers/Public/fast_float\"\ \"/Users/ozel0t/Notesnook/notesnook/apps/mobile/ios/Pods/Headers/Public/fmt\"\ \"/Users/ozel0t/Notesnook/notesnook/apps/mobile/ios/Pods/Headers/Public/glog\"\ \"/Users/ozel0t/Notesnook/notesnook/apps/mobile/ios/Pods/Headers/Public/hermes-engine\"\ \"/Users/ozel0t/Notesnook/notesnook/apps/mobile/ios/Pods/Headers/Public/pop\"\ \"/Users/ozel0t/Notesnook/notesnook/apps/mobile/ios/Pods/Headers/Public/react-native-actions-shortcuts\"\ \"/Users/ozel0t/Notesnook/notesnook/apps/mobile/ios/Pods/Headers/Public/react-native-background-actions\"\ \"/Users/ozel0t/Notesnook/notesnook/apps/mobile/ios/Pods/Headers/Public/react-native-begin-background-task\"\ \"/Users/ozel0t/Notesnook/notesnook/apps/mobile/ios/Pods/Headers/Public/react-native-blob-util\"\ \"/Users/ozel0t/Notesnook/notesnook/apps/mobile/ios/Pods/Headers/Public/react-native-cameraroll\"\ \"/Users/ozel0t/Notesnook/notesnook/apps/mobile/ios/Pods/Headers/Public/react-native-config\"\ \"/Users/ozel0t/Notesnook/notesnook/apps/mobile/ios/Pods/Headers/Public/react-native-date-picker\"\ \"/Users/ozel0t/Notesnook/notesnook/apps/mobile/ios/Pods/Headers/Public/react-native-document-picker\"\ \"/Users/ozel0t/Notesnook/notesnook/apps/mobile/ios/Pods/Headers/Public/react-native-fast-openpgp\"\ \"/Users/ozel0t/Notesnook/notesnook/apps/mobile/ios/Pods/Headers/Public/react-native-fingerprint-scanner\"\ \"/Users/ozel0t/Notesnook/notesnook/apps/mobile/ios/Pods/Headers/Public/react-native-get-random-values\"\ \"/Users/ozel0t/Notesnook/notesnook/apps/mobile/ios/Pods/Headers/Public/react-native-gzip\"\ \"/Users/ozel0t/Notesnook/notesnook/apps/mobile/ios/Pods/Headers/Public/react-native-html-to-pdf-lite\"\ \"/Users/ozel0t/Notesnook/notesnook/apps/mobile/ios/Pods/Headers/Public/react-native-image-resizer\"\ \"/Users/ozel0t/Notesnook/notesnook/apps/mobile/ios/Pods/Headers/Public/react-native-in-app-review\"\ \"/Users/ozel0t/Notesnook/notesnook/apps/mobile/ios/Pods/Headers/Public/react-native-keep-awake\"\ \"/Users/ozel0t/Notesnook/notesnook/apps/mobile/ios/Pods/Headers/Public/react-native-mmkv-storage\"\ \"/Users/ozel0t/Notesnook/notesnook/apps/mobile/ios/Pods/Headers/Public/react-native-netinfo\"\ \"/Users/ozel0t/Notesnook/notesnook/apps/mobile/ios/Pods/Headers/Public/react-native-notification-sounds\"\ \"/Users/ozel0t/Notesnook/notesnook/apps/mobile/ios/Pods/Headers/Public/react-native-orientation-locker\"\ \"/Users/ozel0t/Notesnook/notesnook/apps/mobile/ios/Pods/Headers/Public/react-native-pdf\"\ \"/Users/ozel0t/Notesnook/notesnook/apps/mobile/ios/Pods/Headers/Public/react-native-quick-sqlite\"\ \"/Users/ozel0t/Notesnook/notesnook/apps/mobile/ios/Pods/Headers/Public/react-native-safe-area-context\"\ \"/Users/ozel0t/Notesnook/notesnook/apps/mobile/ios/Pods/Headers/Public/react-native-screenguard\"\ \"/Users/ozel0t/Notesnook/notesnook/apps/mobile/ios/Pods/Headers/Public/react-native-share-extension\"\ \"/Users/ozel0t/Notesnook/notesnook/apps/mobile/ios/Pods/Headers/Public/react-native-sodium\"\ \"/Users/ozel0t/Notesnook/notesnook/apps/mobile/ios/Pods/Headers/Public/react-native-theme-switch-animation\"\ \"/Users/ozel0t/Notesnook/notesnook/apps/mobile/ios/Pods/Headers/Public/react-native-upload\"\ \"/Users/ozel0t/Notesnook/notesnook/apps/mobile/ios/Pods/Headers/Public/react-native-view-shot\"\ \"/Users/ozel0t/Notesnook/notesnook/apps/mobile/ios/Pods/Headers/Public/react-native-webview\"\ \"/Users/ozel0t/Notesnook/notesnook/apps/mobile/ios/Pods/Headers/Public/toolbar-android\"\ \"/Users/ozel0t/Notesnook/notesnook/apps/mobile/ios/build/Catalyst/Build/Products/Release-maccatalyst/XCFrameworkIntermediates/react-native-sodium/Headers\"\ \"/Users/ozel0t/Notesnook/notesnook/apps/mobile/ios/Pods/DoubleConversion\"\ \"/Users/ozel0t/Notesnook/notesnook/apps/mobile/ios/Pods/boost\"\ \"/Users/ozel0t/Notesnook/notesnook/apps/mobile/ios/Pods/boost\"\ \"/Users/ozel0t/Notesnook/notesnook/apps/mobile/ios/Pods/boost-for-react-native\"\ \"/Users/ozel0t/Notesnook/notesnook/apps/mobile/ios/Pods/glog\"\ \"/Users/ozel0t/Notesnook/notesnook/apps/mobile/ios/Pods/RCT-Folly\"\ \"/Users/ozel0t/Notesnook/notesnook/apps/mobile/ios/Pods/Headers/Public/React-hermes\"\ \"/Users/ozel0t/Notesnook/notesnook/apps/mobile/ios/Pods/Headers/Public/hermes-engine\"\ \"/Users/ozel0t/Notesnook/notesnook/apps/mobile/ios/Pods/Headers/Public/RNWorklets\"\ \"/Users/ozel0t/Notesnook/notesnook/apps/mobile/ios/Pods/../../node_modules/react-native/ReactCommon\"\ \"/Users/ozel0t/Notesnook/notesnook/apps/mobile/ios/Pods/../../node_modules/react-native-reanimated/apple\"\ \"/Users/ozel0t/Notesnook/notesnook/apps/mobile/ios/Pods/../../node_modules/react-native-reanimated/Common/cpp\"\ \"/Users/ozel0t/Notesnook/notesnook/apps/mobile/ios/Pods/../../node_modules/react-native-reanimated/Common/NativeView\"\ \"/Users/ozel0t/Notesnook/notesnook/apps/mobile/ios/Pods/../../node_modules/react-native-worklets/apple\"\ \"/Users/ozel0t/Notesnook/notesnook/apps/mobile/ios/Pods/../../node_modules/react-native-worklets/Common/cpp\"\ \"/Users/ozel0t/Notesnook/notesnook/apps/mobile/ios/Pods/boost\"\ \"/Users/ozel0t/Notesnook/notesnook/apps/mobile/ios/Pods/boost-for-react-native\"\ \"/Users/ozel0t/Notesnook/notesnook/apps/mobile/ios/Pods/glog\"\ \"/Users/ozel0t/Notesnook/notesnook/apps/mobile/ios/Pods/RCT-Folly\"\ \"/Users/ozel0t/Notesnook/notesnook/apps/mobile/ios/Pods/Headers/Public/React-hermes\"\ \"/Users/ozel0t/Notesnook/notesnook/apps/mobile/ios/Pods/Headers/Public/hermes-engine\"\ \"/Users/ozel0t/Notesnook/notesnook/apps/mobile/ios/Pods/../../node_modules/react-native/ReactCommon\"\ \"/Users/ozel0t/Notesnook/notesnook/apps/mobile/ios/Pods/../../node_modules/react-native-worklets/apple\"\ \"/Users/ozel0t/Notesnook/notesnook/apps/mobile/ios/Pods/../../node_modules/react-native-worklets/Common/cpp\"\ \"/Users/ozel0t/Notesnook/notesnook/apps/mobile/ios/Pods/Headers/Private/React-Core\"\ \"/Users/ozel0t/Notesnook/notesnook/apps/mobile/ios/Pods/Headers/Private/React-Core\"\ \"/Users/ozel0t/Notesnook/notesnook/apps/mobile/ios/Pods/Headers/Private/Yoga\"\ /Users/ozel0t/Notesnook/notesnook/apps/mobile/ios/Pods/Headers/Public/react-native-sodium/\*\*\ \"/Users/ozel0t/Notesnook/notesnook/apps/mobile/ios/Pods/Headers/Public\"\ \"/Users/ozel0t/Notesnook/notesnook/apps/mobile/ios/Pods/Headers/Public/Base64\"\ \"/Users/ozel0t/Notesnook/notesnook/apps/mobile/ios/Pods/Headers/Public/DoubleConversion\"\ \"/Users/ozel0t/Notesnook/notesnook/apps/mobile/ios/Pods/Headers/Public/FBLazyVector\"\ \"/Users/ozel0t/Notesnook/notesnook/apps/mobile/ios/Pods/Headers/Public/FBReactNativeSpec\"\ \"/Users/ozel0t/Notesnook/notesnook/apps/mobile/ios/Pods/Headers/Public/MMKV\"\ \"/Users/ozel0t/Notesnook/notesnook/apps/mobile/ios/Pods/Headers/Public/MMKVAppExtension\"\ \"/Users/ozel0t/Notesnook/notesnook/apps/mobile/ios/Pods/Headers/Public/MMKVCore\"\ \"/Users/ozel0t/Notesnook/notesnook/apps/mobile/ios/Pods/Headers/Public/Permission-PhotoLibrary\"\ \"/Users/ozel0t/Notesnook/notesnook/apps/mobile/ios/Pods/Headers/Public/RCTRequired\"\ \"/Users/ozel0t/Notesnook/notesnook/apps/mobile/ios/Pods/Headers/Public/RCTTypeSafety\"\ \"/Users/ozel0t/Notesnook/notesnook/apps/mobile/ios/Pods/Headers/Public/RNCCheckbox\"\ \"/Users/ozel0t/Notesnook/notesnook/apps/mobile/ios/Pods/Headers/Public/RNCMaskedView\"\ \"/Users/ozel0t/Notesnook/notesnook/apps/mobile/ios/Pods/Headers/Public/RNDeviceInfo\"\ \"/Users/ozel0t/Notesnook/notesnook/apps/mobile/ios/Pods/Headers/Public/RNFileViewer\"\ \"/Users/ozel0t/Notesnook/notesnook/apps/mobile/ios/Pods/Headers/Public/RNGestureHandler\"\ \"/Users/ozel0t/Notesnook/notesnook/apps/mobile/ios/Pods/Headers/Public/RNIap\"\ \"/Users/ozel0t/Notesnook/notesnook/apps/mobile/ios/Pods/Headers/Public/RNKeychain\"\ \"/Users/ozel0t/Notesnook/notesnook/apps/mobile/ios/Pods/Headers/Public/RNPermissions\"\ \"/Users/ozel0t/Notesnook/notesnook/apps/mobile/ios/Pods/Headers/Public/RNPrivacySnapshot\"\ \"/Users/ozel0t/Notesnook/notesnook/apps/mobile/ios/Pods/Headers/Public/RNReanimated\"\ \"/Users/ozel0t/Notesnook/notesnook/apps/mobile/ios/Pods/Headers/Public/RNSVG\"\ \"/Users/ozel0t/Notesnook/notesnook/apps/mobile/ios/Pods/Headers/Public/RNScreens\"\ \"/Users/ozel0t/Notesnook/notesnook/apps/mobile/ios/Pods/Headers/Public/RNSecureRandom\"\ \"/Users/ozel0t/Notesnook/notesnook/apps/mobile/ios/Pods/Headers/Public/RNSentry\"\ \"/Users/ozel0t/Notesnook/notesnook/apps/mobile/ios/Pods/Headers/Public/RNShare\"\ \"/Users/ozel0t/Notesnook/notesnook/apps/mobile/ios/Pods/Headers/Public/RNStoreReview\"\ \"/Users/ozel0t/Notesnook/notesnook/apps/mobile/ios/Pods/Headers/Public/RNTooltips\"\ \"/Users/ozel0t/Notesnook/notesnook/apps/mobile/ios/Pods/Headers/Public/RNVectorIcons\"\ \"/Users/ozel0t/Notesnook/notesnook/apps/mobile/ios/Pods/Headers/Public/React-Core\"\ \"/Users/ozel0t/Notesnook/notesnook/apps/mobile/ios/Pods/Headers/Public/React-RCTText\"\ \"/Users/ozel0t/Notesnook/notesnook/apps/mobile/ios/Pods/Headers/Public/React-callinvoker\"\ \"/Users/ozel0t/Notesnook/notesnook/apps/mobile/ios/Pods/Headers/Public/React-cxxreact\"\ \"/Users/ozel0t/Notesnook/notesnook/apps/mobile/ios/Pods/Headers/Public/React-jsi\"\ \"/Users/ozel0t/Notesnook/notesnook/apps/mobile/ios/Pods/Headers/Public/React-jsiexecutor\"\ \"/Users/ozel0t/Notesnook/notesnook/apps/mobile/ios/Pods/Headers/Public/React-jsinspector\"\ \"/Users/ozel0t/Notesnook/notesnook/apps/mobile/ios/Pods/Headers/Public/ReactCommon\"\ \"/Users/ozel0t/Notesnook/notesnook/apps/mobile/ios/Pods/Headers/Public/Sentry\"\ \"/Users/ozel0t/Notesnook/notesnook/apps/mobile/ios/Pods/Headers/Public/SexyTooltip\"\ \"/Users/ozel0t/Notesnook/notesnook/apps/mobile/ios/Pods/Headers/Public/Yoga\"\ \"/Users/ozel0t/Notesnook/notesnook/apps/mobile/ios/Pods/Headers/Public/glog\"\ \"/Users/ozel0t/Notesnook/notesnook/apps/mobile/ios/Pods/Headers/Public/pop\"\ \"/Users/ozel0t/Notesnook/notesnook/apps/mobile/ios/Pods/Headers/Public/react-native-document-picker\"\ \"/Users/ozel0t/Notesnook/notesnook/apps/mobile/ios/Pods/Headers/Public/react-native-get-random-values\"\ \"/Users/ozel0t/Notesnook/notesnook/apps/mobile/ios/Pods/Headers/Public/react-native-html-to-pdf\"\ \"/Users/ozel0t/Notesnook/notesnook/apps/mobile/ios/Pods/Headers/Public/react-native-keep-awake\"\ \"/Users/ozel0t/Notesnook/notesnook/apps/mobile/ios/Pods/Headers/Public/react-native-mmkv-storage\"\ \"/Users/ozel0t/Notesnook/notesnook/apps/mobile/ios/Pods/Headers/Public/react-native-mmkv-storage-ext\"\ \"/Users/ozel0t/Notesnook/notesnook/apps/mobile/ios/Pods/Headers/Public/react-native-netinfo\"\ \"/Users/ozel0t/Notesnook/notesnook/apps/mobile/ios/Pods/Headers/Public/react-native-orientation\"\ \"/Users/ozel0t/Notesnook/notesnook/apps/mobile/ios/Pods/Headers/Public/react-native-receive-sharing-intent\"\ \"/Users/ozel0t/Notesnook/notesnook/apps/mobile/ios/Pods/Headers/Public/react-native-safe-area-context\"\ \"/Users/ozel0t/Notesnook/notesnook/apps/mobile/ios/Pods/Headers/Public/react-native-sodium\"\ \"/Users/ozel0t/Notesnook/notesnook/apps/mobile/ios/Pods/Headers/Public/react-native-splash-screen\"\ \"/Users/ozel0t/Notesnook/notesnook/apps/mobile/ios/Pods/Headers/Public/react-native-viewpager\"\ \"/Users/ozel0t/Notesnook/notesnook/apps/mobile/ios/Pods/Headers/Public/react-native-webview\"\ \"/Users/ozel0t/Notesnook/notesnook/apps/mobile/ios/Pods/Headers/Public/rn-fetch-blob\"\ \"/Users/ozel0t/Notesnook/notesnook/apps/mobile/ios/Pods/Headers/Public/toolbar-android\"\ \"/Users/ozel0t/Notesnook/notesnook/apps/mobile/ios/Pods/Headers/Private/React-Core\"\ /Users/ozel0t/Notesnook/notesnook/apps/mobile/ios/Pods/Headers/Public/\#\{s.name\}/\*\*
    export HOME\=/Users/ozel0t
    export HOST_ARCH\=arm64
    export HOST_PLATFORM\=macosx
    export ICONV\=/usr/bin/iconv
    export IMPLICIT_DEPENDENCY_DOMAIN\=default
    export INDEX_ENABLE_OPTIMIZATION_LEVEL_OVERRIDE\=YES
    export INDEX_STORE_COMPRESS\=NO
    export INDEX_STORE_ONLY_PROJECT_FILES\=NO
    export INFOPLIST_ENABLE_CFBUNDLEICONS_MERGE\=YES
    export INFOPLIST_EXPAND_BUILD_SETTINGS\=YES
    export INFOPLIST_FILE\=Notesnook/Info.plist
    export INFOPLIST_OUTPUT_FORMAT\=same-as-input
    export INFOPLIST_PATH\=Notesnook.app/Contents/Info.plist
    export INFOPLIST_PREPROCESS\=NO
    export INFOSTRINGS_PATH\=Notesnook.app/Contents/Resources/en.lproj/InfoPlist.strings
    export INLINE_PRIVATE_FRAMEWORKS\=NO
    export INSTALLAPI_IGNORE_SKIP_INSTALL\=YES
    export INSTALLHDRS_COPY_PHASE\=NO
    export INSTALLHDRS_SCRIPT_PHASE\=NO
    export INSTALL_DIR\=/tmp/Notesnook.dst/Applications
    export INSTALL_GROUP\=staff
    export INSTALL_MODE_FLAG\=u+w,go-w,a+rX
    export INSTALL_OWNER\=ozel0t
    export INSTALL_PATH\=/Applications
    export INSTALL_ROOT\=/tmp/Notesnook.dst
    export IOS_CURRENT_PROJECT_VERSION\=22
    export IOS_MAIN_BUNDLE_ID\=com.ozel0t.note.notesnookpencil.mac
    export IOS_MARKETING_VERSION\=3.4.16
    export IOS_SHARE_BUNDLE_ID\=com.ozel0t.note.notesnookpencil.mac.share
    export IOS_UNZIPPERED_TWIN_PREFIX_PATH\=/System/iOSSupport
    export IOS_WIDGET_BUNDLE_ID\=com.ozel0t.note.notesnookpencil.mac.widget
    export IS_MACCATALYST\=YES
    export IS_UNOPTIMIZED_BUILD\=NO
    export JAVAC_DEFAULT_FLAGS\=-J-Xms64m\ -J-XX:NewSize\=4M\ -J-Dfile.encoding\=UTF8
    export JAVA_APP_STUB\=/System/Library/Frameworks/JavaVM.framework/Resources/MacOS/JavaApplicationStub
    export JAVA_ARCHIVE_CLASSES\=YES
    export JAVA_ARCHIVE_TYPE\=JAR
    export JAVA_COMPILER\=/usr/bin/javac
    export JAVA_FOLDER_PATH\=Notesnook.app/Contents/Resources/Java
    export JAVA_FRAMEWORK_RESOURCES_DIRS\=Resources
    export JAVA_JAR_FLAGS\=cv
    export JAVA_SOURCE_SUBDIR\=.
    export JAVA_USE_DEPENDENCIES\=YES
    export JAVA_ZIP_FLAGS\=-urg
    export JIKES_DEFAULT_FLAGS\=+E\ +OLDCSO
    export KASAN_CFLAGS_CLASSIC\=-DKASAN\=1\ -DKASAN_CLASSIC\=1\ -fsanitize\=address\ -mllvm\ -asan-globals-live-support\ -mllvm\ -asan-force-dynamic-shadow
    export KASAN_CFLAGS_TBI\=-DKASAN\=1\ -DKASAN_TBI\=1\ -fsanitize\=kernel-hwaddress\ -mllvm\ -hwasan-recover\=0\ -mllvm\ -hwasan-instrument-atomics\=0\ -mllvm\ -hwasan-instrument-stack\=1\ -mllvm\ -hwasan-generate-tags-with-calls\=1\ -mllvm\ -hwasan-instrument-with-calls\=1\ -mllvm\ -hwasan-use-short-granules\=0\ -mllvm\ -hwasan-memory-access-callback-prefix\=__asan_
    export KASAN_DEFAULT_CFLAGS\=-DKASAN\=1\ -DKASAN_CLASSIC\=1\ -fsanitize\=address\ -mllvm\ -asan-globals-live-support\ -mllvm\ -asan-force-dynamic-shadow
    export KEEP_PRIVATE_EXTERNS\=NO
    export LD_DEPENDENCY_INFO_FILE\=/Users/ozel0t/Notesnook/notesnook/apps/mobile/ios/build/Catalyst/Build/Intermediates.noindex/Notesnook.build/Release-maccatalyst/Notesnook.build/Objects-normal/undefined_arch/Notesnook_dependency_info.dat
    export LD_EXPORT_SYMBOLS\=YES
    export LD_GENERATE_MAP_FILE\=NO
    export LD_MAP_FILE_PATH\=/Users/ozel0t/Notesnook/notesnook/apps/mobile/ios/build/Catalyst/Build/Intermediates.noindex/Notesnook.build/Release-maccatalyst/Notesnook.build/Notesnook-LinkMap-normal-undefined_arch.txt
    export LD_NO_PIE\=NO
    export LD_QUOTE_LINKER_ARGUMENTS_FOR_COMPILER_DRIVER\=YES
    export LD_RUNPATH_SEARCH_PATHS\=/usr/lib/swift\ @loader_path/../Frameworks\ /usr/lib/swift\ \'@executable_path/Frameworks\'\ \'@loader_path/Frameworks\'\ @executable_path/Frameworks
    export LD_RUNPATH_SEARCH_PATHS_YES\=@loader_path/../Frameworks
    export LD_SHARED_CACHE_ELIGIBLE\=Automatic
    export LD_WARN_DUPLICATE_LIBRARIES\=NO
    export LD_WARN_UNUSED_DYLIBS\=NO
    export LEGACY_DEVELOPER_DIR\=/Applications/Xcode.app/Contents/PlugIns/Xcode3Core.ideplugin/Contents/SharedSupport/Developer
    export LEX\=lex
    export LIBRARY_DEXT_INSTALL_PATH\=/Library/DriverExtensions
    export LIBRARY_FLAG_NOSPACE\=YES
    export LIBRARY_FLAG_PREFIX\=-l
    export LIBRARY_KEXT_INSTALL_PATH\=/Library/Extensions
    export LIBRARY_SEARCH_PATHS\=/Users/ozel0t/Notesnook/notesnook/apps/mobile/ios/build/Catalyst/Build/Products/Release-maccatalyst\ /Applications/Xcode.app/Contents/Developer/Platforms/MacOSX.platform/Developer/SDKs/MacOSX27.0.sdk/usr/lib/swift\ /Applications/Xcode.app/Contents/Developer/Platforms/MacOSX.platform/Developer/SDKs/MacOSX27.0.sdk/System/iOSSupport/usr/lib/swift\ /Applications/Xcode.app/Contents/Developer/Platforms/MacOSX.platform/Developer/SDKs/MacOSX27.0.sdk/usr/lib/swift\ /Applications/Xcode.app/Contents/Developer/Toolchains/XcodeDefault.xctoolchain/usr/lib/swift/macosx\ /Applications/Xcode.app/Contents/Developer/Toolchains/XcodeDefault.xctoolchain/usr/lib/swift-5.2/macosx\ \ /Applications/Xcode.app/Contents/Developer/Platforms/MacOSX.platform/Developer/SDKs/MacOSX27.0.sdk/System/iOSSupport/usr/lib\ /Applications/Xcode.app/Contents/Developer/Toolchains/XcodeDefault.xctoolchain/usr/lib/swift/maccatalyst\ /Users/ozel0t/Notesnook/notesnook/apps/mobile/ios/build/Catalyst/Build/Products/Release-maccatalyst/BEMCheckBox\ /Users/ozel0t/Notesnook/notesnook/apps/mobile/ios/build/Catalyst/Build/Products/Release-maccatalyst/Base64\ /Users/ozel0t/Notesnook/notesnook/apps/mobile/ios/build/Catalyst/Build/Products/Release-maccatalyst/DoubleConversion\ /Users/ozel0t/Notesnook/notesnook/apps/mobile/ios/build/Catalyst/Build/Products/Release-maccatalyst/GZIP\ /Users/ozel0t/Notesnook/notesnook/apps/mobile/ios/build/Catalyst/Build/Products/Release-maccatalyst/JWTDecode\ /Users/ozel0t/Notesnook/notesnook/apps/mobile/ios/build/Catalyst/Build/Products/Release-maccatalyst/MMKV\ /Users/ozel0t/Notesnook/notesnook/apps/mobile/ios/build/Catalyst/Build/Products/Release-maccatalyst/MMKVCore\ /Users/ozel0t/Notesnook/notesnook/apps/mobile/ios/build/Catalyst/Build/Products/Release-maccatalyst/NitroCloudUploader\ /Users/ozel0t/Notesnook/notesnook/apps/mobile/ios/build/Catalyst/Build/Products/Release-maccatalyst/NitroModules\ /Users/ozel0t/Notesnook/notesnook/apps/mobile/ios/build/Catalyst/Build/Products/Release-maccatalyst/RCT-Folly\ /Users/ozel0t/Notesnook/notesnook/apps/mobile/ios/build/Catalyst/Build/Products/Release-maccatalyst/RCTDeprecation\ /Users/ozel0t/Notesnook/notesnook/apps/mobile/ios/build/Catalyst/Build/Products/Release-maccatalyst/RCTTypeSafety\ /Users/ozel0t/Notesnook/notesnook/apps/mobile/ios/build/Catalyst/Build/Products/Release-maccatalyst/RNBackgroundFetch\ /Users/ozel0t/Notesnook/notesnook/apps/mobile/ios/build/Catalyst/Build/Products/Release-maccatalyst/RNBootSplash\ /Users/ozel0t/Notesnook/notesnook/apps/mobile/ios/build/Catalyst/Build/Products/Release-maccatalyst/RNCCheckbox\ /Users/ozel0t/Notesnook/notesnook/apps/mobile/ios/build/Catalyst/Build/Products/Release-maccatalyst/RNCClipboard\ /Users/ozel0t/Notesnook/notesnook/apps/mobile/ios/build/Catalyst/Build/Products/Release-maccatalyst/RNCMaskedView\ /Users/ozel0t/Notesnook/notesnook/apps/mobile/ios/build/Catalyst/Build/Products/Release-maccatalyst/RNDateTimePicker\ /Users/ozel0t/Notesnook/notesnook/apps/mobile/ios/build/Catalyst/Build/Products/Release-maccatalyst/RNDeviceInfo\ /Users/ozel0t/Notesnook/notesnook/apps/mobile/ios/build/Catalyst/Build/Products/Release-maccatalyst/RNExitApp\ /Users/ozel0t/Notesnook/notesnook/apps/mobile/ios/build/Catalyst/Build/Products/Release-maccatalyst/RNFileViewer\ /Users/ozel0t/Notesnook/notesnook/apps/mobile/ios/build/Catalyst/Build/Products/Release-maccatalyst/RNGestureHandler\ /Users/ozel0t/Notesnook/notesnook/apps/mobile/ios/build/Catalyst/Build/Products/Release-maccatalyst/RNIap\ /Users/ozel0t/Notesnook/notesnook/apps/mobile/ios/build/Catalyst/Build/Products/Release-maccatalyst/RNImageCropPicker\ /Users/ozel0t/Notesnook/notesnook/apps/mobile/ios/build/Catalyst/Build/Products/Release-maccatalyst/RNKeychain\ /Users/ozel0t/Notesnook/notesnook/apps/mobile/ios/build/Catalyst/Build/Products/Release-maccatalyst/RNNotifee\ /Users/ozel0t/Notesnook/notesnook/apps/mobile/ios/build/Catalyst/Build/Products/Release-maccatalyst/RNReanimated\ /Users/ozel0t/Notesnook/notesnook/apps/mobile/ios/build/Catalyst/Build/Products/Release-maccatalyst/RNSVG\ /Users/ozel0t/Notesnook/notesnook/apps/mobile/ios/build/Catalyst/Build/Products/Release-maccatalyst/RNScreens\ /Users/ozel0t/Notesnook/notesnook/apps/mobile/ios/build/Catalyst/Build/Products/Release-maccatalyst/RNSecureRandom\ /Users/ozel0t/Notesnook/notesnook/apps/mobile/ios/build/Catalyst/Build/Products/Release-maccatalyst/RNShare\ /Users/ozel0t/Notesnook/notesnook/apps/mobile/ios/build/Catalyst/Build/Products/Release-maccatalyst/RNTooltips\ /Users/ozel0t/Notesnook/notesnook/apps/mobile/ios/build/Catalyst/Build/Products/Release-maccatalyst/RNWorklets\ /Users/ozel0t/Notesnook/notesnook/apps/mobile/ios/build/Catalyst/Build/Products/Release-maccatalyst/RNZipArchive\ /Users/ozel0t/Notesnook/notesnook/apps/mobile/ios/build/Catalyst/Build/Products/Release-maccatalyst/React-Codegen\ /Users/ozel0t/Notesnook/notesnook/apps/mobile/ios/build/Catalyst/Build/Products/Release-maccatalyst/React-Core\ /Users/ozel0t/Notesnook/notesnook/apps/mobile/ios/build/Catalyst/Build/Products/Release-maccatalyst/React-CoreModules\ /Users/ozel0t/Notesnook/notesnook/apps/mobile/ios/build/Catalyst/Build/Products/Release-maccatalyst/React-Fabric\ /Users/ozel0t/Notesnook/notesnook/apps/mobile/ios/build/Catalyst/Build/Products/Release-maccatalyst/React-FabricComponents\ /Users/ozel0t/Notesnook/notesnook/apps/mobile/ios/build/Catalyst/Build/Products/Release-maccatalyst/React-FabricImage\ /Users/ozel0t/Notesnook/notesnook/apps/mobile/ios/build/Catalyst/Build/Products/Release-maccatalyst/React-ImageManager\ /Users/ozel0t/Notesnook/notesnook/apps/mobile/ios/build/Catalyst/Build/Products/Release-maccatalyst/React-Mapbuffer\ /Users/ozel0t/Notesnook/notesnook/apps/mobile/ios/build/Catalyst/Build/Products/Release-maccatalyst/React-NativeModulesApple\ /Users/ozel0t/Notesnook/notesnook/apps/mobile/ios/build/Catalyst/Build/Products/Release-maccatalyst/React-RCTAnimation\ /Users/ozel0t/Notesnook/notesnook/apps/mobile/ios/build/Catalyst/Build/Products/Release-maccatalyst/React-RCTAppDelegate\ /Users/ozel0t/Notesnook/notesnook/apps/mobile/ios/build/Catalyst/Build/Products/Release-maccatalyst/React-RCTBlob\ /Users/ozel0t/Notesnook/notesnook/apps/mobile/ios/build/Catalyst/Build/Products/Release-maccatalyst/React-RCTFBReactNativeSpec\ /Users/ozel0t/Notesnook/notesnook/apps/mobile/ios/build/Catalyst/Build/Products/Release-maccatalyst/React-RCTFabric\ /Users/ozel0t/Notesnook/notesnook/apps/mobile/ios/build/Catalyst/Build/Products/Release-maccatalyst/React-RCTImage\ /Users/ozel0t/Notesnook/notesnook/apps/mobile/ios/build/Catalyst/Build/Products/Release-maccatalyst/React-RCTLinking\ /Users/ozel0t/Notesnook/notesnook/apps/mobile/ios/build/Catalyst/Build/Products/Release-maccatalyst/React-RCTNetwork\ /Users/ozel0t/Notesnook/notesnook/apps/mobile/ios/build/Catalyst/Build/Products/Release-maccatalyst/React-RCTRuntime\ /Users/ozel0t/Notesnook/notesnook/apps/mobile/ios/build/Catalyst/Build/Products/Release-maccatalyst/React-RCTSettings\ /Users/ozel0t/Notesnook/notesnook/apps/mobile/ios/build/Catalyst/Build/Products/Release-maccatalyst/React-RCTText\ /Users/ozel0t/Notesnook/notesnook/apps/mobile/ios/build/Catalyst/Build/Products/Release-maccatalyst/React-RCTVibration\ /Users/ozel0t/Notesnook/notesnook/apps/mobile/ios/build/Catalyst/Build/Products/Release-maccatalyst/React-RuntimeApple\ /Users/ozel0t/Notesnook/notesnook/apps/mobile/ios/build/Catalyst/Build/Products/Release-maccatalyst/React-RuntimeCore\ /Users/ozel0t/Notesnook/notesnook/apps/mobile/ios/build/Catalyst/Build/Products/Release-maccatalyst/React-RuntimeHermes\ /Users/ozel0t/Notesnook/notesnook/apps/mobile/ios/build/Catalyst/Build/Products/Release-maccatalyst/React-cxxreact\ /Users/ozel0t/Notesnook/notesnook/apps/mobile/ios/build/Catalyst/Build/Products/Release-maccatalyst/React-debug\ /Users/ozel0t/Notesnook/notesnook/apps/mobile/ios/build/Catalyst/Build/Products/Release-maccatalyst/React-defaultsnativemodule\ /Users/ozel0t/Notesnook/notesnook/apps/mobile/ios/build/Catalyst/Build/Products/Release-maccatalyst/React-domnativemodule\ /Users/ozel0t/Notesnook/notesnook/apps/mobile/ios/build/Catalyst/Build/Products/Release-maccatalyst/React-featureflags\ /Users/ozel0t/Notesnook/notesnook/apps/mobile/ios/build/Catalyst/Build/Products/Release-maccatalyst/React-featureflagsnativemodule\ /Users/ozel0t/Notesnook/notesnook/apps/mobile/ios/build/Catalyst/Build/Products/Release-maccatalyst/React-graphics\ /Users/ozel0t/Notesnook/notesnook/apps/mobile/ios/build/Catalyst/Build/Products/Release-maccatalyst/React-hermes\ /Users/ozel0t/Notesnook/notesnook/apps/mobile/ios/build/Catalyst/Build/Products/Release-maccatalyst/React-idlecallbacksnativemodule\ /Users/ozel0t/Notesnook/notesnook/apps/mobile/ios/build/Catalyst/Build/Products/Release-maccatalyst/React-jserrorhandler\ /Users/ozel0t/Notesnook/notesnook/apps/mobile/ios/build/Catalyst/Build/Products/Release-maccatalyst/React-jsi\ /Users/ozel0t/Notesnook/notesnook/apps/mobile/ios/build/Catalyst/Build/Products/Release-maccatalyst/React-jsiexecutor\ /Users/ozel0t/Notesnook/notesnook/apps/mobile/ios/build/Catalyst/Build/Products/Release-maccatalyst/React-jsinspector\ /Users/ozel0t/Notesnook/notesnook/apps/mobile/ios/build/Catalyst/Build/Products/Release-maccatalyst/React-jsinspectorcdp\ /Users/ozel0t/Notesnook/notesnook/apps/mobile/ios/build/Catalyst/Build/Products/Release-maccatalyst/React-jsinspectornetwork\ /Users/ozel0t/Notesnook/notesnook/apps/mobile/ios/build/Catalyst/Build/Products/Release-maccatalyst/React-jsinspectortracing\ /Users/ozel0t/Notesnook/notesnook/apps/mobile/ios/build/Catalyst/Build/Products/Release-maccatalyst/React-jsitooling\ /Users/ozel0t/Notesnook/notesnook/apps/mobile/ios/build/Catalyst/Build/Products/Release-maccatalyst/React-logger\ /Users/ozel0t/Notesnook/notesnook/apps/mobile/ios/build/Catalyst/Build/Products/Release-maccatalyst/React-microtasksnativemodule\ /Users/ozel0t/Notesnook/notesnook/apps/mobile/ios/build/Catalyst/Build/Products/Release-maccatalyst/React-oscompat\ /Users/ozel0t/Notesnook/notesnook/apps/mobile/ios/build/Catalyst/Build/Products/Release-maccatalyst/React-perflogger\ /Users/ozel0t/Notesnook/notesnook/apps/mobile/ios/build/Catalyst/Build/Products/Release-maccatalyst/React-performancecdpmetrics\ /Users/ozel0t/Notesnook/notesnook/apps/mobile/ios/build/Catalyst/Build/Products/Release-maccatalyst/React-performancetimeline\ /Users/ozel0t/Notesnook/notesnook/apps/mobile/ios/build/Catalyst/Build/Products/Release-maccatalyst/React-rendererconsistency\ /Users/ozel0t/Notesnook/notesnook/apps/mobile/ios/build/Catalyst/Build/Products/Release-maccatalyst/React-renderercss\ /Users/ozel0t/Notesnook/notesnook/apps/mobile/ios/build/Catalyst/Build/Products/Release-maccatalyst/React-rendererdebug\ /Users/ozel0t/Notesnook/notesnook/apps/mobile/ios/build/Catalyst/Build/Products/Release-maccatalyst/React-runtimeexecutor\ /Users/ozel0t/Notesnook/notesnook/apps/mobile/ios/build/Catalyst/Build/Products/Release-maccatalyst/React-runtimescheduler\ /Users/ozel0t/Notesnook/notesnook/apps/mobile/ios/build/Catalyst/Build/Products/Release-maccatalyst/React-utils\ /Users/ozel0t/Notesnook/notesnook/apps/mobile/ios/build/Catalyst/Build/Products/Release-maccatalyst/React-webperformancenativemodule\ /Users/ozel0t/Notesnook/notesnook/apps/mobile/ios/build/Catalyst/Build/Products/Release-maccatalyst/ReactAppDependencyProvider\ /Users/ozel0t/Notesnook/notesnook/apps/mobile/ios/build/Catalyst/Build/Products/Release-maccatalyst/ReactCodegen\ /Users/ozel0t/Notesnook/notesnook/apps/mobile/ios/build/Catalyst/Build/Products/Release-maccatalyst/ReactCommon\ /Users/ozel0t/Notesnook/notesnook/apps/mobile/ios/build/Catalyst/Build/Products/Release-maccatalyst/SDWebImage\ /Users/ozel0t/Notesnook/notesnook/apps/mobile/ios/build/Catalyst/Build/Products/Release-maccatalyst/SSZipArchive\ /Users/ozel0t/Notesnook/notesnook/apps/mobile/ios/build/Catalyst/Build/Products/Release-maccatalyst/SexyTooltip\ /Users/ozel0t/Notesnook/notesnook/apps/mobile/ios/build/Catalyst/Build/Products/Release-maccatalyst/SocketRocket\ /Users/ozel0t/Notesnook/notesnook/apps/mobile/ios/build/Catalyst/Build/Products/Release-maccatalyst/SwiftyRSA\ /Users/ozel0t/Notesnook/notesnook/apps/mobile/ios/build/Catalyst/Build/Products/Release-maccatalyst/TOCropViewController\ /Users/ozel0t/Notesnook/notesnook/apps/mobile/ios/build/Catalyst/Build/Products/Release-maccatalyst/Yoga\ /Users/ozel0t/Notesnook/notesnook/apps/mobile/ios/build/Catalyst/Build/Products/Release-maccatalyst/callstack-repack\ /Users/ozel0t/Notesnook/notesnook/apps/mobile/ios/build/Catalyst/Build/Products/Release-maccatalyst/fmt\ /Users/ozel0t/Notesnook/notesnook/apps/mobile/ios/build/Catalyst/Build/Products/Release-maccatalyst/glog\ /Users/ozel0t/Notesnook/notesnook/apps/mobile/ios/build/Catalyst/Build/Products/Release-maccatalyst/pop\ /Users/ozel0t/Notesnook/notesnook/apps/mobile/ios/build/Catalyst/Build/Products/Release-maccatalyst/react-native-actions-shortcuts\ /Users/ozel0t/Notesnook/notesnook/apps/mobile/ios/build/Catalyst/Build/Products/Release-maccatalyst/react-native-background-actions\ /Users/ozel0t/Notesnook/notesnook/apps/mobile/ios/build/Catalyst/Build/Products/Release-maccatalyst/react-native-begin-background-task\ /Users/ozel0t/Notesnook/notesnook/apps/mobile/ios/build/Catalyst/Build/Products/Release-maccatalyst/react-native-blob-util\ /Users/ozel0t/Notesnook/notesnook/apps/mobile/ios/build/Catalyst/Build/Products/Release-maccatalyst/react-native-cameraroll\ /Users/ozel0t/Notesnook/notesnook/apps/mobile/ios/build/Catalyst/Build/Products/Release-maccatalyst/react-native-config\ /Users/ozel0t/Notesnook/notesnook/apps/mobile/ios/build/Catalyst/Build/Products/Release-maccatalyst/react-native-date-picker\ /Users/ozel0t/Notesnook/notesnook/apps/mobile/ios/build/Catalyst/Build/Products/Release-maccatalyst/react-native-document-picker\ /Users/ozel0t/Notesnook/notesnook/apps/mobile/ios/build/Catalyst/Build/Products/Release-maccatalyst/react-native-fast-openpgp\ /Users/ozel0t/Notesnook/notesnook/apps/mobile/ios/build/Catalyst/Build/Products/Release-maccatalyst/react-native-fingerprint-scanner\ /Users/ozel0t/Notesnook/notesnook/apps/mobile/ios/build/Catalyst/Build/Products/Release-maccatalyst/react-native-get-random-values\ /Users/ozel0t/Notesnook/notesnook/apps/mobile/ios/build/Catalyst/Build/Products/Release-maccatalyst/react-native-gzip\ /Users/ozel0t/Notesnook/notesnook/apps/mobile/ios/build/Catalyst/Build/Products/Release-maccatalyst/react-native-html-to-pdf-lite\ /Users/ozel0t/Notesnook/notesnook/apps/mobile/ios/build/Catalyst/Build/Products/Release-maccatalyst/react-native-image-resizer\ /Users/ozel0t/Notesnook/notesnook/apps/mobile/ios/build/Catalyst/Build/Products/Release-maccatalyst/react-native-in-app-review\ /Users/ozel0t/Notesnook/notesnook/apps/mobile/ios/build/Catalyst/Build/Products/Release-maccatalyst/react-native-keep-awake\ /Users/ozel0t/Notesnook/notesnook/apps/mobile/ios/build/Catalyst/Build/Products/Release-maccatalyst/react-native-mmkv-storage\ /Users/ozel0t/Notesnook/notesnook/apps/mobile/ios/build/Catalyst/Build/Products/Release-maccatalyst/react-native-netinfo\ /Users/ozel0t/Notesnook/notesnook/apps/mobile/ios/build/Catalyst/Build/Products/Release-maccatalyst/react-native-notification-sounds\ /Users/ozel0t/Notesnook/notesnook/apps/mobile/ios/build/Catalyst/Build/Products/Release-maccatalyst/react-native-orientation-locker\ /Users/ozel0t/Notesnook/notesnook/apps/mobile/ios/build/Catalyst/Build/Products/Release-maccatalyst/react-native-pdf\ /Users/ozel0t/Notesnook/notesnook/apps/mobile/ios/build/Catalyst/Build/Products/Release-maccatalyst/react-native-quick-sqlite\ /Users/ozel0t/Notesnook/notesnook/apps/mobile/ios/build/Catalyst/Build/Products/Release-maccatalyst/react-native-safe-area-context\ /Users/ozel0t/Notesnook/notesnook/apps/mobile/ios/build/Catalyst/Build/Products/Release-maccatalyst/react-native-screenguard\ /Users/ozel0t/Notesnook/notesnook/apps/mobile/ios/build/Catalyst/Build/Products/Release-maccatalyst/react-native-share-extension\ /Users/ozel0t/Notesnook/notesnook/apps/mobile/ios/build/Catalyst/Build/Products/Release-maccatalyst/react-native-sodium\ /Users/ozel0t/Notesnook/notesnook/apps/mobile/ios/build/Catalyst/Build/Products/Release-maccatalyst/react-native-theme-switch-animation\ /Users/ozel0t/Notesnook/notesnook/apps/mobile/ios/build/Catalyst/Build/Products/Release-maccatalyst/react-native-upload\ /Users/ozel0t/Notesnook/notesnook/apps/mobile/ios/build/Catalyst/Build/Products/Release-maccatalyst/react-native-view-shot\ /Users/ozel0t/Notesnook/notesnook/apps/mobile/ios/build/Catalyst/Build/Products/Release-maccatalyst/react-native-webview\ /Users/ozel0t/Notesnook/notesnook/apps/mobile/ios/build/Catalyst/Build/Products/Release-maccatalyst/toolbar-android\ /Users/ozel0t/Notesnook/notesnook/apps/mobile/ios/build/Catalyst/Build/Products/Release-maccatalyst/XCFrameworkIntermediates/react-native-sodium\ /Applications/Xcode.app/Contents/Developer/Toolchains/XcodeDefault.xctoolchain/usr/lib/swift/macosx\ /Applications/Xcode.app/Contents/Developer/Platforms/MacOSX.platform/Developer/SDKs/MacOSX27.0.sdk/usr/lib/swift\ \ /Applications/Xcode.app/Contents/Developer/Platforms/MacOSX.platform/Developer/SDKs/MacOSX27.0.sdk/System/iOSSupport/usr/lib\ /Applications/Xcode.app/Contents/Developer/Toolchains/XcodeDefault.xctoolchain/usr/lib/swift/maccatalyst
    export LINKER_DISPLAYS_MANGLED_NAMES\=NO
    export LINK_FILE_LIST_normal_arm64\=/Users/ozel0t/Notesnook/notesnook/apps/mobile/ios/build/Catalyst/Build/Intermediates.noindex/Notesnook.build/Release-maccatalyst/Notesnook.build/Objects-normal/arm64/Notesnook.LinkFileList
    export LINK_OBJC_RUNTIME\=YES
    export LINK_WITH_STANDARD_LIBRARIES\=YES
    export LLVM_TARGET_TRIPLE_OS_VERSION\=ios15.6
    export LLVM_TARGET_TRIPLE_OS_VERSION_NO\=ios15.6
    export LLVM_TARGET_TRIPLE_OS_VERSION_YES\=ios27.0
    export LLVM_TARGET_TRIPLE_SUFFIX\=-macabi
    export LLVM_TARGET_TRIPLE_VENDOR\=apple
    export LM_AUX_CONST_METADATA_LIST_PATH_normal_arm64\=/Users/ozel0t/Notesnook/notesnook/apps/mobile/ios/build/Catalyst/Build/Intermediates.noindex/Notesnook.build/Release-maccatalyst/Notesnook.build/Objects-normal/arm64/Notesnook.SwiftConstValuesFileList
    export LOCALIZATION_EXPORT_SUPPORTED\=YES
    export LOCALIZATION_PREFERS_STRING_CATALOGS\=NO
    export LOCALIZED_RESOURCES_FOLDER_PATH\=Notesnook.app/Contents/Resources/en.lproj
    export LOCALIZED_STRING_CODE_COMMENTS\=NO
    export LOCALIZED_STRING_MACRO_NAMES\=NSLocalizedString\ CFCopyLocalizedString
    export LOCALIZED_STRING_SWIFTUI_SUPPORT\=YES
    export LOCAL_ADMIN_APPS_DIR\=/Applications/Utilities
    export LOCAL_APPS_DIR\=/Applications
    export LOCAL_DEVELOPER_DIR\=/Library/Developer
    export LOCAL_LIBRARY_DIR\=/Library
    export LOCROOT\=/Users/ozel0t/Notesnook/notesnook/apps/mobile/ios
    export LOCSYMROOT\=/Users/ozel0t/Notesnook/notesnook/apps/mobile/ios
    export MACH_O_TYPE\=mh_execute
    export MACOSX_DEPLOYMENT_TARGET\=12.5
    export MAC_OS_X_PRODUCT_BUILD_VERSION\=26B5091g
    export MAC_OS_X_VERSION_ACTUAL\=270200
    export MAC_OS_X_VERSION_MAJOR\=270000
    export MAC_OS_X_VERSION_MINOR\=270200
    export MAKE_MERGEABLE\=NO
    export MARKETING_VERSION\=3.4.16
    export MERGEABLE_LIBRARY\=NO
    export MERGED_BINARY_TYPE\=none
    export MERGE_LINKED_LIBRARIES\=NO
    export METAL_LIBRARY_FILE_BASE\=default
    export METAL_LIBRARY_OUTPUT_DIR\=/Users/ozel0t/Notesnook/notesnook/apps/mobile/ios/build/Catalyst/Build/Products/Release-maccatalyst/Notesnook.app/Contents/Resources
    export MODULES_FOLDER_PATH\=Notesnook.app/Contents/Modules
    export MODULE_CACHE_DIR\=/Users/ozel0t/Notesnook/notesnook/apps/mobile/ios/build/Catalyst/ModuleCache.noindex
    export MTL_ENABLE_DEBUG_INFO\=NO
    export NATIVE_ARCH\=arm64
    export NATIVE_ARCH_32_BIT\=arm
    export NATIVE_ARCH_64_BIT\=arm64
    export NATIVE_ARCH_ACTUAL\=arm64
    export NO_COMMON\=YES
    export OBJECT_FILE_DIR\=/Users/ozel0t/Notesnook/notesnook/apps/mobile/ios/build/Catalyst/Build/Intermediates.noindex/Notesnook.build/Release-maccatalyst/Notesnook.build/Objects
    export OBJECT_FILE_DIR_normal\=/Users/ozel0t/Notesnook/notesnook/apps/mobile/ios/build/Catalyst/Build/Intermediates.noindex/Notesnook.build/Release-maccatalyst/Notesnook.build/Objects-normal
    export OBJROOT\=/Users/ozel0t/Notesnook/notesnook/apps/mobile/ios/build/Catalyst/Build/Intermediates.noindex
    export ONLY_ACTIVE_ARCH\=NO
    export ONLY_ARCH\=arm64
    export OS\=MACOS
    export OSAC\=/usr/bin/osacompile
    export OTHER_CFLAGS\=\ -fmodule-map-file\=\"/Users/ozel0t/Notesnook/notesnook/apps/mobile/ios/build/Catalyst/Build/Products/Release-maccatalyst/JWTDecode/JWTDecode.modulemap\"\ -fmodule-map-file\=\"/Users/ozel0t/Notesnook/notesnook/apps/mobile/ios/build/Catalyst/Build/Products/Release-maccatalyst/NitroCloudUploader/NitroCloudUploader.modulemap\"\ -fmodule-map-file\=\"/Users/ozel0t/Notesnook/notesnook/apps/mobile/ios/build/Catalyst/Build/Products/Release-maccatalyst/NitroModules/NitroModules.modulemap\"\ -fmodule-map-file\=\"/Users/ozel0t/Notesnook/notesnook/apps/mobile/ios/build/Catalyst/Build/Products/Release-maccatalyst/RNIap/RNIap.modulemap\"\ -fmodule-map-file\=\"/Users/ozel0t/Notesnook/notesnook/apps/mobile/ios/build/Catalyst/Build/Products/Release-maccatalyst/React-Codegen/React_Codegen.modulemap\"\ -fmodule-map-file\=\"/Users/ozel0t/Notesnook/notesnook/apps/mobile/ios/build/Catalyst/Build/Products/Release-maccatalyst/SwiftyRSA/SwiftyRSA.modulemap\"\ -fmodule-map-file\=\"/Users/ozel0t/Notesnook/notesnook/apps/mobile/ios/build/Catalyst/Build/Products/Release-maccatalyst/callstack-repack/callstack_repack.modulemap\"\ -fmodule-map-file\=\"/Users/ozel0t/Notesnook/notesnook/apps/mobile/ios/build/Catalyst/Build/Products/Release-maccatalyst/react-native-actions-shortcuts/react_native_actions_shortcuts.modulemap\"\ -fmodule-map-file\=\"/Users/ozel0t/Notesnook/notesnook/apps/mobile/ios/build/Catalyst/Build/Products/Release-maccatalyst/react-native-document-picker/react_native_document_picker.modulemap\"\ -fmodule-map-file\=\"/Users/ozel0t/Notesnook/notesnook/apps/mobile/ios/build/Catalyst/Build/Products/Release-maccatalyst/react-native-in-app-review/react_native_in_app_review.modulemap\"\ -fmodule-map-file\=\"/Users/ozel0t/Notesnook/notesnook/apps/mobile/ios/Pods/Headers/Public/DoubleConversion/DoubleConversion.modulemap\"\ -fmodule-map-file\=\"/Users/ozel0t/Notesnook/notesnook/apps/mobile/ios/Pods/Headers/Public/RCTDeprecation/RCTDeprecation.modulemap\"\ -fmodule-map-file\=\"/Users/ozel0t/Notesnook/notesnook/apps/mobile/ios/Pods/Headers/Public/RCTFabric/React-RCTFabric.modulemap\"\ -fmodule-map-file\=\"/Users/ozel0t/Notesnook/notesnook/apps/mobile/ios/Pods/Headers/Public/RCTImage/React-RCTImage.modulemap\"\ -fmodule-map-file\=\"/Users/ozel0t/Notesnook/notesnook/apps/mobile/ios/Pods/Headers/Public/RCTRuntime/React-RCTRuntime.modulemap\"\ -fmodule-map-file\=\"/Users/ozel0t/Notesnook/notesnook/apps/mobile/ios/Pods/Headers/Public/RCTTypeSafety/RCTTypeSafety.modulemap\"\ -fmodule-map-file\=\"/Users/ozel0t/Notesnook/notesnook/apps/mobile/ios/Pods/Headers/Public/RNBootSplash/RNBootSplash.modulemap\"\ -fmodule-map-file\=\"/Users/ozel0t/Notesnook/notesnook/apps/mobile/ios/Pods/Headers/Public/RNReanimated/RNReanimated.modulemap\"\ -fmodule-map-file\=\"/Users/ozel0t/Notesnook/notesnook/apps/mobile/ios/Pods/Headers/Public/RNWorklets/RNWorklets.modulemap\"\ -fmodule-map-file\=\"/Users/ozel0t/Notesnook/notesnook/apps/mobile/ios/Pods/Headers/Public/React/React-Core.modulemap\"\ -fmodule-map-file\=\"/Users/ozel0t/Notesnook/notesnook/apps/mobile/ios/Pods/Headers/Public/ReactAppDependencyProvider/ReactAppDependencyProvider.modulemap\"\ -fmodule-map-file\=\"/Users/ozel0t/Notesnook/notesnook/apps/mobile/ios/Pods/Headers/Public/ReactCodegen/ReactCodegen.modulemap\"\ -fmodule-map-file\=\"/Users/ozel0t/Notesnook/notesnook/apps/mobile/ios/Pods/Headers/Public/ReactCommon/ReactCommon.modulemap\"\ -fmodule-map-file\=\"/Users/ozel0t/Notesnook/notesnook/apps/mobile/ios/Pods/Headers/Public/React_Fabric/React-Fabric.modulemap\"\ -fmodule-map-file\=\"/Users/ozel0t/Notesnook/notesnook/apps/mobile/ios/Pods/Headers/Public/React_FabricComponents/React-FabricComponents.modulemap\"\ -fmodule-map-file\=\"/Users/ozel0t/Notesnook/notesnook/apps/mobile/ios/Pods/Headers/Public/React_NativeModulesApple/React-NativeModulesApple.modulemap\"\ -fmodule-map-file\=\"/Users/ozel0t/Notesnook/notesnook/apps/mobile/ios/Pods/Headers/Public/React_RCTAppDelegate/React-RCTAppDelegate.modulemap\"\ -fmodule-map-file\=\"/Users/ozel0t/Notesnook/notesnook/apps/mobile/ios/Pods/Headers/Public/React_runtimeexecutor/React-runtimeexecutor.modulemap\"\ -fmodule-map-file\=\"/Users/ozel0t/Notesnook/notesnook/apps/mobile/ios/Pods/Headers/Public/SSZipArchive/SSZipArchive.modulemap\"\ -fmodule-map-file\=\"/Users/ozel0t/Notesnook/notesnook/apps/mobile/ios/Pods/Headers/Public/SocketRocket/SocketRocket.modulemap\"\ -fmodule-map-file\=\"/Users/ozel0t/Notesnook/notesnook/apps/mobile/ios/Pods/Headers/Public/fmt/fmt.modulemap\"\ -fmodule-map-file\=\"/Users/ozel0t/Notesnook/notesnook/apps/mobile/ios/Pods/Headers/Public/folly/RCT-Folly.modulemap\"\ -fmodule-map-file\=\"/Users/ozel0t/Notesnook/notesnook/apps/mobile/ios/Pods/Headers/Public/glog/glog.modulemap\"\ -fmodule-map-file\=\"/Users/ozel0t/Notesnook/notesnook/apps/mobile/ios/Pods/Headers/Public/jsi/React-jsi.modulemap\"\ -fmodule-map-file\=\"/Users/ozel0t/Notesnook/notesnook/apps/mobile/ios/Pods/Headers/Public/jsinspector_modern/React-jsinspector.modulemap\"\ -fmodule-map-file\=\"/Users/ozel0t/Notesnook/notesnook/apps/mobile/ios/Pods/Headers/Public/jsinspector_modern_cdp/React-jsinspectorcdp.modulemap\"\ -fmodule-map-file\=\"/Users/ozel0t/Notesnook/notesnook/apps/mobile/ios/Pods/Headers/Public/jsinspector_modern_network/React-jsinspectornetwork.modulemap\"\ -fmodule-map-file\=\"/Users/ozel0t/Notesnook/notesnook/apps/mobile/ios/Pods/Headers/Public/jsinspector_modern_tracing/React-jsinspectortracing.modulemap\"\ -fmodule-map-file\=\"/Users/ozel0t/Notesnook/notesnook/apps/mobile/ios/Pods/Headers/Public/react_debug/React-debug.modulemap\"\ -fmodule-map-file\=\"/Users/ozel0t/Notesnook/notesnook/apps/mobile/ios/Pods/Headers/Public/react_featureflags/React-featureflags.modulemap\"\ -fmodule-map-file\=\"/Users/ozel0t/Notesnook/notesnook/apps/mobile/ios/Pods/Headers/Public/react_native_fast_openpgp/react-native-fast-openpgp.modulemap\"\ -fmodule-map-file\=\"/Users/ozel0t/Notesnook/notesnook/apps/mobile/ios/Pods/Headers/Public/react_nativemodule_defaults/React-defaultsnativemodule.modulemap\"\ -fmodule-map-file\=\"/Users/ozel0t/Notesnook/notesnook/apps/mobile/ios/Pods/Headers/Public/react_nativemodule_dom/React-domnativemodule.modulemap\"\ -fmodule-map-file\=\"/Users/ozel0t/Notesnook/notesnook/apps/mobile/ios/Pods/Headers/Public/react_nativemodule_featureflags/React-featureflagsnativemodule.modulemap\"\ -fmodule-map-file\=\"/Users/ozel0t/Notesnook/notesnook/apps/mobile/ios/Pods/Headers/Public/react_nativemodule_idlecallbacks/React-idlecallbacksnativemodule.modulemap\"\ -fmodule-map-file\=\"/Users/ozel0t/Notesnook/notesnook/apps/mobile/ios/Pods/Headers/Public/react_nativemodule_microtasks/React-microtasksnativemodule.modulemap\"\ -fmodule-map-file\=\"/Users/ozel0t/Notesnook/notesnook/apps/mobile/ios/Pods/Headers/Public/react_nativemodule_webperformance/React-webperformancenativemodule.modulemap\"\ -fmodule-map-file\=\"/Users/ozel0t/Notesnook/notesnook/apps/mobile/ios/Pods/Headers/Public/react_renderer_css/React-renderercss.modulemap\"\ -fmodule-map-file\=\"/Users/ozel0t/Notesnook/notesnook/apps/mobile/ios/Pods/Headers/Public/react_renderer_debug/React-rendererdebug.modulemap\"\ -fmodule-map-file\=\"/Users/ozel0t/Notesnook/notesnook/apps/mobile/ios/Pods/Headers/Public/react_renderer_graphics/React-graphics.modulemap\"\ -fmodule-map-file\=\"/Users/ozel0t/Notesnook/notesnook/apps/mobile/ios/Pods/Headers/Public/react_renderer_imagemanager/React-ImageManager.modulemap\"\ -fmodule-map-file\=\"/Users/ozel0t/Notesnook/notesnook/apps/mobile/ios/Pods/Headers/Public/react_runtime/React-jsitooling.modulemap\"\ -fmodule-map-file\=\"/Users/ozel0t/Notesnook/notesnook/apps/mobile/ios/Pods/Headers/Public/react_utils/React-utils.modulemap\"\ -fmodule-map-file\=\"/Users/ozel0t/Notesnook/notesnook/apps/mobile/ios/Pods/Headers/Public/reacthermes/React-hermes.modulemap\"\ -fmodule-map-file\=\"/Users/ozel0t/Notesnook/notesnook/apps/mobile/ios/Pods/Headers/Public/yoga/Yoga.modulemap\"\ \ \ -DREACT_NATIVE_MINOR_VERSION\=82\ \ \ -DREACT_NATIVE_MINOR_VERSION\=82\ -DREANIMATED_VERSION\=4.2.0\ \ -DREANIMATED_FEATURE_FLAGS\=\"\[RUNTIME_TEST_FLAG:false\]\[DISABLE_COMMIT_PAUSING_MECHANISM:false\]\[ANDROID_SYNCHRONOUSLY_UPDATE_UI_PROPS:false\]\[IOS_SYNCHRONOUSLY_UPDATE_UI_PROPS:false\]\[EXPERIMENTAL_CSS_ANIMATIONS_FOR_SVG_COMPONENTS:false\]\[USE_SYNCHRONIZABLE_FOR_MUTABLES:false\]\[USE_COMMIT_HOOK_ONLY_FOR_REACT_COMMITS:false\]\[ENABLE_SHARED_ELEMENT_TRANSITIONS:false\]\[FORCE_REACT_RENDER_FOR_SETTLED_ANIMATIONS:false\]\"\ \ -DREACT_NATIVE_MINOR_VERSION\=82\ -DNDEBUG
    export OTHER_CPLUSPLUSFLAGS\=\ -fmodule-map-file\=\"/Users/ozel0t/Notesnook/notesnook/apps/mobile/ios/build/Catalyst/Build/Products/Release-maccatalyst/JWTDecode/JWTDecode.modulemap\"\ -fmodule-map-file\=\"/Users/ozel0t/Notesnook/notesnook/apps/mobile/ios/build/Catalyst/Build/Products/Release-maccatalyst/NitroCloudUploader/NitroCloudUploader.modulemap\"\ -fmodule-map-file\=\"/Users/ozel0t/Notesnook/notesnook/apps/mobile/ios/build/Catalyst/Build/Products/Release-maccatalyst/NitroModules/NitroModules.modulemap\"\ -fmodule-map-file\=\"/Users/ozel0t/Notesnook/notesnook/apps/mobile/ios/build/Catalyst/Build/Products/Release-maccatalyst/RNIap/RNIap.modulemap\"\ -fmodule-map-file\=\"/Users/ozel0t/Notesnook/notesnook/apps/mobile/ios/build/Catalyst/Build/Products/Release-maccatalyst/React-Codegen/React_Codegen.modulemap\"\ -fmodule-map-file\=\"/Users/ozel0t/Notesnook/notesnook/apps/mobile/ios/build/Catalyst/Build/Products/Release-maccatalyst/SwiftyRSA/SwiftyRSA.modulemap\"\ -fmodule-map-file\=\"/Users/ozel0t/Notesnook/notesnook/apps/mobile/ios/build/Catalyst/Build/Products/Release-maccatalyst/callstack-repack/callstack_repack.modulemap\"\ -fmodule-map-file\=\"/Users/ozel0t/Notesnook/notesnook/apps/mobile/ios/build/Catalyst/Build/Products/Release-maccatalyst/react-native-actions-shortcuts/react_native_actions_shortcuts.modulemap\"\ -fmodule-map-file\=\"/Users/ozel0t/Notesnook/notesnook/apps/mobile/ios/build/Catalyst/Build/Products/Release-maccatalyst/react-native-document-picker/react_native_document_picker.modulemap\"\ -fmodule-map-file\=\"/Users/ozel0t/Notesnook/notesnook/apps/mobile/ios/build/Catalyst/Build/Products/Release-maccatalyst/react-native-in-app-review/react_native_in_app_review.modulemap\"\ -fmodule-map-file\=\"/Users/ozel0t/Notesnook/notesnook/apps/mobile/ios/Pods/Headers/Public/DoubleConversion/DoubleConversion.modulemap\"\ -fmodule-map-file\=\"/Users/ozel0t/Notesnook/notesnook/apps/mobile/ios/Pods/Headers/Public/RCTDeprecation/RCTDeprecation.modulemap\"\ -fmodule-map-file\=\"/Users/ozel0t/Notesnook/notesnook/apps/mobile/ios/Pods/Headers/Public/RCTFabric/React-RCTFabric.modulemap\"\ -fmodule-map-file\=\"/Users/ozel0t/Notesnook/notesnook/apps/mobile/ios/Pods/Headers/Public/RCTImage/React-RCTImage.modulemap\"\ -fmodule-map-file\=\"/Users/ozel0t/Notesnook/notesnook/apps/mobile/ios/Pods/Headers/Public/RCTRuntime/React-RCTRuntime.modulemap\"\ -fmodule-map-file\=\"/Users/ozel0t/Notesnook/notesnook/apps/mobile/ios/Pods/Headers/Public/RCTTypeSafety/RCTTypeSafety.modulemap\"\ -fmodule-map-file\=\"/Users/ozel0t/Notesnook/notesnook/apps/mobile/ios/Pods/Headers/Public/RNBootSplash/RNBootSplash.modulemap\"\ -fmodule-map-file\=\"/Users/ozel0t/Notesnook/notesnook/apps/mobile/ios/Pods/Headers/Public/RNReanimated/RNReanimated.modulemap\"\ -fmodule-map-file\=\"/Users/ozel0t/Notesnook/notesnook/apps/mobile/ios/Pods/Headers/Public/RNWorklets/RNWorklets.modulemap\"\ -fmodule-map-file\=\"/Users/ozel0t/Notesnook/notesnook/apps/mobile/ios/Pods/Headers/Public/React/React-Core.modulemap\"\ -fmodule-map-file\=\"/Users/ozel0t/Notesnook/notesnook/apps/mobile/ios/Pods/Headers/Public/ReactAppDependencyProvider/ReactAppDependencyProvider.modulemap\"\ -fmodule-map-file\=\"/Users/ozel0t/Notesnook/notesnook/apps/mobile/ios/Pods/Headers/Public/ReactCodegen/ReactCodegen.modulemap\"\ -fmodule-map-file\=\"/Users/ozel0t/Notesnook/notesnook/apps/mobile/ios/Pods/Headers/Public/ReactCommon/ReactCommon.modulemap\"\ -fmodule-map-file\=\"/Users/ozel0t/Notesnook/notesnook/apps/mobile/ios/Pods/Headers/Public/React_Fabric/React-Fabric.modulemap\"\ -fmodule-map-file\=\"/Users/ozel0t/Notesnook/notesnook/apps/mobile/ios/Pods/Headers/Public/React_FabricComponents/React-FabricComponents.modulemap\"\ -fmodule-map-file\=\"/Users/ozel0t/Notesnook/notesnook/apps/mobile/ios/Pods/Headers/Public/React_NativeModulesApple/React-NativeModulesApple.modulemap\"\ -fmodule-map-file\=\"/Users/ozel0t/Notesnook/notesnook/apps/mobile/ios/Pods/Headers/Public/React_RCTAppDelegate/React-RCTAppDelegate.modulemap\"\ -fmodule-map-file\=\"/Users/ozel0t/Notesnook/notesnook/apps/mobile/ios/Pods/Headers/Public/React_runtimeexecutor/React-runtimeexecutor.modulemap\"\ -fmodule-map-file\=\"/Users/ozel0t/Notesnook/notesnook/apps/mobile/ios/Pods/Headers/Public/SSZipArchive/SSZipArchive.modulemap\"\ -fmodule-map-file\=\"/Users/ozel0t/Notesnook/notesnook/apps/mobile/ios/Pods/Headers/Public/SocketRocket/SocketRocket.modulemap\"\ -fmodule-map-file\=\"/Users/ozel0t/Notesnook/notesnook/apps/mobile/ios/Pods/Headers/Public/fmt/fmt.modulemap\"\ -fmodule-map-file\=\"/Users/ozel0t/Notesnook/notesnook/apps/mobile/ios/Pods/Headers/Public/folly/RCT-Folly.modulemap\"\ -fmodule-map-file\=\"/Users/ozel0t/Notesnook/notesnook/apps/mobile/ios/Pods/Headers/Public/glog/glog.modulemap\"\ -fmodule-map-file\=\"/Users/ozel0t/Notesnook/notesnook/apps/mobile/ios/Pods/Headers/Public/jsi/React-jsi.modulemap\"\ -fmodule-map-file\=\"/Users/ozel0t/Notesnook/notesnook/apps/mobile/ios/Pods/Headers/Public/jsinspector_modern/React-jsinspector.modulemap\"\ -fmodule-map-file\=\"/Users/ozel0t/Notesnook/notesnook/apps/mobile/ios/Pods/Headers/Public/jsinspector_modern_cdp/React-jsinspectorcdp.modulemap\"\ -fmodule-map-file\=\"/Users/ozel0t/Notesnook/notesnook/apps/mobile/ios/Pods/Headers/Public/jsinspector_modern_network/React-jsinspectornetwork.modulemap\"\ -fmodule-map-file\=\"/Users/ozel0t/Notesnook/notesnook/apps/mobile/ios/Pods/Headers/Public/jsinspector_modern_tracing/React-jsinspectortracing.modulemap\"\ -fmodule-map-file\=\"/Users/ozel0t/Notesnook/notesnook/apps/mobile/ios/Pods/Headers/Public/react_debug/React-debug.modulemap\"\ -fmodule-map-file\=\"/Users/ozel0t/Notesnook/notesnook/apps/mobile/ios/Pods/Headers/Public/react_featureflags/React-featureflags.modulemap\"\ -fmodule-map-file\=\"/Users/ozel0t/Notesnook/notesnook/apps/mobile/ios/Pods/Headers/Public/react_native_fast_openpgp/react-native-fast-openpgp.modulemap\"\ -fmodule-map-file\=\"/Users/ozel0t/Notesnook/notesnook/apps/mobile/ios/Pods/Headers/Public/react_nativemodule_defaults/React-defaultsnativemodule.modulemap\"\ -fmodule-map-file\=\"/Users/ozel0t/Notesnook/notesnook/apps/mobile/ios/Pods/Headers/Public/react_nativemodule_dom/React-domnativemodule.modulemap\"\ -fmodule-map-file\=\"/Users/ozel0t/Notesnook/notesnook/apps/mobile/ios/Pods/Headers/Public/react_nativemodule_featureflags/React-featureflagsnativemodule.modulemap\"\ -fmodule-map-file\=\"/Users/ozel0t/Notesnook/notesnook/apps/mobile/ios/Pods/Headers/Public/react_nativemodule_idlecallbacks/React-idlecallbacksnativemodule.modulemap\"\ -fmodule-map-file\=\"/Users/ozel0t/Notesnook/notesnook/apps/mobile/ios/Pods/Headers/Public/react_nativemodule_microtasks/React-microtasksnativemodule.modulemap\"\ -fmodule-map-file\=\"/Users/ozel0t/Notesnook/notesnook/apps/mobile/ios/Pods/Headers/Public/react_nativemodule_webperformance/React-webperformancenativemodule.modulemap\"\ -fmodule-map-file\=\"/Users/ozel0t/Notesnook/notesnook/apps/mobile/ios/Pods/Headers/Public/react_renderer_css/React-renderercss.modulemap\"\ -fmodule-map-file\=\"/Users/ozel0t/Notesnook/notesnook/apps/mobile/ios/Pods/Headers/Public/react_renderer_debug/React-rendererdebug.modulemap\"\ -fmodule-map-file\=\"/Users/ozel0t/Notesnook/notesnook/apps/mobile/ios/Pods/Headers/Public/react_renderer_graphics/React-graphics.modulemap\"\ -fmodule-map-file\=\"/Users/ozel0t/Notesnook/notesnook/apps/mobile/ios/Pods/Headers/Public/react_renderer_imagemanager/React-ImageManager.modulemap\"\ -fmodule-map-file\=\"/Users/ozel0t/Notesnook/notesnook/apps/mobile/ios/Pods/Headers/Public/react_runtime/React-jsitooling.modulemap\"\ -fmodule-map-file\=\"/Users/ozel0t/Notesnook/notesnook/apps/mobile/ios/Pods/Headers/Public/react_utils/React-utils.modulemap\"\ -fmodule-map-file\=\"/Users/ozel0t/Notesnook/notesnook/apps/mobile/ios/Pods/Headers/Public/reacthermes/React-hermes.modulemap\"\ -fmodule-map-file\=\"/Users/ozel0t/Notesnook/notesnook/apps/mobile/ios/Pods/Headers/Public/yoga/Yoga.modulemap\"\ \ \ -DREACT_NATIVE_MINOR_VERSION\=82\ \ \ -DREACT_NATIVE_MINOR_VERSION\=82\ -DREANIMATED_VERSION\=4.2.0\ \ -DREANIMATED_FEATURE_FLAGS\=\"\[RUNTIME_TEST_FLAG:false\]\[DISABLE_COMMIT_PAUSING_MECHANISM:false\]\[ANDROID_SYNCHRONOUSLY_UPDATE_UI_PROPS:false\]\[IOS_SYNCHRONOUSLY_UPDATE_UI_PROPS:false\]\[EXPERIMENTAL_CSS_ANIMATIONS_FOR_SVG_COMPONENTS:false\]\[USE_SYNCHRONIZABLE_FOR_MUTABLES:false\]\[USE_COMMIT_HOOK_ONLY_FOR_REACT_COMMITS:false\]\[ENABLE_SHARED_ELEMENT_TRANSITIONS:false\]\[FORCE_REACT_RENDER_FOR_SETTLED_ANIMATIONS:false\]\"\ \ -DREACT_NATIVE_MINOR_VERSION\=82\ -DNDEBUG\ -DNDEBUG\ -DRCT_NEW_ARCH_ENABLED\=1
    export OTHER_LDFLAGS\=\ \ \ -ObjC\ -l\"BEMCheckBox\"\ -l\"Base64\"\ -l\"DoubleConversion\"\ -l\"GZIP\"\ -l\"JWTDecode\"\ -l\"MMKV\"\ -l\"MMKVCore\"\ -l\"NitroCloudUploader\"\ -l\"NitroModules\"\ -l\"RCT-Folly\"\ -l\"RCTDeprecation\"\ -l\"RCTTypeSafety\"\ -l\"RNBackgroundFetch\"\ -l\"RNBootSplash\"\ -l\"RNCCheckbox\"\ -l\"RNCClipboard\"\ -l\"RNCMaskedView\"\ -l\"RNDateTimePicker\"\ -l\"RNDeviceInfo\"\ -l\"RNExitApp\"\ -l\"RNFileViewer\"\ -l\"RNGestureHandler\"\ -l\"RNIap\"\ -l\"RNImageCropPicker\"\ -l\"RNKeychain\"\ -l\"RNNotifee\"\ -l\"RNReanimated\"\ -l\"RNSVG\"\ -l\"RNScreens\"\ -l\"RNSecureRandom\"\ -l\"RNShare\"\ -l\"RNTooltips\"\ -l\"RNWorklets\"\ -l\"RNZipArchive\"\ -l\"React-Codegen\"\ -l\"React-Core\"\ -l\"React-CoreModules\"\ -l\"React-Fabric\"\ -l\"React-FabricComponents\"\ -l\"React-FabricImage\"\ -l\"React-ImageManager\"\ -l\"React-Mapbuffer\"\ -l\"React-NativeModulesApple\"\ -l\"React-RCTAnimation\"\ -l\"React-RCTAppDelegate\"\ -l\"React-RCTBlob\"\ -l\"React-RCTFBReactNativeSpec\"\ -l\"React-RCTFabric\"\ -l\"React-RCTImage\"\ -l\"React-RCTLinking\"\ -l\"React-RCTNetwork\"\ -l\"React-RCTRuntime\"\ -l\"React-RCTSettings\"\ -l\"React-RCTText\"\ -l\"React-RCTVibration\"\ -l\"React-RuntimeApple\"\ -l\"React-RuntimeCore\"\ -l\"React-RuntimeHermes\"\ -l\"React-cxxreact\"\ -l\"React-debug\"\ -l\"React-defaultsnativemodule\"\ -l\"React-domnativemodule\"\ -l\"React-featureflags\"\ -l\"React-featureflagsnativemodule\"\ -l\"React-graphics\"\ -l\"React-hermes\"\ -l\"React-idlecallbacksnativemodule\"\ -l\"React-jserrorhandler\"\ -l\"React-jsi\"\ -l\"React-jsiexecutor\"\ -l\"React-jsinspector\"\ -l\"React-jsinspectorcdp\"\ -l\"React-jsinspectornetwork\"\ -l\"React-jsinspectortracing\"\ -l\"React-jsitooling\"\ -l\"React-logger\"\ -l\"React-microtasksnativemodule\"\ -l\"React-oscompat\"\ -l\"React-perflogger\"\ -l\"React-performancecdpmetrics\"\ -l\"React-performancetimeline\"\ -l\"React-rendererconsistency\"\ -l\"React-renderercss\"\ -l\"React-rendererdebug\"\ -l\"React-runtimeexecutor\"\ -l\"React-runtimescheduler\"\ -l\"React-utils\"\ -l\"React-webperformancenativemodule\"\ -l\"ReactAppDependencyProvider\"\ -l\"ReactCodegen\"\ -l\"ReactCommon\"\ -l\"SDWebImage\"\ -l\"SSZipArchive\"\ -l\"SexyTooltip\"\ -l\"SocketRocket\"\ -l\"SwiftyRSA\"\ -l\"TOCropViewController\"\ -l\"Yoga\"\ -l\"c++\"\ -l\"c++abi\"\ -l\"callstack-repack\"\ -l\"fmt\"\ -l\"glog\"\ -l\"iconv\"\ -l\"icucore\"\ -l\"pop\"\ -l\"react-native-actions-shortcuts\"\ -l\"react-native-background-actions\"\ -l\"react-native-begin-background-task\"\ -l\"react-native-blob-util\"\ -l\"react-native-cameraroll\"\ -l\"react-native-config\"\ -l\"react-native-date-picker\"\ -l\"react-native-document-picker\"\ -l\"react-native-fast-openpgp\"\ -l\"react-native-fingerprint-scanner\"\ -l\"react-native-get-random-values\"\ -l\"react-native-gzip\"\ -l\"react-native-html-to-pdf-lite\"\ -l\"react-native-image-resizer\"\ -l\"react-native-in-app-review\"\ -l\"react-native-keep-awake\"\ -l\"react-native-mmkv-storage\"\ -l\"react-native-netinfo\"\ -l\"react-native-notification-sounds\"\ -l\"react-native-orientation-locker\"\ -l\"react-native-pdf\"\ -l\"react-native-quick-sqlite\"\ -l\"react-native-safe-area-context\"\ -l\"react-native-screenguard\"\ -l\"react-native-share-extension\"\ -l\"react-native-sodium\"\ -l\"react-native-theme-switch-animation\"\ -l\"react-native-upload\"\ -l\"react-native-view-shot\"\ -l\"react-native-webview\"\ -l\"sodium\"\ -l\"toolbar-android\"\ -l\"z\"\ -framework\ \"Accelerate\"\ -framework\ \"AssetsLibrary\"\ -framework\ \"AudioToolbox\"\ -framework\ \"CFNetwork\"\ -framework\ \"CoreFoundation\"\ -framework\ \"CoreGraphics\"\ -framework\ \"Foundation\"\ -framework\ \"ImageIO\"\ -framework\ \"LocalAuthentication\"\ -framework\ \"MobileCoreServices\"\ -framework\ \"Network\"\ -framework\ \"OpenPGPBridge\"\ -framework\ \"PDFKit\"\ -framework\ \"Photos\"\ -framework\ \"PhotosUI\"\ -framework\ \"QuartzCore\"\ -framework\ \"Security\"\ -framework\ \"TSBackgroundFetch\"\ -framework\ \"UIKit\"\ -framework\ \"hermesvm\"\ -weak_framework\ \"JavaScriptCore\"\ -weak_framework\ \"LinkPresentation\"\ -ObjC\ -lc++
    export OTHER_MODULE_VERIFIER_FLAGS\=\ \"-F/Users/ozel0t/Notesnook/notesnook/apps/mobile/ios/build/Catalyst/Build/Products/Release-maccatalyst/Base64\"\ \"-F/Users/ozel0t/Notesnook/notesnook/apps/mobile/ios/build/Catalyst/Build/Products/Release-maccatalyst/MMKV\"\ \"-F/Users/ozel0t/Notesnook/notesnook/apps/mobile/ios/build/Catalyst/Build/Products/Release-maccatalyst/MMKVCore\"\ \"-F/Users/ozel0t/Notesnook/notesnook/apps/mobile/ios/build/Catalyst/Build/Products/Release-maccatalyst/SexyTooltip\"\ \"-F/Users/ozel0t/Notesnook/notesnook/apps/mobile/ios/build/Catalyst/Build/Products/Release-maccatalyst/pop\"\ \"-F/Users/ozel0t/Notesnook/notesnook/apps/mobile/ios/build/Catalyst/Build/Products/Release-maccatalyst/BEMCheckBox\"\ \"-F/Users/ozel0t/Notesnook/notesnook/apps/mobile/ios/build/Catalyst/Build/Products/Release-maccatalyst/DoubleConversion\"\ \"-F/Users/ozel0t/Notesnook/notesnook/apps/mobile/ios/build/Catalyst/Build/Products/Release-maccatalyst/FBLazyVector\"\ \"-F/Users/ozel0t/Notesnook/notesnook/apps/mobile/ios/build/Catalyst/Build/Products/Release-maccatalyst/GZIP\"\ \"-F/Users/ozel0t/Notesnook/notesnook/apps/mobile/ios/build/Catalyst/Build/Products/Release-maccatalyst/JWTDecode\"\ \"-F/Users/ozel0t/Notesnook/notesnook/apps/mobile/ios/build/Catalyst/Build/Products/Release-maccatalyst/NitroCloudUploader\"\ \"-F/Users/ozel0t/Notesnook/notesnook/apps/mobile/ios/build/Catalyst/Build/Products/Release-maccatalyst/NitroModules\"\ \"-F/Users/ozel0t/Notesnook/notesnook/apps/mobile/ios/build/Catalyst/Build/Products/Release-maccatalyst/RCT-Folly\"\ \"-F/Users/ozel0t/Notesnook/notesnook/apps/mobile/ios/build/Catalyst/Build/Products/Release-maccatalyst/RCTDeprecation\"\ \"-F/Users/ozel0t/Notesnook/notesnook/apps/mobile/ios/build/Catalyst/Build/Products/Release-maccatalyst/RCTRequired\"\ \"-F/Users/ozel0t/Notesnook/notesnook/apps/mobile/ios/build/Catalyst/Build/Products/Release-maccatalyst/RCTTypeSafety\"\ \"-F/Users/ozel0t/Notesnook/notesnook/apps/mobile/ios/build/Catalyst/Build/Products/Release-maccatalyst/RNBackgroundFetch\"\ \"-F/Users/ozel0t/Notesnook/notesnook/apps/mobile/ios/build/Catalyst/Build/Products/Release-maccatalyst/RNBootSplash\"\ \"-F/Users/ozel0t/Notesnook/notesnook/apps/mobile/ios/build/Catalyst/Build/Products/Release-maccatalyst/RNCCheckbox\"\ \"-F/Users/ozel0t/Notesnook/notesnook/apps/mobile/ios/build/Catalyst/Build/Products/Release-maccatalyst/RNCClipboard\"\ \"-F/Users/ozel0t/Notesnook/notesnook/apps/mobile/ios/build/Catalyst/Build/Products/Release-maccatalyst/RNCMaskedView\"\ \"-F/Users/ozel0t/Notesnook/notesnook/apps/mobile/ios/build/Catalyst/Build/Products/Release-maccatalyst/RNDateTimePicker\"\ \"-F/Users/ozel0t/Notesnook/notesnook/apps/mobile/ios/build/Catalyst/Build/Products/Release-maccatalyst/RNDeviceInfo\"\ \"-F/Users/ozel0t/Notesnook/notesnook/apps/mobile/ios/build/Catalyst/Build/Products/Release-maccatalyst/RNExitApp\"\ \"-F/Users/ozel0t/Notesnook/notesnook/apps/mobile/ios/build/Catalyst/Build/Products/Release-maccatalyst/RNFileViewer\"\ \"-F/Users/ozel0t/Notesnook/notesnook/apps/mobile/ios/build/Catalyst/Build/Products/Release-maccatalyst/RNGestureHandler\"\ \"-F/Users/ozel0t/Notesnook/notesnook/apps/mobile/ios/build/Catalyst/Build/Products/Release-maccatalyst/RNIap\"\ \"-F/Users/ozel0t/Notesnook/notesnook/apps/mobile/ios/build/Catalyst/Build/Products/Release-maccatalyst/RNImageCropPicker\"\ \"-F/Users/ozel0t/Notesnook/notesnook/apps/mobile/ios/build/Catalyst/Build/Products/Release-maccatalyst/RNKeychain\"\ \"-F/Users/ozel0t/Notesnook/notesnook/apps/mobile/ios/build/Catalyst/Build/Products/Release-maccatalyst/RNNotifee\"\ \"-F/Users/ozel0t/Notesnook/notesnook/apps/mobile/ios/build/Catalyst/Build/Products/Release-maccatalyst/RNReanimated\"\ \"-F/Users/ozel0t/Notesnook/notesnook/apps/mobile/ios/build/Catalyst/Build/Products/Release-maccatalyst/RNSVG\"\ \"-F/Users/ozel0t/Notesnook/notesnook/apps/mobile/ios/build/Catalyst/Build/Products/Release-maccatalyst/RNScreens\"\ \"-F/Users/ozel0t/Notesnook/notesnook/apps/mobile/ios/build/Catalyst/Build/Products/Release-maccatalyst/RNSecureRandom\"\ \"-F/Users/ozel0t/Notesnook/notesnook/apps/mobile/ios/build/Catalyst/Build/Products/Release-maccatalyst/RNShare\"\ \"-F/Users/ozel0t/Notesnook/notesnook/apps/mobile/ios/build/Catalyst/Build/Products/Release-maccatalyst/RNTooltips\"\ \"-F/Users/ozel0t/Notesnook/notesnook/apps/mobile/ios/build/Catalyst/Build/Products/Release-maccatalyst/RNWorklets\"\ \"-F/Users/ozel0t/Notesnook/notesnook/apps/mobile/ios/build/Catalyst/Build/Products/Release-maccatalyst/RNZipArchive\"\ \"-F/Users/ozel0t/Notesnook/notesnook/apps/mobile/ios/build/Catalyst/Build/Products/Release-maccatalyst/React\"\ \"-F/Users/ozel0t/Notesnook/notesnook/apps/mobile/ios/build/Catalyst/Build/Products/Release-maccatalyst/React-Codegen\"\ \"-F/Users/ozel0t/Notesnook/notesnook/apps/mobile/ios/build/Catalyst/Build/Products/Release-maccatalyst/React-Core\"\ \"-F/Users/ozel0t/Notesnook/notesnook/apps/mobile/ios/build/Catalyst/Build/Products/Release-maccatalyst/React-CoreModules\"\ \"-F/Users/ozel0t/Notesnook/notesnook/apps/mobile/ios/build/Catalyst/Build/Products/Release-maccatalyst/React-Fabric\"\ \"-F/Users/ozel0t/Notesnook/notesnook/apps/mobile/ios/build/Catalyst/Build/Products/Release-maccatalyst/React-FabricComponents\"\ \"-F/Users/ozel0t/Notesnook/notesnook/apps/mobile/ios/build/Catalyst/Build/Products/Release-maccatalyst/React-FabricImage\"\ \"-F/Users/ozel0t/Notesnook/notesnook/apps/mobile/ios/build/Catalyst/Build/Products/Release-maccatalyst/React-ImageManager\"\ \"-F/Users/ozel0t/Notesnook/notesnook/apps/mobile/ios/build/Catalyst/Build/Products/Release-maccatalyst/React-Mapbuffer\"\ \"-F/Users/ozel0t/Notesnook/notesnook/apps/mobile/ios/build/Catalyst/Build/Products/Release-maccatalyst/React-NativeModulesApple\"\ \"-F/Users/ozel0t/Notesnook/notesnook/apps/mobile/ios/build/Catalyst/Build/Products/Release-maccatalyst/React-RCTActionSheet\"\ \"-F/Users/ozel0t/Notesnook/notesnook/apps/mobile/ios/build/Catalyst/Build/Products/Release-maccatalyst/React-RCTAnimation\"\ \"-F/Users/ozel0t/Notesnook/notesnook/apps/mobile/ios/build/Catalyst/Build/Products/Release-maccatalyst/React-RCTAppDelegate\"\ \"-F/Users/ozel0t/Notesnook/notesnook/apps/mobile/ios/build/Catalyst/Build/Products/Release-maccatalyst/React-RCTBlob\"\ \"-F/Users/ozel0t/Notesnook/notesnook/apps/mobile/ios/build/Catalyst/Build/Products/Release-maccatalyst/React-RCTFBReactNativeSpec\"\ \"-F/Users/ozel0t/Notesnook/notesnook/apps/mobile/ios/build/Catalyst/Build/Products/Release-maccatalyst/React-RCTFabric\"\ \"-F/Users/ozel0t/Notesnook/notesnook/apps/mobile/ios/build/Catalyst/Build/Products/Release-maccatalyst/React-RCTImage\"\ \"-F/Users/ozel0t/Notesnook/notesnook/apps/mobile/ios/build/Catalyst/Build/Products/Release-maccatalyst/React-RCTLinking\"\ \"-F/Users/ozel0t/Notesnook/notesnook/apps/mobile/ios/build/Catalyst/Build/Products/Release-maccatalyst/React-RCTNetwork\"\ \"-F/Users/ozel0t/Notesnook/notesnook/apps/mobile/ios/build/Catalyst/Build/Products/Release-maccatalyst/React-RCTRuntime\"\ \"-F/Users/ozel0t/Notesnook/notesnook/apps/mobile/ios/build/Catalyst/Build/Products/Release-maccatalyst/React-RCTSettings\"\ \"-F/Users/ozel0t/Notesnook/notesnook/apps/mobile/ios/build/Catalyst/Build/Products/Release-maccatalyst/React-RCTText\"\ \"-F/Users/ozel0t/Notesnook/notesnook/apps/mobile/ios/build/Catalyst/Build/Products/Release-maccatalyst/React-RCTVibration\"\ \"-F/Users/ozel0t/Notesnook/notesnook/apps/mobile/ios/build/Catalyst/Build/Products/Release-maccatalyst/React-RuntimeApple\"\ \"-F/Users/ozel0t/Notesnook/notesnook/apps/mobile/ios/build/Catalyst/Build/Products/Release-maccatalyst/React-RuntimeCore\"\ \"-F/Users/ozel0t/Notesnook/notesnook/apps/mobile/ios/build/Catalyst/Build/Products/Release-maccatalyst/React-RuntimeHermes\"\ \"-F/Users/ozel0t/Notesnook/notesnook/apps/mobile/ios/build/Catalyst/Build/Products/Release-maccatalyst/React-callinvoker\"\ \"-F/Users/ozel0t/Notesnook/notesnook/apps/mobile/ios/build/Catalyst/Build/Products/Release-maccatalyst/React-cxxreact\"\ \"-F/Users/ozel0t/Notesnook/notesnook/apps/mobile/ios/build/Catalyst/Build/Products/Release-maccatalyst/React-debug\"\ \"-F/Users/ozel0t/Notesnook/notesnook/apps/mobile/ios/build/Catalyst/Build/Products/Release-maccatalyst/React-defaultsnativemodule\"\ \"-F/Users/ozel0t/Notesnook/notesnook/apps/mobile/ios/build/Catalyst/Build/Products/Release-maccatalyst/React-domnativemodule\"\ \"-F/Users/ozel0t/Notesnook/notesnook/apps/mobile/ios/build/Catalyst/Build/Products/Release-maccatalyst/React-featureflags\"\ \"-F/Users/ozel0t/Notesnook/notesnook/apps/mobile/ios/build/Catalyst/Build/Products/Release-maccatalyst/React-featureflagsnativemodule\"\ \"-F/Users/ozel0t/Notesnook/notesnook/apps/mobile/ios/build/Catalyst/Build/Products/Release-maccatalyst/React-graphics\"\ \"-F/Users/ozel0t/Notesnook/notesnook/apps/mobile/ios/build/Catalyst/Build/Products/Release-maccatalyst/React-hermes\"\ \"-F/Users/ozel0t/Notesnook/notesnook/apps/mobile/ios/build/Catalyst/Build/Products/Release-maccatalyst/React-idlecallbacksnativemodule\"\ \"-F/Users/ozel0t/Notesnook/notesnook/apps/mobile/ios/build/Catalyst/Build/Products/Release-maccatalyst/React-jserrorhandler\"\ \"-F/Users/ozel0t/Notesnook/notesnook/apps/mobile/ios/build/Catalyst/Build/Products/Release-maccatalyst/React-jsi\"\ \"-F/Users/ozel0t/Notesnook/notesnook/apps/mobile/ios/build/Catalyst/Build/Products/Release-maccatalyst/React-jsiexecutor\"\ \"-F/Users/ozel0t/Notesnook/notesnook/apps/mobile/ios/build/Catalyst/Build/Products/Release-maccatalyst/React-jsinspector\"\ \"-F/Users/ozel0t/Notesnook/notesnook/apps/mobile/ios/build/Catalyst/Build/Products/Release-maccatalyst/React-jsinspectorcdp\"\ \"-F/Users/ozel0t/Notesnook/notesnook/apps/mobile/ios/build/Catalyst/Build/Products/Release-maccatalyst/React-jsinspectornetwork\"\ \"-F/Users/ozel0t/Notesnook/notesnook/apps/mobile/ios/build/Catalyst/Build/Products/Release-maccatalyst/React-jsinspectortracing\"\ \"-F/Users/ozel0t/Notesnook/notesnook/apps/mobile/ios/build/Catalyst/Build/Products/Release-maccatalyst/React-jsitooling\"\ \"-F/Users/ozel0t/Notesnook/notesnook/apps/mobile/ios/build/Catalyst/Build/Products/Release-maccatalyst/React-jsitracing\"\ \"-F/Users/ozel0t/Notesnook/notesnook/apps/mobile/ios/build/Catalyst/Build/Products/Release-maccatalyst/React-logger\"\ \"-F/Users/ozel0t/Notesnook/notesnook/apps/mobile/ios/build/Catalyst/Build/Products/Release-maccatalyst/React-microtasksnativemodule\"\ \"-F/Users/ozel0t/Notesnook/notesnook/apps/mobile/ios/build/Catalyst/Build/Products/Release-maccatalyst/React-oscompat\"\ \"-F/Users/ozel0t/Notesnook/notesnook/apps/mobile/ios/build/Catalyst/Build/Products/Release-maccatalyst/React-perflogger\"\ \"-F/Users/ozel0t/Notesnook/notesnook/apps/mobile/ios/build/Catalyst/Build/Products/Release-maccatalyst/React-performancecdpmetrics\"\ \"-F/Users/ozel0t/Notesnook/notesnook/apps/mobile/ios/build/Catalyst/Build/Products/Release-maccatalyst/React-performancetimeline\"\ \"-F/Users/ozel0t/Notesnook/notesnook/apps/mobile/ios/build/Catalyst/Build/Products/Release-maccatalyst/React-rendererconsistency\"\ \"-F/Users/ozel0t/Notesnook/notesnook/apps/mobile/ios/build/Catalyst/Build/Products/Release-maccatalyst/React-renderercss\"\ \"-F/Users/ozel0t/Notesnook/notesnook/apps/mobile/ios/build/Catalyst/Build/Products/Release-maccatalyst/React-rendererdebug\"\ \"-F/Users/ozel0t/Notesnook/notesnook/apps/mobile/ios/build/Catalyst/Build/Products/Release-maccatalyst/React-runtimeexecutor\"\ \"-F/Users/ozel0t/Notesnook/notesnook/apps/mobile/ios/build/Catalyst/Build/Products/Release-maccatalyst/React-runtimescheduler\"\ \"-F/Users/ozel0t/Notesnook/notesnook/apps/mobile/ios/build/Catalyst/Build/Products/Release-maccatalyst/React-timing\"\ \"-F/Users/ozel0t/Notesnook/notesnook/apps/mobile/ios/build/Catalyst/Build/Products/Release-maccatalyst/React-utils\"\ \"-F/Users/ozel0t/Notesnook/notesnook/apps/mobile/ios/build/Catalyst/Build/Products/Release-maccatalyst/React-webperformancenativemodule\"\ \"-F/Users/ozel0t/Notesnook/notesnook/apps/mobile/ios/build/Catalyst/Build/Products/Release-maccatalyst/ReactAppDependencyProvider\"\ \"-F/Users/ozel0t/Notesnook/notesnook/apps/mobile/ios/build/Catalyst/Build/Products/Release-maccatalyst/ReactCodegen\"\ \"-F/Users/ozel0t/Notesnook/notesnook/apps/mobile/ios/build/Catalyst/Build/Products/Release-maccatalyst/ReactCommon\"\ \"-F/Users/ozel0t/Notesnook/notesnook/apps/mobile/ios/build/Catalyst/Build/Products/Release-maccatalyst/SDWebImage\"\ \"-F/Users/ozel0t/Notesnook/notesnook/apps/mobile/ios/build/Catalyst/Build/Products/Release-maccatalyst/SSZipArchive\"\ \"-F/Users/ozel0t/Notesnook/notesnook/apps/mobile/ios/build/Catalyst/Build/Products/Release-maccatalyst/SocketRocket\"\ \"-F/Users/ozel0t/Notesnook/notesnook/apps/mobile/ios/build/Catalyst/Build/Products/Release-maccatalyst/SwiftyRSA\"\ \"-F/Users/ozel0t/Notesnook/notesnook/apps/mobile/ios/build/Catalyst/Build/Products/Release-maccatalyst/TOCropViewController\"\ \"-F/Users/ozel0t/Notesnook/notesnook/apps/mobile/ios/build/Catalyst/Build/Products/Release-maccatalyst/Yoga\"\ \"-F/Users/ozel0t/Notesnook/notesnook/apps/mobile/ios/build/Catalyst/Build/Products/Release-maccatalyst/boost\"\ \"-F/Users/ozel0t/Notesnook/notesnook/apps/mobile/ios/build/Catalyst/Build/Products/Release-maccatalyst/callstack-repack\"\ \"-F/Users/ozel0t/Notesnook/notesnook/apps/mobile/ios/build/Catalyst/Build/Products/Release-maccatalyst/fast_float\"\ \"-F/Users/ozel0t/Notesnook/notesnook/apps/mobile/ios/build/Catalyst/Build/Products/Release-maccatalyst/fmt\"\ \"-F/Users/ozel0t/Notesnook/notesnook/apps/mobile/ios/build/Catalyst/Build/Products/Release-maccatalyst/glog\"\ \"-F/Users/ozel0t/Notesnook/notesnook/apps/mobile/ios/build/Catalyst/Build/Products/Release-maccatalyst/hermes-engine\"\ \"-F/Users/ozel0t/Notesnook/notesnook/apps/mobile/ios/build/Catalyst/Build/Products/Release-maccatalyst/react-native-actions-shortcuts\"\ \"-F/Users/ozel0t/Notesnook/notesnook/apps/mobile/ios/build/Catalyst/Build/Products/Release-maccatalyst/react-native-background-actions\"\ \"-F/Users/ozel0t/Notesnook/notesnook/apps/mobile/ios/build/Catalyst/Build/Products/Release-maccatalyst/react-native-begin-background-task\"\ \"-F/Users/ozel0t/Notesnook/notesnook/apps/mobile/ios/build/Catalyst/Build/Products/Release-maccatalyst/react-native-blob-util\"\ \"-F/Users/ozel0t/Notesnook/notesnook/apps/mobile/ios/build/Catalyst/Build/Products/Release-maccatalyst/react-native-cameraroll\"\ \"-F/Users/ozel0t/Notesnook/notesnook/apps/mobile/ios/build/Catalyst/Build/Products/Release-maccatalyst/react-native-config\"\ \"-F/Users/ozel0t/Notesnook/notesnook/apps/mobile/ios/build/Catalyst/Build/Products/Release-maccatalyst/react-native-date-picker\"\ \"-F/Users/ozel0t/Notesnook/notesnook/apps/mobile/ios/build/Catalyst/Build/Products/Release-maccatalyst/react-native-document-picker\"\ \"-F/Users/ozel0t/Notesnook/notesnook/apps/mobile/ios/build/Catalyst/Build/Products/Release-maccatalyst/react-native-fast-openpgp\"\ \"-F/Users/ozel0t/Notesnook/notesnook/apps/mobile/ios/build/Catalyst/Build/Products/Release-maccatalyst/react-native-fingerprint-scanner\"\ \"-F/Users/ozel0t/Notesnook/notesnook/apps/mobile/ios/build/Catalyst/Build/Products/Release-maccatalyst/react-native-get-random-values\"\ \"-F/Users/ozel0t/Notesnook/notesnook/apps/mobile/ios/build/Catalyst/Build/Products/Release-maccatalyst/react-native-gzip\"\ \"-F/Users/ozel0t/Notesnook/notesnook/apps/mobile/ios/build/Catalyst/Build/Products/Release-maccatalyst/react-native-html-to-pdf-lite\"\ \"-F/Users/ozel0t/Notesnook/notesnook/apps/mobile/ios/build/Catalyst/Build/Products/Release-maccatalyst/react-native-image-resizer\"\ \"-F/Users/ozel0t/Notesnook/notesnook/apps/mobile/ios/build/Catalyst/Build/Products/Release-maccatalyst/react-native-in-app-review\"\ \"-F/Users/ozel0t/Notesnook/notesnook/apps/mobile/ios/build/Catalyst/Build/Products/Release-maccatalyst/react-native-keep-awake\"\ \"-F/Users/ozel0t/Notesnook/notesnook/apps/mobile/ios/build/Catalyst/Build/Products/Release-maccatalyst/react-native-mmkv-storage\"\ \"-F/Users/ozel0t/Notesnook/notesnook/apps/mobile/ios/build/Catalyst/Build/Products/Release-maccatalyst/react-native-netinfo\"\ \"-F/Users/ozel0t/Notesnook/notesnook/apps/mobile/ios/build/Catalyst/Build/Products/Release-maccatalyst/react-native-notification-sounds\"\ \"-F/Users/ozel0t/Notesnook/notesnook/apps/mobile/ios/build/Catalyst/Build/Products/Release-maccatalyst/react-native-orientation-locker\"\ \"-F/Users/ozel0t/Notesnook/notesnook/apps/mobile/ios/build/Catalyst/Build/Products/Release-maccatalyst/react-native-pdf\"\ \"-F/Users/ozel0t/Notesnook/notesnook/apps/mobile/ios/build/Catalyst/Build/Products/Release-maccatalyst/react-native-quick-sqlite\"\ \"-F/Users/ozel0t/Notesnook/notesnook/apps/mobile/ios/build/Catalyst/Build/Products/Release-maccatalyst/react-native-safe-area-context\"\ \"-F/Users/ozel0t/Notesnook/notesnook/apps/mobile/ios/build/Catalyst/Build/Products/Release-maccatalyst/react-native-screenguard\"\ \"-F/Users/ozel0t/Notesnook/notesnook/apps/mobile/ios/build/Catalyst/Build/Products/Release-maccatalyst/react-native-share-extension\"\ \"-F/Users/ozel0t/Notesnook/notesnook/apps/mobile/ios/build/Catalyst/Build/Products/Release-maccatalyst/react-native-sodium\"\ \"-F/Users/ozel0t/Notesnook/notesnook/apps/mobile/ios/build/Catalyst/Build/Products/Release-maccatalyst/react-native-theme-switch-animation\"\ \"-F/Users/ozel0t/Notesnook/notesnook/apps/mobile/ios/build/Catalyst/Build/Products/Release-maccatalyst/react-native-upload\"\ \"-F/Users/ozel0t/Notesnook/notesnook/apps/mobile/ios/build/Catalyst/Build/Products/Release-maccatalyst/react-native-view-shot\"\ \"-F/Users/ozel0t/Notesnook/notesnook/apps/mobile/ios/build/Catalyst/Build/Products/Release-maccatalyst/react-native-webview\"\ \"-F/Users/ozel0t/Notesnook/notesnook/apps/mobile/ios/build/Catalyst/Build/Products/Release-maccatalyst/toolbar-android\"
    export OTHER_SWIFT_FLAGS\=\ -D\ COCOAPODS\ -Xcc\ -fmodule-map-file\=\"/Users/ozel0t/Notesnook/notesnook/apps/mobile/ios/build/Catalyst/Build/Products/Release-maccatalyst/JWTDecode/JWTDecode.modulemap\"\ -Xcc\ -fmodule-map-file\=\"/Users/ozel0t/Notesnook/notesnook/apps/mobile/ios/build/Catalyst/Build/Products/Release-maccatalyst/NitroCloudUploader/NitroCloudUploader.modulemap\"\ -Xcc\ -fmodule-map-file\=\"/Users/ozel0t/Notesnook/notesnook/apps/mobile/ios/build/Catalyst/Build/Products/Release-maccatalyst/NitroModules/NitroModules.modulemap\"\ -Xcc\ -fmodule-map-file\=\"/Users/ozel0t/Notesnook/notesnook/apps/mobile/ios/build/Catalyst/Build/Products/Release-maccatalyst/RNIap/RNIap.modulemap\"\ -Xcc\ -fmodule-map-file\=\"/Users/ozel0t/Notesnook/notesnook/apps/mobile/ios/build/Catalyst/Build/Products/Release-maccatalyst/React-Codegen/React_Codegen.modulemap\"\ -Xcc\ -fmodule-map-file\=\"/Users/ozel0t/Notesnook/notesnook/apps/mobile/ios/build/Catalyst/Build/Products/Release-maccatalyst/SwiftyRSA/SwiftyRSA.modulemap\"\ -Xcc\ -fmodule-map-file\=\"/Users/ozel0t/Notesnook/notesnook/apps/mobile/ios/build/Catalyst/Build/Products/Release-maccatalyst/callstack-repack/callstack_repack.modulemap\"\ -Xcc\ -fmodule-map-file\=\"/Users/ozel0t/Notesnook/notesnook/apps/mobile/ios/build/Catalyst/Build/Products/Release-maccatalyst/react-native-actions-shortcuts/react_native_actions_shortcuts.modulemap\"\ -Xcc\ -fmodule-map-file\=\"/Users/ozel0t/Notesnook/notesnook/apps/mobile/ios/build/Catalyst/Build/Products/Release-maccatalyst/react-native-document-picker/react_native_document_picker.modulemap\"\ -Xcc\ -fmodule-map-file\=\"/Users/ozel0t/Notesnook/notesnook/apps/mobile/ios/build/Catalyst/Build/Products/Release-maccatalyst/react-native-in-app-review/react_native_in_app_review.modulemap\"\ -Xcc\ -fmodule-map-file\=\"/Users/ozel0t/Notesnook/notesnook/apps/mobile/ios/Pods/Headers/Public/DoubleConversion/DoubleConversion.modulemap\"\ -Xcc\ -fmodule-map-file\=\"/Users/ozel0t/Notesnook/notesnook/apps/mobile/ios/Pods/Headers/Public/RCTDeprecation/RCTDeprecation.modulemap\"\ -Xcc\ -fmodule-map-file\=\"/Users/ozel0t/Notesnook/notesnook/apps/mobile/ios/Pods/Headers/Public/RCTFabric/React-RCTFabric.modulemap\"\ -Xcc\ -fmodule-map-file\=\"/Users/ozel0t/Notesnook/notesnook/apps/mobile/ios/Pods/Headers/Public/RCTImage/React-RCTImage.modulemap\"\ -Xcc\ -fmodule-map-file\=\"/Users/ozel0t/Notesnook/notesnook/apps/mobile/ios/Pods/Headers/Public/RCTRuntime/React-RCTRuntime.modulemap\"\ -Xcc\ -fmodule-map-file\=\"/Users/ozel0t/Notesnook/notesnook/apps/mobile/ios/Pods/Headers/Public/RCTTypeSafety/RCTTypeSafety.modulemap\"\ -Xcc\ -fmodule-map-file\=\"/Users/ozel0t/Notesnook/notesnook/apps/mobile/ios/Pods/Headers/Public/RNBootSplash/RNBootSplash.modulemap\"\ -Xcc\ -fmodule-map-file\=\"/Users/ozel0t/Notesnook/notesnook/apps/mobile/ios/Pods/Headers/Public/RNReanimated/RNReanimated.modulemap\"\ -Xcc\ -fmodule-map-file\=\"/Users/ozel0t/Notesnook/notesnook/apps/mobile/ios/Pods/Headers/Public/RNWorklets/RNWorklets.modulemap\"\ -Xcc\ -fmodule-map-file\=\"/Users/ozel0t/Notesnook/notesnook/apps/mobile/ios/Pods/Headers/Public/React/React-Core.modulemap\"\ -Xcc\ -fmodule-map-file\=\"/Users/ozel0t/Notesnook/notesnook/apps/mobile/ios/Pods/Headers/Public/ReactAppDependencyProvider/ReactAppDependencyProvider.modulemap\"\ -Xcc\ -fmodule-map-file\=\"/Users/ozel0t/Notesnook/notesnook/apps/mobile/ios/Pods/Headers/Public/ReactCodegen/ReactCodegen.modulemap\"\ -Xcc\ -fmodule-map-file\=\"/Users/ozel0t/Notesnook/notesnook/apps/mobile/ios/Pods/Headers/Public/ReactCommon/ReactCommon.modulemap\"\ -Xcc\ -fmodule-map-file\=\"/Users/ozel0t/Notesnook/notesnook/apps/mobile/ios/Pods/Headers/Public/React_Fabric/React-Fabric.modulemap\"\ -Xcc\ -fmodule-map-file\=\"/Users/ozel0t/Notesnook/notesnook/apps/mobile/ios/Pods/Headers/Public/React_FabricComponents/React-FabricComponents.modulemap\"\ -Xcc\ -fmodule-map-file\=\"/Users/ozel0t/Notesnook/notesnook/apps/mobile/ios/Pods/Headers/Public/React_NativeModulesApple/React-NativeModulesApple.modulemap\"\ -Xcc\ -fmodule-map-file\=\"/Users/ozel0t/Notesnook/notesnook/apps/mobile/ios/Pods/Headers/Public/React_RCTAppDelegate/React-RCTAppDelegate.modulemap\"\ -Xcc\ -fmodule-map-file\=\"/Users/ozel0t/Notesnook/notesnook/apps/mobile/ios/Pods/Headers/Public/React_runtimeexecutor/React-runtimeexecutor.modulemap\"\ -Xcc\ -fmodule-map-file\=\"/Users/ozel0t/Notesnook/notesnook/apps/mobile/ios/Pods/Headers/Public/SSZipArchive/SSZipArchive.modulemap\"\ -Xcc\ -fmodule-map-file\=\"/Users/ozel0t/Notesnook/notesnook/apps/mobile/ios/Pods/Headers/Public/SocketRocket/SocketRocket.modulemap\"\ -Xcc\ -fmodule-map-file\=\"/Users/ozel0t/Notesnook/notesnook/apps/mobile/ios/Pods/Headers/Public/fmt/fmt.modulemap\"\ -Xcc\ -fmodule-map-file\=\"/Users/ozel0t/Notesnook/notesnook/apps/mobile/ios/Pods/Headers/Public/folly/RCT-Folly.modulemap\"\ -Xcc\ -fmodule-map-file\=\"/Users/ozel0t/Notesnook/notesnook/apps/mobile/ios/Pods/Headers/Public/glog/glog.modulemap\"\ -Xcc\ -fmodule-map-file\=\"/Users/ozel0t/Notesnook/notesnook/apps/mobile/ios/Pods/Headers/Public/jsi/React-jsi.modulemap\"\ -Xcc\ -fmodule-map-file\=\"/Users/ozel0t/Notesnook/notesnook/apps/mobile/ios/Pods/Headers/Public/jsinspector_modern/React-jsinspector.modulemap\"\ -Xcc\ -fmodule-map-file\=\"/Users/ozel0t/Notesnook/notesnook/apps/mobile/ios/Pods/Headers/Public/jsinspector_modern_cdp/React-jsinspectorcdp.modulemap\"\ -Xcc\ -fmodule-map-file\=\"/Users/ozel0t/Notesnook/notesnook/apps/mobile/ios/Pods/Headers/Public/jsinspector_modern_network/React-jsinspectornetwork.modulemap\"\ -Xcc\ -fmodule-map-file\=\"/Users/ozel0t/Notesnook/notesnook/apps/mobile/ios/Pods/Headers/Public/jsinspector_modern_tracing/React-jsinspectortracing.modulemap\"\ -Xcc\ -fmodule-map-file\=\"/Users/ozel0t/Notesnook/notesnook/apps/mobile/ios/Pods/Headers/Public/react_debug/React-debug.modulemap\"\ -Xcc\ -fmodule-map-file\=\"/Users/ozel0t/Notesnook/notesnook/apps/mobile/ios/Pods/Headers/Public/react_featureflags/React-featureflags.modulemap\"\ -Xcc\ -fmodule-map-file\=\"/Users/ozel0t/Notesnook/notesnook/apps/mobile/ios/Pods/Headers/Public/react_native_fast_openpgp/react-native-fast-openpgp.modulemap\"\ -Xcc\ -fmodule-map-file\=\"/Users/ozel0t/Notesnook/notesnook/apps/mobile/ios/Pods/Headers/Public/react_nativemodule_defaults/React-defaultsnativemodule.modulemap\"\ -Xcc\ -fmodule-map-file\=\"/Users/ozel0t/Notesnook/notesnook/apps/mobile/ios/Pods/Headers/Public/react_nativemodule_dom/React-domnativemodule.modulemap\"\ -Xcc\ -fmodule-map-file\=\"/Users/ozel0t/Notesnook/notesnook/apps/mobile/ios/Pods/Headers/Public/react_nativemodule_featureflags/React-featureflagsnativemodule.modulemap\"\ -Xcc\ -fmodule-map-file\=\"/Users/ozel0t/Notesnook/notesnook/apps/mobile/ios/Pods/Headers/Public/react_nativemodule_idlecallbacks/React-idlecallbacksnativemodule.modulemap\"\ -Xcc\ -fmodule-map-file\=\"/Users/ozel0t/Notesnook/notesnook/apps/mobile/ios/Pods/Headers/Public/react_nativemodule_microtasks/React-microtasksnativemodule.modulemap\"\ -Xcc\ -fmodule-map-file\=\"/Users/ozel0t/Notesnook/notesnook/apps/mobile/ios/Pods/Headers/Public/react_nativemodule_webperformance/React-webperformancenativemodule.modulemap\"\ -Xcc\ -fmodule-map-file\=\"/Users/ozel0t/Notesnook/notesnook/apps/mobile/ios/Pods/Headers/Public/react_renderer_css/React-renderercss.modulemap\"\ -Xcc\ -fmodule-map-file\=\"/Users/ozel0t/Notesnook/notesnook/apps/mobile/ios/Pods/Headers/Public/react_renderer_debug/React-rendererdebug.modulemap\"\ -Xcc\ -fmodule-map-file\=\"/Users/ozel0t/Notesnook/notesnook/apps/mobile/ios/Pods/Headers/Public/react_renderer_graphics/React-graphics.modulemap\"\ -Xcc\ -fmodule-map-file\=\"/Users/ozel0t/Notesnook/notesnook/apps/mobile/ios/Pods/Headers/Public/react_renderer_imagemanager/React-ImageManager.modulemap\"\ -Xcc\ -fmodule-map-file\=\"/Users/ozel0t/Notesnook/notesnook/apps/mobile/ios/Pods/Headers/Public/react_runtime/React-jsitooling.modulemap\"\ -Xcc\ -fmodule-map-file\=\"/Users/ozel0t/Notesnook/notesnook/apps/mobile/ios/Pods/Headers/Public/react_utils/React-utils.modulemap\"\ -Xcc\ -fmodule-map-file\=\"/Users/ozel0t/Notesnook/notesnook/apps/mobile/ios/Pods/Headers/Public/reacthermes/React-hermes.modulemap\"\ -Xcc\ -fmodule-map-file\=\"/Users/ozel0t/Notesnook/notesnook/apps/mobile/ios/Pods/Headers/Public/yoga/Yoga.modulemap\"
    export PACKAGE_TYPE\=com.apple.package-type.wrapper.application
    export PASCAL_STRINGS\=YES
    export PATH\=/Applications/Xcode.app/Contents/SharedFrameworks/SwiftBuild.framework/Versions/A/PlugIns/SWBBuildService.bundle/Contents/PlugIns/SWBUniversalPlatformPlugin.bundle/Contents/Frameworks/SWBUniversalPlatform.framework/Resources:/Applications/Xcode.app/Contents/Developer/Toolchains/XcodeDefault.xctoolchain/usr/bin:/Applications/Xcode.app/Contents/Developer/Toolchains/XcodeDefault.xctoolchain/usr/local/bin:/Applications/Xcode.app/Contents/Developer/Toolchains/XcodeDefault.xctoolchain/usr/libexec:/Applications/Xcode.app/Contents/Developer/Platforms/MacOSX.platform/usr/bin:/Applications/Xcode.app/Contents/Developer/Platforms/MacOSX.platform/usr/local/bin:/Applications/Xcode.app/Contents/Developer/Platforms/MacOSX.platform/Developer/usr/bin:/Applications/Xcode.app/Contents/Developer/Platforms/MacOSX.platform/Developer/usr/local/bin:/Applications/Xcode.app/Contents/Developer/usr/bin:/Applications/Xcode.app/Contents/Developer/usr/local/bin:/Users/ozel0t/.local/share/flutter/3.47.2/bin:/opt/homebrew/bin:/opt/homebrew/sbin:/usr/local/bin:/System/Cryptexes/App/usr/bin:/usr/bin:/bin:/usr/sbin:/sbin:/var/run/com.apple.security.cryptexd/codex.system/bootstrap/usr/local/bin:/var/run/com.apple.security.cryptexd/codex.system/bootstrap/usr/bin:/var/run/com.apple.security.cryptexd/codex.system/bootstrap/usr/appleinternal/bin:/pkg/env/global/bin:/Library/Apple/usr/bin:/Users/ozel0t/.cargo/bin:/Users/ozel0t/.nvm/versions/node/v24.15.0/bin:/Users/ozel0t/Library/pnpm:/Users/ozel0t/.local/bin
    export PATH_PREFIXES_EXCLUDED_FROM_HEADER_DEPENDENCIES\=/usr/include\ /usr/local/include\ /System/Library/Frameworks\ /System/Library/PrivateFrameworks\ /Applications/Xcode.app/Contents/Developer/Headers\ /Applications/Xcode.app/Contents/Developer/SDKs\ /Applications/Xcode.app/Contents/Developer/Platforms
    export PBDEVELOPMENTPLIST_PATH\=Notesnook.app/Contents/pbdevelopment.plist
    export PER_ARCH_MODULE_FILE_DIR\=/Users/ozel0t/Notesnook/notesnook/apps/mobile/ios/build/Catalyst/Build/Intermediates.noindex/Notesnook.build/Release-maccatalyst/Notesnook.build/Objects-normal/undefined_arch
    export PER_ARCH_OBJECT_FILE_DIR\=/Users/ozel0t/Notesnook/notesnook/apps/mobile/ios/build/Catalyst/Build/Intermediates.noindex/Notesnook.build/Release-maccatalyst/Notesnook.build/Objects-normal/undefined_arch
    export PER_VARIANT_OBJECT_FILE_DIR\=/Users/ozel0t/Notesnook/notesnook/apps/mobile/ios/build/Catalyst/Build/Intermediates.noindex/Notesnook.build/Release-maccatalyst/Notesnook.build/Objects-normal
    export PKGINFO_FILE_PATH\=/Users/ozel0t/Notesnook/notesnook/apps/mobile/ios/build/Catalyst/Build/Intermediates.noindex/Notesnook.build/Release-maccatalyst/Notesnook.build/PkgInfo
    export PKGINFO_PATH\=Notesnook.app/Contents/PkgInfo
    export PLATFORM_DEVELOPER_APPLICATIONS_DIR\=/Applications/Xcode.app/Contents/Developer/Applications
    export PLATFORM_DEVELOPER_BIN_DIR\=/Applications/Xcode.app/Contents/Developer/usr/bin
    export PLATFORM_DEVELOPER_LIBRARY_DIR\=/Applications/Xcode.app/Contents/Developer/Library
    export PLATFORM_DEVELOPER_SDK_DIR\=/Applications/Xcode.app/Contents/Developer/Platforms/MacOSX.platform/Developer/SDKs
    export PLATFORM_DEVELOPER_TOOLS_DIR\=/Applications/Xcode.app/Contents/Developer/Tools
    export PLATFORM_DEVELOPER_USR_DIR\=/Applications/Xcode.app/Contents/Developer/usr
    export PLATFORM_DIR\=/Applications/Xcode.app/Contents/Developer/Platforms/MacOSX.platform
    export PLATFORM_DISPLAY_NAME\=macOS
    export PLATFORM_FAMILY_NAME\=macOS
    export PLATFORM_NAME\=macosx
    export PLATFORM_PREFERRED_ARCH\=x86_64
    export PLATFORM_PRODUCT_BUILD_VERSION\=26A425
    export PLATFORM_REQUIRES_SWIFT_AUTOLINK_EXTRACT\=NO
    export PLATFORM_REQUIRES_SWIFT_MODULEWRAP\=NO
    export PLATFORM_USES_DSYMS\=YES
    export PLIST_FILE_OUTPUT_FORMAT\=same-as-input
    export PLUGINS_FOLDER_PATH\=Notesnook.app/Contents/PlugIns
    export PODS_BUILD_DIR\=/Users/ozel0t/Notesnook/notesnook/apps/mobile/ios/build/Catalyst/Build/Products
    export PODS_CONFIGURATION_BUILD_DIR\=/Users/ozel0t/Notesnook/notesnook/apps/mobile/ios/build/Catalyst/Build/Products/Release-maccatalyst
    export PODS_PODFILE_DIR_PATH\=/Users/ozel0t/Notesnook/notesnook/apps/mobile/ios/.
    export PODS_ROOT\=/Users/ozel0t/Notesnook/notesnook/apps/mobile/ios/Pods
    export PODS_XCFRAMEWORKS_BUILD_DIR\=/Users/ozel0t/Notesnook/notesnook/apps/mobile/ios/build/Catalyst/Build/Products/Release-maccatalyst/XCFrameworkIntermediates
    export PRECOMPS_INCLUDE_HEADERS_FROM_BUILT_PRODUCTS_DIR\=YES
    export PRECOMP_DESTINATION_DIR\=/Users/ozel0t/Notesnook/notesnook/apps/mobile/ios/build/Catalyst/Build/Intermediates.noindex/Notesnook.build/Release-maccatalyst/Notesnook.build/PrefixHeaders
    export PRELINK_DEPENDENCY_INFO_FILE\=/Users/ozel0t/Notesnook/notesnook/apps/mobile/ios/build/Catalyst/Build/Intermediates.noindex/Notesnook.build/Release-maccatalyst/Notesnook.build/Objects-normal/undefined_arch/Notesnook_prelink_dependency_info.dat
    export PRESERVE_DEAD_CODE_INITS_AND_TERMS\=YES
    export PRIVATE_HEADERS_FOLDER_PATH\=Notesnook.app/Contents/PrivateHeaders
    export PROCESSED_INFOPLIST_PATH\=/Users/ozel0t/Notesnook/notesnook/apps/mobile/ios/build/Catalyst/Build/Intermediates.noindex/Notesnook.build/Release-maccatalyst/Notesnook.build/Objects-normal/undefined_arch/Processed-Info.plist
    export PRODUCT_BUNDLE_IDENTIFIER\=com.ozel0t.note.notesnookpencil.mac
    export PRODUCT_BUNDLE_PACKAGE_TYPE\=APPL
    export PRODUCT_MODULE_NAME\=Notesnook
    export PRODUCT_NAME\=Notesnook
    export PRODUCT_SETTINGS_PATH\=/Users/ozel0t/Notesnook/notesnook/apps/mobile/ios/Notesnook/Info.plist
    export PRODUCT_TYPE\=com.apple.product-type.application
    export PROFILING_CODE\=NO
    export PROJECT\=Notesnook
    export PROJECT_DERIVED_FILE_DIR\=/Users/ozel0t/Notesnook/notesnook/apps/mobile/ios/build/Catalyst/Build/Intermediates.noindex/Notesnook.build/DerivedSources
    export PROJECT_DIR\=/Users/ozel0t/Notesnook/notesnook/apps/mobile/ios
    export PROJECT_FILE_PATH\=/Users/ozel0t/Notesnook/notesnook/apps/mobile/ios/Notesnook.xcodeproj
    export PROJECT_GUID\=2dcd972488993b237f389bfe76aacbcd
    export PROJECT_NAME\=Notesnook
    export PROJECT_TEMP_DIR\=/Users/ozel0t/Notesnook/notesnook/apps/mobile/ios/build/Catalyst/Build/Intermediates.noindex/Notesnook.build
    export PROJECT_TEMP_ROOT\=/Users/ozel0t/Notesnook/notesnook/apps/mobile/ios/build/Catalyst/Build/Intermediates.noindex
    export PROVISIONING_PROFILE_REQUIRED\=NO
    export PROVISIONING_PROFILE_REQUIRED_YES_YES\=YES
    export PROVISIONING_PROFILE_SUPPORTED\=YES
    export PUBLIC_HEADERS_FOLDER_PATH\=Notesnook.app/Contents/Headers
    export REACT_NATIVE_PATH\=/Users/ozel0t/Notesnook/notesnook/apps/mobile/ios/Pods/../../node_modules/react-native
    export RECOMMENDED_IPHONEOS_DEPLOYMENT_TARGET\=17.0
    export RECOMMENDED_MACOSX_DEPLOYMENT_TARGET\=14.0
    export RECURSIVE_SEARCH_PATHS_FOLLOW_SYMLINKS\=YES
    export REMOVE_CVS_FROM_RESOURCES\=YES
    export REMOVE_GIT_FROM_RESOURCES\=YES
    export REMOVE_HEADERS_FROM_EMBEDDED_BUNDLES\=YES
    export REMOVE_HG_FROM_RESOURCES\=YES
    export REMOVE_STATIC_EXECUTABLES_FROM_EMBEDDED_BUNDLES\=YES
    export REMOVE_SVN_FROM_RESOURCES\=YES
    export RESCHEDULE_INDEPENDENT_HEADERS_PHASES\=YES
    export RESOURCES_MINIMUM_DEPLOYMENT_TARGET\=15.6
    export RESOURCES_PLATFORM_NAME\=macosx
    export RESOURCES_UI_FRAMEWORK_FAMILY\=uikit
    export REZ_COLLECTOR_DIR\=/Users/ozel0t/Notesnook/notesnook/apps/mobile/ios/build/Catalyst/Build/Intermediates.noindex/Notesnook.build/Release-maccatalyst/Notesnook.build/ResourceManagerResources
    export REZ_OBJECTS_DIR\=/Users/ozel0t/Notesnook/notesnook/apps/mobile/ios/build/Catalyst/Build/Intermediates.noindex/Notesnook.build/Release-maccatalyst/Notesnook.build/ResourceManagerResources/Objects
    export REZ_SEARCH_PATHS\=/Users/ozel0t/Notesnook/notesnook/apps/mobile/ios/build/Catalyst/Build/Products/Release-maccatalyst\ 
    export RPATH_ORIGIN\=@loader_path
    export RUNTIME_EXCEPTION_ALLOW_DYLD_ENVIRONMENT_VARIABLES\=NO
    export RUNTIME_EXCEPTION_ALLOW_JIT\=NO
    export RUNTIME_EXCEPTION_ALLOW_UNSIGNED_EXECUTABLE_MEMORY\=NO
    export RUNTIME_EXCEPTION_DEBUGGING_TOOL\=NO
    export RUNTIME_EXCEPTION_DISABLE_EXECUTABLE_PAGE_PROTECTION\=NO
    export RUNTIME_EXCEPTION_DISABLE_LIBRARY_VALIDATION\=NO
    export SCANNING_PCM_KEEP_CACHE_DIRECTORY\=YES
    export SCAN_ALL_SOURCE_FILES_FOR_INCLUDES\=NO
    export SCRIPTS_FOLDER_PATH\=Notesnook.app/Contents/Resources/Scripts
    export SCRIPT_INPUT_FILE_0\=/Users/ozel0t/Notesnook/notesnook/apps/mobile/ios/.xcode.env.local
    export SCRIPT_INPUT_FILE_1\=/Users/ozel0t/Notesnook/notesnook/apps/mobile/ios/.xcode.env
    export SCRIPT_INPUT_FILE_COUNT\=2
    export SCRIPT_INPUT_FILE_LIST_COUNT\=0
    export SCRIPT_OUTPUT_FILE_COUNT\=0
    export SCRIPT_OUTPUT_FILE_LIST_COUNT\=0
    export SDKROOT\=/Applications/Xcode.app/Contents/Developer/Platforms/MacOSX.platform/Developer/SDKs/MacOSX27.0.sdk
    export SDK_DIR\=/Applications/Xcode.app/Contents/Developer/Platforms/MacOSX.platform/Developer/SDKs/MacOSX27.0.sdk
    export SDK_DIR_macosx\=/Applications/Xcode.app/Contents/Developer/Platforms/MacOSX.platform/Developer/SDKs/MacOSX27.0.sdk
    export SDK_DIR_macosx27_0\=/Applications/Xcode.app/Contents/Developer/Platforms/MacOSX.platform/Developer/SDKs/MacOSX27.0.sdk
    export SDK_NAME\=macosx27.0
    export SDK_NAMES\=macosx27.0
    export SDK_PRODUCT_BUILD_VERSION\=26A425
    export SDK_STAT_CACHE_DIR\=/Users/ozel0t/Notesnook/notesnook/apps/mobile/ios/build/Catalyst
    export SDK_STAT_CACHE_ENABLE\=YES
    export SDK_STAT_CACHE_PATH\=/Users/ozel0t/Notesnook/notesnook/apps/mobile/ios/build/Catalyst/SDKStatCaches.noindex/macosx27.0-26A425-7231f6df4def33e022ae2eb8f782df1a.sdkstatcache
    export SDK_VERSION\=27.0
    export SDK_VERSION_ACTUAL\=270000
    export SDK_VERSION_MAJOR\=270000
    export SDK_VERSION_MINOR\=270000
    export SED\=/usr/bin/sed
    export SEPARATE_STRIP\=NO
    export SEPARATE_SYMBOL_EDIT\=NO
    export SET_DIR_MODE_OWNER_GROUP\=YES
    export SET_FILE_MODE_OWNER_GROUP\=NO
    export SHALLOW_BUNDLE\=NO
    export SHALLOW_BUNDLE_PLATFORM\=NO
    export SHALLOW_BUNDLE_TRIPLE\=ios-macabi
    export SHALLOW_BUNDLE_ios_macabi\=NO
    export SHALLOW_BUNDLE_macos\=NO
    export SHARED_DERIVED_FILE_DIR\=/Users/ozel0t/Notesnook/notesnook/apps/mobile/ios/build/Catalyst/Build/Products/Release-maccatalyst/DerivedSources
    export SHARED_FRAMEWORKS_FOLDER_PATH\=Notesnook.app/Contents/SharedFrameworks
    export SHARED_PRECOMPS_DIR\=/Users/ozel0t/Notesnook/notesnook/apps/mobile/ios/build/Catalyst/Build/Intermediates.noindex/PrecompiledHeaders
    export SHARED_SUPPORT_FOLDER_PATH\=Notesnook.app/Contents/SharedSupport
    export SKIP_COPYING_TEST_FRAMEWORKS\=YES
    export SKIP_INSTALL\=NO
    export SKIP_MERGEABLE_LIBRARY_BUNDLE_HOOK\=NO
    export SOURCE_ROOT\=/Users/ozel0t/Notesnook/notesnook/apps/mobile/ios
    export SRCROOT\=/Users/ozel0t/Notesnook/notesnook/apps/mobile/ios
    export STRINGSDATA_DIR\=/Users/ozel0t/Notesnook/notesnook/apps/mobile/ios/build/Catalyst/Build/Intermediates.noindex/Notesnook.build/Release-maccatalyst/Notesnook.build/Objects-normal/undefined_arch
    export STRINGSDATA_ROOT\=/Users/ozel0t/Notesnook/notesnook/apps/mobile/ios/build/Catalyst/Build/Intermediates.noindex/Notesnook.build/Release-maccatalyst/Notesnook.build
    export STRINGS_FILE_INFOPLIST_RENAME\=YES
    export STRINGS_FILE_OUTPUT_ENCODING\=UTF-16
    export STRING_CATALOG_GENERATE_SYMBOLS\=NO
    export STRIP_BITCODE_FROM_COPIED_FILES\=NO
    export STRIP_INSTALLED_PRODUCT\=YES
    export STRIP_PNG_TEXT\=NO
    export STRIP_STYLE\=all
    export STRIP_SWIFT_SYMBOLS\=YES
    export SUPPORTED_PLATFORMS\=macosx\ macosx
    export SUPPORTS_MACCATALYST\=YES
    export SUPPORTS_ON_DEMAND_RESOURCES\=NO
    export SUPPORTS_TEXT_BASED_API\=NO
    export SUPPRESS_WARNINGS\=NO
    export SWIFTC_PASS_SDKROOT\=YES
    export SWIFTC_PASS_SYSROOT\=NO
    export SWIFT_COLOR_DIAGNOSTICS\=NO
    export SWIFT_DEPLOYMENT_TARGET\=15.6
    export SWIFT_EMIT_CONST_VALUE_PROTOCOLS\=AnyResolverProviding\ AppEntity\ AppEnum\ AppExtension\ AppIntent\ AppIntentsPackage\ AppShortcutProviding\ AppShortcutsProvider\ AppUnionValue\ AppUnionValueCasesProviding\ DynamicOptionsProvider\ EntityQuery\ ExtensionPointDefining\ IntentValueQuery\ Resolver\ TransientEntity\ _AssistantIntentsProvider\ _GenerativeFunctionExtractable\ _IntentValueRepresentable
    export SWIFT_EMIT_LOC_STRINGS\=NO
    export SWIFT_ENABLE_EXPLICIT_MODULES\=YES
    export SWIFT_INCLUDE_PATHS\=/Users/ozel0t/Notesnook/notesnook/apps/mobile/ios/build/Catalyst/Build/Products/Release-maccatalyst\ \ \"/Users/ozel0t/Notesnook/notesnook/apps/mobile/ios/build/Catalyst/Build/Products/Release-maccatalyst/JWTDecode\"\ \"/Users/ozel0t/Notesnook/notesnook/apps/mobile/ios/build/Catalyst/Build/Products/Release-maccatalyst/NitroCloudUploader\"\ \"/Users/ozel0t/Notesnook/notesnook/apps/mobile/ios/build/Catalyst/Build/Products/Release-maccatalyst/NitroModules\"\ \"/Users/ozel0t/Notesnook/notesnook/apps/mobile/ios/build/Catalyst/Build/Products/Release-maccatalyst/RNIap\"\ \"/Users/ozel0t/Notesnook/notesnook/apps/mobile/ios/build/Catalyst/Build/Products/Release-maccatalyst/React-Codegen\"\ \"/Users/ozel0t/Notesnook/notesnook/apps/mobile/ios/build/Catalyst/Build/Products/Release-maccatalyst/SwiftyRSA\"\ \"/Users/ozel0t/Notesnook/notesnook/apps/mobile/ios/build/Catalyst/Build/Products/Release-maccatalyst/callstack-repack\"\ \"/Users/ozel0t/Notesnook/notesnook/apps/mobile/ios/build/Catalyst/Build/Products/Release-maccatalyst/react-native-actions-shortcuts\"\ \"/Users/ozel0t/Notesnook/notesnook/apps/mobile/ios/build/Catalyst/Build/Products/Release-maccatalyst/react-native-document-picker\"\ \"/Users/ozel0t/Notesnook/notesnook/apps/mobile/ios/build/Catalyst/Build/Products/Release-maccatalyst/react-native-in-app-review\"
    export SWIFT_OBJC_BRIDGING_HEADER\=Notesnook-Bridging-Header.h
    export SWIFT_PLATFORM_TARGET_PREFIX\=ios
    export SWIFT_RESPONSE_FILE_PATH_normal_arm64\=/Users/ozel0t/Notesnook/notesnook/apps/mobile/ios/build/Catalyst/Build/Intermediates.noindex/Notesnook.build/Release-maccatalyst/Notesnook.build/Objects-normal/arm64/Notesnook.SwiftFileList
    export SWIFT_VERSION\=5.0
    export SYMROOT\=/Users/ozel0t/Notesnook/notesnook/apps/mobile/ios/build/Catalyst/Build/Products
    export SYSROOT\=/Applications/Xcode.app/Contents/Developer/Platforms/MacOSX.platform/Developer/SDKs/MacOSX27.0.sdk
    export SYSTEM_ADMIN_APPS_DIR\=/Applications/Utilities
    export SYSTEM_APPS_DIR\=/Applications
    export SYSTEM_CORE_SERVICES_DIR\=/System/Library/CoreServices
    export SYSTEM_DEMOS_DIR\=/Applications/Extras
    export SYSTEM_DEVELOPER_APPS_DIR\=/Applications/Xcode.app/Contents/Developer/Applications
    export SYSTEM_DEVELOPER_BIN_DIR\=/Applications/Xcode.app/Contents/Developer/usr/bin
    export SYSTEM_DEVELOPER_DEMOS_DIR\=/Applications/Xcode.app/Contents/Developer/Applications/Utilities/Built\ Examples
    export SYSTEM_DEVELOPER_DIR\=/Applications/Xcode.app/Contents/Developer
    export SYSTEM_DEVELOPER_DOC_DIR\=/Applications/Xcode.app/Contents/Developer/ADC\ Reference\ Library
    export SYSTEM_DEVELOPER_GRAPHICS_TOOLS_DIR\=/Applications/Xcode.app/Contents/Developer/Applications/Graphics\ Tools
    export SYSTEM_DEVELOPER_JAVA_TOOLS_DIR\=/Applications/Xcode.app/Contents/Developer/Applications/Java\ Tools
    export SYSTEM_DEVELOPER_PERFORMANCE_TOOLS_DIR\=/Applications/Xcode.app/Contents/Developer/Applications/Performance\ Tools
    export SYSTEM_DEVELOPER_RELEASENOTES_DIR\=/Applications/Xcode.app/Contents/Developer/ADC\ Reference\ Library/releasenotes
    export SYSTEM_DEVELOPER_TOOLS\=/Applications/Xcode.app/Contents/Developer/Tools
    export SYSTEM_DEVELOPER_TOOLS_DOC_DIR\=/Applications/Xcode.app/Contents/Developer/ADC\ Reference\ Library/documentation/DeveloperTools
    export SYSTEM_DEVELOPER_TOOLS_RELEASENOTES_DIR\=/Applications/Xcode.app/Contents/Developer/ADC\ Reference\ Library/releasenotes/DeveloperTools
    export SYSTEM_DEVELOPER_USR_DIR\=/Applications/Xcode.app/Contents/Developer/usr
    export SYSTEM_DEVELOPER_UTILITIES_DIR\=/Applications/Xcode.app/Contents/Developer/Applications/Utilities
    export SYSTEM_DEXT_INSTALL_PATH\=/System/Library/DriverExtensions
    export SYSTEM_DOCUMENTATION_DIR\=/Library/Documentation
    export SYSTEM_EXTENSIONS_FOLDER_PATH\=Notesnook.app/Contents/Library/SystemExtensions
    export SYSTEM_EXTENSIONS_FOLDER_PATH_SHALLOW_BUNDLE_NO\=Notesnook.app/Contents/Library/SystemExtensions
    export SYSTEM_EXTENSIONS_FOLDER_PATH_SHALLOW_BUNDLE_YES\=Notesnook.app/Contents/SystemExtensions
    export SYSTEM_FRAMEWORK_SEARCH_PATHS\=\ /Applications/Xcode.app/Contents/Developer/Platforms/MacOSX.platform/Developer/SDKs/MacOSX27.0.sdk/System/iOSSupport/System/Library/Frameworks\ /Applications/Xcode.app/Contents/Developer/Platforms/MacOSX.platform/Developer/SDKs/MacOSX27.0.sdk/System/iOSSupport/System/Library/SubFrameworks\ \ /Applications/Xcode.app/Contents/Developer/Platforms/MacOSX.platform/Developer/SDKs/MacOSX27.0.sdk/System/iOSSupport/System/Library/Frameworks\ /Applications/Xcode.app/Contents/Developer/Platforms/MacOSX.platform/Developer/SDKs/MacOSX27.0.sdk/System/iOSSupport/System/Library/SubFrameworks
    export SYSTEM_HEADER_SEARCH_PATHS\=\ /Applications/Xcode.app/Contents/Developer/Platforms/MacOSX.platform/Developer/SDKs/MacOSX27.0.sdk/System/iOSSupport/usr/include\ \ /Applications/Xcode.app/Contents/Developer/Platforms/MacOSX.platform/Developer/SDKs/MacOSX27.0.sdk/System/iOSSupport/usr/include
    export SYSTEM_KEXT_INSTALL_PATH\=/System/Library/Extensions
    export SYSTEM_LIBRARY_DIR\=/System/Library
    export SYSTEM_PREFIX\=/System/iOSSupport
    export TAPI_DEMANGLE\=YES
    export TAPI_ENABLE_PROJECT_HEADERS\=NO
    export TAPI_LANGUAGE\=objective-c
    export TAPI_LANGUAGE_STANDARD\=compiler-default
    export TAPI_USE_SRCROOT\=YES
    export TAPI_VERIFY_MODE\=Pedantic
    export TARGETED_DEVICE_FAMILY\=1,2,6
    export TARGETNAME\=Notesnook
    export TARGET_BUILD_DIR\=/Users/ozel0t/Notesnook/notesnook/apps/mobile/ios/build/Catalyst/Build/Products/Release-maccatalyst
    export TARGET_NAME\=Notesnook
    export TARGET_TEMP_DIR\=/Users/ozel0t/Notesnook/notesnook/apps/mobile/ios/build/Catalyst/Build/Intermediates.noindex/Notesnook.build/Release-maccatalyst/Notesnook.build
    export TEMP_DIR\=/Users/ozel0t/Notesnook/notesnook/apps/mobile/ios/build/Catalyst/Build/Intermediates.noindex/Notesnook.build/Release-maccatalyst/Notesnook.build
    export TEMP_FILES_DIR\=/Users/ozel0t/Notesnook/notesnook/apps/mobile/ios/build/Catalyst/Build/Intermediates.noindex/Notesnook.build/Release-maccatalyst/Notesnook.build
    export TEMP_FILE_DIR\=/Users/ozel0t/Notesnook/notesnook/apps/mobile/ios/build/Catalyst/Build/Intermediates.noindex/Notesnook.build/Release-maccatalyst/Notesnook.build
    export TEMP_ROOT\=/Users/ozel0t/Notesnook/notesnook/apps/mobile/ios/build/Catalyst/Build/Intermediates.noindex
    export TEMP_SANDBOX_DIR\=/Users/ozel0t/Notesnook/notesnook/apps/mobile/ios/build/Catalyst/Build/Intermediates.noindex/TemporaryTaskSandboxes
    export TEST_FRAMEWORK_SEARCH_PATHS\=\ /Applications/Xcode.app/Contents/Developer/Platforms/MacOSX.platform/Developer/Library/Frameworks
    export TEST_LIBRARY_SEARCH_PATHS\=\ /Applications/Xcode.app/Contents/Developer/Platforms/MacOSX.platform/Developer/usr/lib
    export TOOLCHAINS\=com.apple.dt.toolchain.XcodeDefault
    export TOOLCHAIN_DIR\=/Applications/Xcode.app/Contents/Developer/Toolchains/XcodeDefault.xctoolchain
    export TREAT_MISSING_BASELINES_AS_TEST_FAILURES\=NO
    export TREAT_MISSING_SCRIPT_PHASE_OUTPUTS_AS_ERRORS\=NO
    export TeamIdentifierPrefix\=QXCNJY73A8.
    export UID\=501
    export UNINSTALLED_PRODUCTS_DIR\=/Users/ozel0t/Notesnook/notesnook/apps/mobile/ios/build/Catalyst/Build/Intermediates.noindex/UninstalledProducts
    export UNLOCALIZED_RESOURCES_FOLDER_PATH\=Notesnook.app/Contents/Resources
    export UNLOCALIZED_RESOURCES_FOLDER_PATH_SHALLOW_BUNDLE_NO\=Notesnook.app/Contents/Resources
    export UNLOCALIZED_RESOURCES_FOLDER_PATH_SHALLOW_BUNDLE_YES\=Notesnook.app/Contents
    export UNSTRIPPED_PRODUCT\=NO
    export USER\=ozel0t
    export USER_APPS_DIR\=/Users/ozel0t/Applications
    export USER_HEADER_SEARCH_PATHS\=\"/lexbor/\*\*/\*.\{h\}
    export USER_LIBRARY_DIR\=/Users/ozel0t/Library
    export USE_DYNAMIC_NO_PIC\=YES
    export USE_HEADERMAP\=YES
    export USE_HEADER_SYMLINKS\=NO
    export USE_HERMES\=true
    export USE_RECURSIVE_SCRIPT_INPUTS_IN_SCRIPT_PHASES\=YES
    export VALIDATE_DEVELOPMENT_ASSET_PATHS\=YES_ERROR
    export VALIDATE_PRODUCT\=YES
    export VALID_ARCHS\=arm64\ arm64e\ arm64e.x1\ i386\ x86_64
    export VERBOSE_PBXCP\=NO
    export VERSIONING_SYSTEM\=apple-generic
    export VERSIONPLIST_PATH\=Notesnook.app/Contents/version.plist
    export VERSION_INFO_BUILDER\=ozel0t
    export VERSION_INFO_FILE\=Notesnook_vers.c
    export VERSION_INFO_STRING\=\"@\(\#\)PROGRAM:Notesnook\ \ PROJECT:Notesnook-22\"
    export VEYRAN_BUNDLE_NAME\=VeyraN
    export WORKSPACE_DIR\=/Users/ozel0t/Notesnook/notesnook/apps/mobile/ios
    export WRAPPER_EXTENSION\=app
    export WRAPPER_NAME\=Notesnook.app
    export WRAPPER_SUFFIX\=.app
    export WRAP_ASSET_PACKS_IN_SEPARATE_DIRECTORIES\=NO
    export XCODE_APP_SUPPORT_DIR\=/Applications/Xcode.app/Contents/Developer/Library/Xcode
    export XCODE_PRODUCT_BUILD_VERSION\=27A266a
    export XCODE_VERSION_ACTUAL\=2700
    export XCODE_VERSION_MAJOR\=2700
    export XCODE_VERSION_MINOR\=2700
    export XPCSERVICES_FOLDER_PATH\=Notesnook.app/Contents/XPCServices
    export YACC\=yacc
    export _BOOL_\=NO
    export _BOOL_NO\=NO
    export _BOOL_YES\=YES
    export _DISCOVER_COMMAND_LINE_LINKER_INPUTS\=YES
    export _DISCOVER_COMMAND_LINE_LINKER_INPUTS_INCLUDE_WL\=YES
    export _IPHONEOS_DEPLOYMENT_TARGET_IS_EMPTY\=NO
    export _IS_EMPTY_\=YES
    export _LD_MULTIARCH\=YES
    export _SWIFT_EXPLICIT_MODULES_ALLOW_CXX_INTEROP\=YES
    export _WRAPPER_CONTENTS_DIR\=/Contents
    export _WRAPPER_CONTENTS_DIR_SHALLOW_BUNDLE_NO\=/Contents
    export _WRAPPER_PARENT_PATH\=/..
    export _WRAPPER_PARENT_PATH_SHALLOW_BUNDLE_NO\=/..
    export _WRAPPER_RESOURCES_DIR\=/Resources
    export _WRAPPER_RESOURCES_DIR_SHALLOW_BUNDLE_NO\=/Resources
    export __ARCHS__\=arm64
    export __DIAGNOSE_DEPRECATED_ARCHS\=YES
    export __DIAGNOSE_INVALID_DEPLOYMENT_TARGET_AS_ERROR\=YES
    export __IS_NOT_MACOS\=NO
    export __IS_NOT_MACOS_macosx\=NO
    export __IS_NOT_SIMULATOR\=YES
    export __IS_NOT_SIMULATOR_simulator\=NO
    export __ORIGINAL_SDK_DEFINED_LLVM_TARGET_TRIPLE_SYS\=ios
    export arch\=undefined_arch
    export variant\=normal
    /bin/sh -c /Users/ozel0t/Notesnook/notesnook/apps/mobile/ios/build/Catalyst/Build/Intermediates.noindex/Notesnook.build/Release-maccatalyst/Notesnook.build/Script-00DD1BFF1BD5951E006B06BC.sh
Node found at: /usr/local/bin/node
+ DEST=/Users/ozel0t/Notesnook/notesnook/apps/mobile/ios/build/Catalyst/Build/Products/Release-maccatalyst/Notesnook.app/Contents/Resources
+ [[ ! -n '' ]]
+ [[ Release = *Debug* ]]
+ [[ -n '' ]]
+ case "$CONFIGURATION" in
+ DEV=false
+++ dirname /Users/ozel0t/Notesnook/notesnook/apps/mobile/ios/Pods/../../node_modules/react-native/scripts/react-native-xcode.sh
++ cd /Users/ozel0t/Notesnook/notesnook/apps/mobile/ios/Pods/../../node_modules/react-native/scripts/..
++ pwd
+ REACT_NATIVE_DIR=/Users/ozel0t/Notesnook/notesnook/apps/mobile/node_modules/react-native
+ PROJECT_ROOT=/Users/ozel0t/Notesnook/notesnook/apps/mobile/ios/..
+ cd /Users/ozel0t/Notesnook/notesnook/apps/mobile/ios/..
+ [[ -n '' ]]
+ [[ -s index.ios.js ]]
+ ENTRY_FILE=index.js
+ source /Users/ozel0t/Notesnook/notesnook/apps/mobile/node_modules/react-native/scripts/node-binary.sh
++ '[' -z /usr/local/bin/node ']'
++ type /usr/local/bin/node
+ HERMES_ENGINE_PATH=/Users/ozel0t/Notesnook/notesnook/apps/mobile/ios/Pods/hermes-engine
+ '[' -z '' ']'
+ HERMES_CLI_PATH=/Users/ozel0t/Notesnook/notesnook/apps/mobile/ios/Pods/hermes-engine/destroot/bin/hermesc
+ [[ true != false ]]
+ [[ -f /Users/ozel0t/Notesnook/notesnook/apps/mobile/ios/Pods/hermes-engine ]]
+ '[' -z '' ']'
+ export NODE_ARGS=
+ NODE_ARGS=
+ '[' -z '' ']'
+ CLI_PATH=/Users/ozel0t/Notesnook/notesnook/apps/mobile/node_modules/react-native/scripts/bundle.js
+ '[' -z '' ']'
+ BUNDLE_COMMAND=bundle
+ '[' -z '' ']'
+ COMPOSE_SOURCEMAP_PATH=/Users/ozel0t/Notesnook/notesnook/apps/mobile/node_modules/react-native/scripts/compose-source-maps.js
+ [[ -z '' ]]
+ CONFIG_ARG=
+ [[ -z '' ]]
+ BUNDLE_NAME=main
+ BUNDLE_FILE=/Users/ozel0t/Notesnook/notesnook/apps/mobile/ios/build/Catalyst/Build/Products/Release-maccatalyst/main.jsbundle
+ EXTRA_ARGS=()
+ case "$PLATFORM_NAME" in
+ BUNDLE_PLATFORM=macos
+ '[' YES = YES ']'
+ BUNDLE_PLATFORM=ios
+ EMIT_SOURCEMAP=
+ [[ ! -z '' ]]
+ PACKAGER_SOURCEMAP_FILE=
+ [[ '' == true ]]
+ [[ true != false ]]
+ [[ false == false ]]
+ EXTRA_ARGS+=("--minify" "false")
+ [[ -n '' ]]
+ [[ -n '' ]]
+ EXTRA_ARGS+=("--config-cmd" "'$NODE_BINARY' $NODE_ARGS '$REACT_NATIVE_DIR/cli.js' config")
+ /usr/local/bin/node /Users/ozel0t/Notesnook/notesnook/apps/mobile/node_modules/react-native/scripts/bundle.js bundle --entry-file index.js --platform ios --dev false --reset-cache --bundle-output /Users/ozel0t/Notesnook/notesnook/apps/mobile/ios/build/Catalyst/Build/Products/Release-maccatalyst/main.jsbundle --assets-dest /Users/ozel0t/Notesnook/notesnook/apps/mobile/ios/build/Catalyst/Build/Products/Release-maccatalyst/Notesnook.app/Contents/Resources --minify false --config-cmd ''\''/usr/local/bin/node'\''  '\''/Users/ozel0t/Notesnook/notesnook/apps/mobile/node_modules/react-native/cli.js'\'' config'

                        ▒▒▓▓▓▓▒▒
                     ▒▓▓▓▒▒░░▒▒▓▓▓▒
                  ▒▓▓▓▓░░░▒▒▒▒░░░▓▓▓▓▒
                 ▓▓▒▒▒▓▓▓▓▓▓▓▓▓▓▓▓▒▒▒▓▓
                 ▓▓░░░░░▒▓▓▓▓▓▓▒░░░░░▓▓
                 ▓▓░░▓▓▒░░░▒▒░░░▒▓▒░░▓▓
                 ▓▓░░▓▓▓▓▓▒▒▒▒▓▓▓▓▒░░▓▓
                 ▓▓░░▓▓▓▓▓▓▓▓▓▓▓▓▓▒░░▓▓
                 ▓▓▒░░▒▒▓▓▓▓▓▓▓▓▒░░░▒▓▓
                  ▒▓▓▓▒░░░▒▓▓▒░░░▒▓▓▓▒
                     ▒▓▓▓▒░░░░▒▓▓▓▒
                        ▒▒▓▓▓▓▒▒


 WARN  the transform cache was reset.
                Welcome to Metro v0.83.3
              Fast - Scalable - Integrated


transform[stderr]: [baseline-browser-mapping] The data in this module is over two months old.  To ensure accurate Baseline data, please update: `npm i baseline-browser-mapping@latest -D`
 WARN  Attempted to import the module "/Users/ozel0t/Notesnook/notesnook/apps/mobile/node_modules/@notesnook/intl/dist/locales/$en.json" which is not listed in the "exports" of "/Users/ozel0t/Notesnook/notesnook/packages/intl" under the requested subpath "./dist/locales/$en.json". Falling back to file-based resolution. Consider updating the call site or asking the package maintainer(s) to expose this API.
transform[stderr]: [baseline-browser-mapping] The data in this module is over two months old.  To ensure accurate Baseline data, please update: `npm i baseline-browser-mapping@latest -D`
transform[stderr]: [baseline-browser-mapping] The data in this module is over two months old.  To ensure accurate Baseline data, please update: `npm i baseline-browser-mapping@latest -D`
transform[stderr]: [baseline-browser-mapping] The data in this module is over two months old.  To ensure accurate Baseline data, please update: `npm i baseline-browser-mapping@latest -D`
transform[stderr]: [baseline-browser-mapping] The data in this module is over two months old.  To ensure accurate Baseline data, please update: `npm i baseline-browser-mapping@latest -D`
transform[stderr]: [baseline-browser-mapping] The data in this module is over two months old.  To ensure accurate Baseline data, please update: `npm i baseline-browser-mapping@latest -D`
transform[stderr]: [baseline-browser-mapping] The data in this module is over two months old.  To ensure accurate Baseline data, please update: `npm i baseline-browser-mapping@latest -D`
 WARN  The package /Users/ozel0t/Notesnook/notesnook/packages/editor contains an invalid package.json configuration. Consider raising this issue with the package maintainer(s).
Reason: The resolution for "/Users/ozel0t/Notesnook/notesnook/apps/mobile/node_modules/@notesnook/editor/dist/cjs/toolbar/tool-definitions" defined in "exports" is /Users/ozel0t/Notesnook/notesnook/packages/editor/dist/esm/dist/cjs/toolbar/tool-definitions, however this file does not exist. Falling back to file-based resolution.
 WARN  The package /Users/ozel0t/Notesnook/notesnook/packages/editor contains an invalid package.json configuration. Consider raising this issue with the package maintainer(s).
Reason: The resolution for "/Users/ozel0t/Notesnook/notesnook/apps/mobile/node_modules/@notesnook/editor/dist/cjs/toolbar/icons" defined in "exports" is /Users/ozel0t/Notesnook/notesnook/packages/editor/dist/esm/dist/cjs/toolbar/icons, however this file does not exist. Falling back to file-based resolution.
 WARN  The package /Users/ozel0t/Notesnook/notesnook/packages/editor contains an invalid package.json configuration. Consider raising this issue with the package maintainer(s).
Reason: The resolution for "/Users/ozel0t/Notesnook/notesnook/apps/mobile/node_modules/@notesnook/editor/dist/cjs/utils/font" defined in "exports" is /Users/ozel0t/Notesnook/notesnook/packages/editor/dist/esm/dist/cjs/utils/font, however this file does not exist. Falling back to file-based resolution.
 WARN  The package /Users/ozel0t/Notesnook/notesnook/packages/editor contains an invalid package.json configuration. Consider raising this issue with the package maintainer(s).
Reason: The resolution for "/Users/ozel0t/Notesnook/notesnook/apps/mobile/node_modules/@notesnook/editor/dist/cjs/toolbar/tool-definitions" defined in "exports" is /Users/ozel0t/Notesnook/notesnook/packages/editor/dist/esm/dist/cjs/toolbar/tool-definitions, however this file does not exist. Falling back to file-based resolution.
LOG:Writing bundle output to: /Users/ozel0t/Notesnook/notesnook/apps/mobile/ios/build/Catalyst/Build/Products/Release-maccatalyst/main.jsbundle
LOG:Done writing bundle output
Copying 9 asset files
Done copying assets
+ [[ true == false ]]
+ EXTRA_COMPILER_ARGS=
+ [[ false == true ]]
+ EXTRA_COMPILER_ARGS=-O
+ [[ '' == true ]]
+ /Users/ozel0t/Notesnook/notesnook/apps/mobile/ios/Pods/hermes-engine/destroot/bin/hermesc -emit-binary -max-diagnostic-width=80 -O -out /Users/ozel0t/Notesnook/notesnook/apps/mobile/ios/build/Catalyst/Build/Products/Release-maccatalyst/Notesnook.app/Contents/Resources/main.jsbundle /Users/ozel0t/Notesnook/notesnook/apps/mobile/ios/build/Catalyst/Build/Products/Release-maccatalyst/main.jsbundle
/Users/ozel0t/Notesnook/notesnook/apps/mobile/ios/build/Catalyst/Build/Products/Release-maccatalyst/main.jsbundle:1030:18: warning: the variable "Promise" was not declared in function "refresh"
      return new Promise(function (resolve) {
                 ^~~~~~~
/Users/ozel0t/Notesnook/notesnook/apps/mobile/ios/build/Catalyst/Build/Products/Release-maccatalyst/main.jsbundle:1407:49: warning: the variable "reportError" was not declared in anonymous function " 48#"
...alError = "function" === typeof reportError ? reportError : function (erro...
                                   ^~~~~~~~~~~
/Users/ozel0t/Notesnook/notesnook/apps/mobile/ios/build/Catalyst/Build/Products/Release-maccatalyst/main.jsbundle:2921:23: warning: the variable "DebuggerInternal" was not declared in function "__shouldPauseOnThrow"
        return typeof DebuggerInternal !== 'undefined' && DebuggerInternal.sh...
                      ^~~~~~~~~~~~~~~~
/Users/ozel0t/Notesnook/notesnook/apps/mobile/ios/build/Catalyst/Build/Products/Release-maccatalyst/main.jsbundle:10835:7: warning: the variable "setTimeout" was not declared in function "logUncaughtError"
      setTimeout(function () {
      ^~~~~~~~~~
/Users/ozel0t/Notesnook/notesnook/apps/mobile/ios/build/Catalyst/Build/Products/Release-maccatalyst/main.jsbundle:8897:53: warning: the variable "AbortController" was not declared in anonymous function " 247#"
...ocal = "undefined" !== typeof AbortController ? AbortController : function...
                                 ^~~~~~~~~~~~~~~
/Users/ozel0t/Notesnook/notesnook/apps/mobile/ios/build/Catalyst/Build/Products/Release-maccatalyst/main.jsbundle:13524:31: warning: the variable "nativeFabricUIManager" was not declared in anonymous function " 247#"
  var _nativeFabricUIManage = nativeFabricUIManager,
                              ^~~~~~~~~~~~~~~~~~~~~
/Users/ozel0t/Notesnook/notesnook/apps/mobile/ios/build/Catalyst/Build/Products/Release-maccatalyst/main.jsbundle:13582:21: warning: the variable "clearTimeout" was not declared in anonymous function " 247#"
    cancelTimeout = clearTimeout;
                    ^~~~~~~~~~~~
/Users/ozel0t/Notesnook/notesnook/apps/mobile/ios/build/Catalyst/Build/Products/Release-maccatalyst/main.jsbundle:13603:49: warning: the variable "RN$enableMicrotasksInReact" was not declared in anonymous function " 247#"
... "undefined" !== typeof RN$enableMicrotasksInReact && !!RN$enableMicrotask...
                           ^~~~~~~~~~~~~~~~~~~~~~~~~~
/Users/ozel0t/Notesnook/notesnook/apps/mobile/ios/build/Catalyst/Build/Products/Release-maccatalyst/main.jsbundle:13604:47: warning: the variable "queueMicrotask" was not declared in anonymous function " 247#"
...otask = "function" === typeof queueMicrotask ? queueMicrotask : scheduleTi...
                                 ^~~~~~~~~~~~~~
/Users/ozel0t/Notesnook/notesnook/apps/mobile/ios/build/Catalyst/Build/Products/Release-maccatalyst/main.jsbundle:13655:30: warning: the variable "__REACT_DEVTOOLS_GLOBAL_HOOK__" was not declared in anonymous function " 247#"
  if ("undefined" !== typeof __REACT_DEVTOOLS_GLOBAL_HOOK__) {
                             ^~~~~~~~~~~~~~~~~~~~~~~~~~~~~~
/Users/ozel0t/Notesnook/notesnook/apps/mobile/ios/build/Catalyst/Build/Products/Release-maccatalyst/main.jsbundle:17796:5: warning: the variable "setImmediate" was not declared in function "handleResolved"
    setImmediate(function () {
    ^~~~~~~~~~~~
/Users/ozel0t/Notesnook/notesnook/apps/mobile/ios/build/Catalyst/Build/Products/Release-maccatalyst/main.jsbundle:19821:49: warning: the variable "performance" was not declared in function "__didReceiveIncrementalData"
        var start = XMLHttpRequest._profiling ? performance.now() : undefined;
                                                ^~~~~~~~~~~
/Users/ozel0t/Notesnook/notesnook/apps/mobile/ios/build/Catalyst/Build/Products/Release-maccatalyst/main.jsbundle:21666:24: warning: the variable "FileReader" was not declared in function "readBlobAsArrayBuffer"
      var reader = new FileReader();
                       ^~~~~~~~~~
/Users/ozel0t/Notesnook/notesnook/apps/mobile/ios/build/Catalyst/Build/Products/Release-maccatalyst/main.jsbundle:21717:36: warning: the variable "Blob" was not declared in anonymous function " 591#"
        } else if (support.blob && Blob.prototype.isPrototypeOf(body)) {
                                   ^~~~
/Users/ozel0t/Notesnook/notesnook/apps/mobile/ios/build/Catalyst/Build/Products/Release-maccatalyst/main.jsbundle:21719:40: warning: the variable "FormData" was not declared in anonymous function " 591#"
        } else if (support.formData && FormData.prototype.isPrototypeOf(body)) {
                                       ^~~~~~~~
/Users/ozel0t/Notesnook/notesnook/apps/mobile/ios/build/Catalyst/Build/Products/Release-maccatalyst/main.jsbundle:21721:44: warning: the variable "URLSearchParams" was not declared in anonymous function " 591#"
...e if (support.searchParams && URLSearchParams.prototype.isPrototypeOf(body...
                                 ^~~~~~~~~~~~~~~
/Users/ozel0t/Notesnook/notesnook/apps/mobile/ios/build/Catalyst/Build/Products/Release-maccatalyst/main.jsbundle:21974:23: warning: the variable "XMLHttpRequest" was not declared in anonymous function " 601#"
        var xhr = new XMLHttpRequest();
                      ^~~~~~~~~~~~~~
/Users/ozel0t/Notesnook/notesnook/apps/mobile/ios/build/Catalyst/Build/Products/Release-maccatalyst/main.jsbundle:21519:71: warning: the variable "self" was not declared in anonymous function " 583#"
...undefined' && globalThis || typeof self !== 'undefined' && self ||
                                      ^~~~
/Users/ozel0t/Notesnook/notesnook/apps/mobile/ios/build/Catalyst/Build/Products/Release-maccatalyst/main.jsbundle:25556:37: warning: the variable "MessageChannel" was not declared in anonymous function " 764#"
  };else if ("undefined" !== typeof MessageChannel) {
                                    ^~~~~~~~~~~~~~
/Users/ozel0t/Notesnook/notesnook/apps/mobile/ios/build/Catalyst/Build/Products/Release-maccatalyst/main.jsbundle:25571:62: warning: the variable "nativeRuntimeScheduler" was not declared in anonymous function " 764#"
... = "undefined" !== typeof nativeRuntimeScheduler ? nativeRuntimeScheduler....
                             ^~~~~~~~~~~~~~~~~~~~~~
/Users/ozel0t/Notesnook/notesnook/apps/mobile/ios/build/Catalyst/Build/Products/Release-maccatalyst/main.jsbundle:50562:29: warning: the variable "fetch" was not declared in anonymous function " 1581#"
      var responsePromise = fetch(_this._configuration.reachabilityUrl, {
                            ^~~~~
/Users/ozel0t/Notesnook/notesnook/apps/mobile/ios/build/Catalyst/Build/Products/Release-maccatalyst/main.jsbundle:57258:40: warning: the variable "__values" was not declared in anonymous function " 1873#"
...turn m ? m.call(o) : (o = typeof __values === "function" ? __values(o) : o...
                                    ^~~~~~~~
/Users/ozel0t/Notesnook/notesnook/apps/mobile/ios/build/Catalyst/Build/Products/Release-maccatalyst/main.jsbundle:57285:38: warning: the variable "AsyncIterator" was not declared in anonymous function " 1879#"
...turn i = Object.create((typeof AsyncIterator === "function" ? AsyncIterato...
                                  ^~~~~~~~~~~~~
/Users/ozel0t/Notesnook/notesnook/apps/mobile/ios/build/Catalyst/Build/Products/Release-maccatalyst/main.jsbundle:57474:24: warning: the variable "Buffer" was not declared in function "copyBuffer"
    if (cur instanceof Buffer) {
                       ^~~~~~
/Users/ozel0t/Notesnook/notesnook/apps/mobile/ios/build/Catalyst/Build/Products/Release-maccatalyst/main.jsbundle:57912:17: warning: the variable "URL" was not declared in function "parseInternalLink"
      url = new URL(link);
                ^~~
/Users/ozel0t/Notesnook/notesnook/apps/mobile/ios/build/Catalyst/Build/Products/Release-maccatalyst/main.jsbundle:58489:36: warning: the variable "Intl" was not declared in anonymous function " 1951#"
              return r || (r = new Intl.DateTimeFormat("en-US", {
                                   ^~~~
/Users/ozel0t/Notesnook/notesnook/apps/mobile/ios/build/Catalyst/Build/Products/Release-maccatalyst/main.jsbundle:92489:7: warning: the variable "setInterval" was not declared in function "DatabaseLogWriter"
      setInterval(function () {
      ^~~~~~~~~~~
/Users/ozel0t/Notesnook/notesnook/apps/mobile/ios/build/Catalyst/Build/Products/Release-maccatalyst/main.jsbundle:93355:7: warning: the variable "add32" was not declared in anonymous function " 3050#"
      add32 = function add32(x, y) {
      ^~~~~
/Users/ozel0t/Notesnook/notesnook/apps/mobile/ios/build/Catalyst/Build/Products/Release-maccatalyst/main.jsbundle:93815:12: warning: the variable "IS_DESKTOP_APP" was not declared in function "hasRequire"
    typeof IS_DESKTOP_APP === "undefined" || !IS_DESKTOP_APP);
           ^~~~~~~~~~~~~~
/Users/ozel0t/Notesnook/notesnook/apps/mobile/ios/build/Catalyst/Build/Products/Release-maccatalyst/main.jsbundle:99748:23: warning: the variable "DOMParser" was not declared in function "createPurifyWindow"
      win.DOMParser = DOMParser;
                      ^~~~~~~~~
/Users/ozel0t/Notesnook/notesnook/apps/mobile/ios/build/Catalyst/Build/Products/Release-maccatalyst/main.jsbundle:104797:9: warning: the property "underline" was set multiple times in the object definition.
        underline: {
        ^~~~~~~~~~~~
/Users/ozel0t/Notesnook/notesnook/apps/mobile/ios/build/Catalyst/Build/Products/Release-maccatalyst/main.jsbundle:104717:9: note: The first definition was here.
        underline: {
        ^~~~~~~~~~~~
/Users/ozel0t/Notesnook/notesnook/apps/mobile/ios/build/Catalyst/Build/Products/Release-maccatalyst/main.jsbundle:105820:11: warning: the variable "alert" was not declared in function "warn 1#"
          alert(msg);
          ^~~~~
/Users/ozel0t/Notesnook/notesnook/apps/mobile/ios/build/Catalyst/Build/Products/Release-maccatalyst/main.jsbundle:112485:25: warning: the variable "Atomics" was not declared in anonymous function " 3600#"
    '%Atomics%': typeof Atomics === 'undefined' ? undefined : Atomics,
                        ^~~~~~~
/Users/ozel0t/Notesnook/notesnook/apps/mobile/ios/build/Catalyst/Build/Products/Release-maccatalyst/main.jsbundle:112500:30: warning: the variable "Float16Array" was not declared in anonymous function " 3600#"
    '%Float16Array%': typeof Float16Array === 'undefined' ? undefined : Float...
                             ^~~~~~~~~~~~
/Users/ozel0t/Notesnook/notesnook/apps/mobile/ios/build/Catalyst/Build/Products/Release-maccatalyst/main.jsbundle:112503:38: warning: the variable "FinalizationRegistry" was not declared in anonymous function " 3600#"
...lizationRegistry%': typeof FinalizationRegistry === 'undefined' ? undefine...
                              ^~~~~~~~~~~~~~~~~~~~
/Users/ozel0t/Notesnook/notesnook/apps/mobile/ios/build/Catalyst/Build/Products/Release-maccatalyst/main.jsbundle:112529:35: warning: the variable "SharedArrayBuffer" was not declared in anonymous function " 3600#"
...%SharedArrayBuffer%': typeof SharedArrayBuffer === 'undefined' ? undefined...
                                ^~~~~~~~~~~~~~~~~
/Users/ozel0t/Notesnook/notesnook/apps/mobile/ios/build/Catalyst/Build/Products/Release-maccatalyst/main.jsbundle:112543:25: warning: the variable "WeakRef" was not declared in anonymous function " 3600#"
    '%WeakRef%': typeof WeakRef === 'undefined' ? undefined : WeakRef,
                        ^~~~~~~
/Users/ozel0t/Notesnook/notesnook/apps/mobile/ios/build/Catalyst/Build/Products/Release-maccatalyst/main.jsbundle:124436:26: warning: the variable "File" was not declared in function "getSizableOrigin"
    if (input instanceof File) return "file";
                         ^~~~
/Users/ozel0t/Notesnook/notesnook/apps/mobile/ios/build/Catalyst/Build/Products/Release-maccatalyst/main.jsbundle:124497:24: warning: the variable "atob" was not declared in function "base64ToUint8Array"
    var binaryString = atob(base64);
                       ^~~~
/Users/ozel0t/Notesnook/notesnook/apps/mobile/ios/build/Catalyst/Build/Products/Release-maccatalyst/main.jsbundle:124509:12: warning: the variable "btoa" was not declared in function "uint8ArrayToBase64"
    return btoa(binaryString);
           ^~~~
/Users/ozel0t/Notesnook/notesnook/apps/mobile/ios/build/Catalyst/Build/Products/Release-maccatalyst/main.jsbundle:124047:16: warning: the variable "navigator" was not declared in anonymous function " 4304#"
    if (typeof navigator !== "undefined" && (_navigator = navigator) != null ...
               ^~~~~~~~~
/Users/ozel0t/Notesnook/notesnook/apps/mobile/ios/build/Catalyst/Build/Products/Release-maccatalyst/main.jsbundle:143309:34: warning: the variable "__webpack_require__" was not declared in function "FetchHttpClient"
...   var requireFunc = typeof __webpack_require__ === "function" ? __non_web...
                               ^~~~~~~~~~~~~~~~~~~
/Users/ozel0t/Notesnook/notesnook/apps/mobile/ios/build/Catalyst/Build/Products/Release-maccatalyst/main.jsbundle:143309:71: warning: the variable "__non_webpack_require__" was not declared in function "FetchHttpClient"
...equire__ === "function" ? __non_webpack_require__ : _$$_REQUIRE;
                             ^~~~~~~~~~~~~~~~~~~~~~~
/Users/ozel0t/Notesnook/notesnook/apps/mobile/ios/build/Catalyst/Build/Products/Release-maccatalyst/main.jsbundle:145292:69: warning: the variable "WebSocket" was not declared in function "HttpConnection"
...ap[4]).Platform.isNode && typeof WebSocket !== "undefined" && !options.Web...
                                    ^~~~~~~~~
/Users/ozel0t/Notesnook/notesnook/apps/mobile/ios/build/Catalyst/Build/Products/Release-maccatalyst/main.jsbundle:145299:69: warning: the variable "EventSource" was not declared in function "HttpConnection"
...p[4]).Platform.isNode && typeof EventSource !== "undefined" && !options.Ev...
                                   ^~~~~~~~~~~
/Users/ozel0t/Notesnook/notesnook/apps/mobile/ios/build/Catalyst/Build/Products/Release-maccatalyst/main.jsbundle:146393:26: warning: the variable "ErrorEvent" was not declared in anonymous function " 5565#"
              if (typeof ErrorEvent !== "undefined" && event instanceof Error...
                         ^~~~~~~~~~
/Users/ozel0t/Notesnook/notesnook/apps/mobile/ios/build/Catalyst/Build/Products/Release-maccatalyst/main.jsbundle:230989:9: warning: the variable "clearInterval" was not declared in anonymous function " 7936#"
        clearInterval(reset);
        ^~~~~~~~~~~~~
/Users/ozel0t/Notesnook/notesnook/apps/mobile/ios/build/Catalyst/Build/Products/Release-maccatalyst/main.jsbundle:247980:44: warning: the variable "dbName" was not declared in function "?anon_0_ 818#"
            yield QuickSQLite.executeAsync(dbName, 'BEGIN TRANSACTION');
                                           ^~~~~~
/Users/ozel0t/Notesnook/notesnook/apps/mobile/ios/build/Catalyst/Build/Products/Release-maccatalyst/main.jsbundle:247981:19: warning: the variable "fn" was not declared in function "?anon_0_ 818#"
            yield fn({
                  ^~
/Users/ozel0t/Notesnook/notesnook/apps/mobile/ios/build/Catalyst/Build/Products/Release-maccatalyst/main.jsbundle:250158:23: warning: the variable "getComputedStyle" was not declared in function "cssVar"
      variableValue = getComputedStyle(document.documentElement).getPropertyV...
                      ^~~~~~~~~~~~~~~~
/Users/ozel0t/Notesnook/notesnook/apps/mobile/ios/build/Catalyst/Build/Products/Release-maccatalyst/main.jsbundle:265782:9: warning: the variable "cancelAnimationFrame" was not declared in function "set current"
        cancelAnimationFrame(frameRef.current);
        ^~~~~~~~~~~~~~~~~~~~
/Users/ozel0t/Notesnook/notesnook/apps/mobile/ios/build/Catalyst/Build/Products/Release-maccatalyst/main.jsbundle:269140:31: warning: the variable "TextEncoder" was not declared in function "Builder"
      this.text_encoder = new TextEncoder();
                              ^~~~~~~~~~~
/Users/ozel0t/Notesnook/notesnook/apps/mobile/ios/build/Catalyst/Build/Products/Release-maccatalyst/main.jsbundle:269751:32: warning: the variable "TextDecoder" was not declared in function "ByteBuffer"
      this.text_decoder_ = new TextDecoder();
                               ^~~~~~~~~~~
/Users/ozel0t/Notesnook/notesnook/apps/mobile/ios/build/Catalyst/Build/Products/Release-maccatalyst/main.jsbundle:284014:18: warning: the variable "localStorage" was not declared in function "getStorage 1#"
          return localStorage;
                 ^~~~~~~~~~~~
/Users/ozel0t/Notesnook/notesnook/apps/mobile/ios/build/Catalyst/Build/Products/Release-maccatalyst/main.jsbundle:294683:9: warning: the variable "REACT_NAVIGATION_DEVTOOLS" was not declared in anonymous function " 10016#"
        REACT_NAVIGATION_DEVTOOLS.set(refContainer.current, {
        ^~~~~~~~~~~~~~~~~~~~~~~~~
/Users/ozel0t/Notesnook/notesnook/apps/mobile/ios/build/Catalyst/Build/Products/Release-maccatalyst/main.jsbundle:327010:125: warning: the variable "location" was not declared in function "registerSensor"
...IRE(_dependencyMap[7]).IS_WEB && location.protocol !== 'https:' ? ' Make s...
                                    ^~~~~~~~
/Users/ozel0t/Notesnook/notesnook/apps/mobile/ios/build/Catalyst/Build/Products/Release-maccatalyst/main.jsbundle:346634:24: warning: the variable "MutationObserver" was not declared in function "addHTMLMutationObserver"
    var observer = new MutationObserver(function (mutationsList) {
                       ^~~~~~~~~~~~~~~~
/Users/ozel0t/Notesnook/notesnook/apps/mobile/ios/build/Catalyst/Build/Products/Release-maccatalyst/main.jsbundle:349235:26: warning: the variable "structuredClone" was not declared in function "createAnimationWithInitialValues"
    var animationStyle = structuredClone(_$$_REQUIRE(_dependencyMap[6]).Anima...
                         ^~~~~~~~~~~~~~~
/Users/ozel0t/Notesnook/notesnook/apps/mobile/ios/build/Catalyst/Build/Products/Release-maccatalyst/main.jsbundle:355075:5: warning: the variable "jest" was not declared in function "beforeTest"
    jest.useFakeTimers();
    ^~~~
/Users/ozel0t/Notesnook/notesnook/apps/mobile/ios/build/Catalyst/Build/Products/Release-maccatalyst/main.jsbundle:377313:91: warning: the variable "value" was not declared in anonymous function " 12673#"
...e), n.bind(null, true)) : n(false, value);
                                      ^~~~~
/Users/ozel0t/Notesnook/notesnook/apps/mobile/ios/build/Catalyst/Build/Products/Release-maccatalyst/main.jsbundle:435435:17: warning: the variable "_WORKLET" was not declared in function "close 15#"
            if (_WORKLET) {
                ^~~~~~~~
/Users/ozel0t/Notesnook/notesnook/apps/mobile/ios/build/Catalyst/Build/Products/Release-maccatalyst/main.jsbundle:515736:26: warning: the variable "ResizeObserver" was not declared in anonymous function " 16011#"
      var observer = new ResizeObserver(function (entries) {
                         ^~~~~~~~~~~~~~
+ [[ '' == true ]]
+ BUNDLE_FILE=/Users/ozel0t/Notesnook/notesnook/apps/mobile/ios/build/Catalyst/Build/Products/Release-maccatalyst/Notesnook.app/Contents/Resources/main.jsbundle
+ [[ false != true ]]
+ [[ ! -f /Users/ozel0t/Notesnook/notesnook/apps/mobile/ios/build/Catalyst/Build/Products/Release-maccatalyst/Notesnook.app/Contents/Resources/main.jsbundle ]]

Copy /Users/ozel0t/Notesnook/notesnook/apps/mobile/ios/build/Catalyst/Build/Products/Release-maccatalyst/Notesnook.app/Contents/PlugIns/Make\ Note.appex /Users/ozel0t/Notesnook/notesnook/apps/mobile/ios/build/Catalyst/Build/Products/Release-maccatalyst/Make\ Note.appex (in target 'Notesnook' from project 'Notesnook')
    cd /Users/ozel0t/Notesnook/notesnook/apps/mobile/ios
    builtin-copy -exclude .DS_Store -exclude CVS -exclude .svn -exclude .git -exclude .hg -exclude Headers -exclude PrivateHeaders -exclude Modules -exclude \*.tbd -strip-unsigned-binaries -strip-deterministic -strip-tool /Applications/Xcode.app/Contents/Developer/Toolchains/XcodeDefault.xctoolchain/usr/bin/strip -resolve-src-symlinks -remove-static-executable /Users/ozel0t/Notesnook/notesnook/apps/mobile/ios/build/Catalyst/Build/Products/Release-maccatalyst/Make\ Note.appex /Users/ozel0t/Notesnook/notesnook/apps/mobile/ios/build/Catalyst/Build/Products/Release-maccatalyst/Notesnook.app/Contents/PlugIns
warning: not stripping binary because it is signed: /Users/ozel0t/Notesnook/notesnook/apps/mobile/ios/build/Catalyst/Build/Products/Release-maccatalyst/Make Note.appex/Contents/MacOS/Make Note (in target 'Notesnook' from project 'Notesnook')

PhaseScriptExecution Prune\ App\ Group\ Info.plist\ keys\ (Mac\ Catalyst) /Users/ozel0t/Notesnook/notesnook/apps/mobile/ios/build/Catalyst/Build/Intermediates.noindex/Notesnook.build/Release-maccatalyst/Notesnook.build/Script-D7A10000000000000000A001.sh (in target 'Notesnook' from project 'Notesnook')
    cd /Users/ozel0t/Notesnook/notesnook/apps/mobile/ios
    export ACTION\=build
    export AD_HOC_CODE_SIGNING_ALLOWED\=YES
    export AGGREGATE_TRACKED_DOMAINS\=YES
    export ALLOW_BUILD_REQUEST_OVERRIDES\=NO
    export ALLOW_TARGET_PLATFORM_SPECIALIZATION\=NO
    export ALTERNATE_GROUP\=staff
    export ALTERNATE_MODE\=u+w,go-w,a+rX
    export ALTERNATE_OWNER\=ozel0t
    export ALTERNATIVE_DISTRIBUTION_WEB\=NO
    export ALWAYS_EMBED_SWIFT_STANDARD_LIBRARIES\=YES
    export ALWAYS_SEARCH_USER_PATHS\=NO
    export ALWAYS_USE_SEPARATE_HEADERMAPS\=NO
    export APPLICATION_EXTENSION_API_ONLY\=NO
    export APPLY_RULES_IN_COPY_FILES\=NO
    export APPLY_RULES_IN_COPY_HEADERS\=NO
    export APP_DISPLAY_NAME\=VeyraN
    export APP_SHORTCUTS_ENABLE_FLEXIBLE_MATCHING\=YES
    export ARCHS\=arm64
    export ARCHS_BASE\=arm64
    export ARCHS_STANDARD\=arm64\ x86_64
    export ARCHS_STANDARD_32_64_BIT\=arm64\ x86_64\ i386
    export ARCHS_STANDARD_32_BIT\=i386
    export ARCHS_STANDARD_64_BIT\=arm64\ x86_64
    export ARCHS_STANDARD_INCLUDING_64_BIT\=arm64\ x86_64
    export ARCH_COHORT_arm64e\=arm64e\ arm64e.x1
    export ASSETCATALOG_COMPILER_APPICON_NAME\=AppIcon
    export ASSETCATALOG_COMPILER_INCLUDE_ALL_APPICON_ASSETS\=NO
    export AUTOMATICALLY_MERGE_DEPENDENCIES\=NO
    export AUTOMATION_APPLE_EVENTS\=NO
    export AVAILABLE_PLATFORMS\=android\ appletvos\ appletvsimulator\ driverkit\ freebsd\ iphoneos\ iphonesimulator\ linux\ macosx\ none\ openbsd\ qnx\ staticlinux\ watchos\ watchsimulator\ webassembly\ xros\ xrsimulator
    export AppIdentifierPrefix\=QXCNJY73A8.
    export BUILD_ACTIVE_RESOURCES_ONLY\=NO
    export BUILD_COMPONENTS\=headers\ build
    export BUILD_DIR\=/Users/ozel0t/Notesnook/notesnook/apps/mobile/ios/build/Catalyst/Build/Products
    export BUILD_LIBRARY_FOR_DISTRIBUTION\=NO
    export BUILD_ONLY_KNOWN_LOCALIZATIONS\=NO
    export BUILD_ROOT\=/Users/ozel0t/Notesnook/notesnook/apps/mobile/ios/build/Catalyst/Build/Products
    export BUILD_STYLE\=
    export BUILD_VARIANTS\=normal
    export BUILT_PRODUCTS_DIR\=/Users/ozel0t/Notesnook/notesnook/apps/mobile/ios/build/Catalyst/Build/Products/Release-maccatalyst
    export BUNDLE_CONTENTS_FOLDER_PATH\=Contents/
    export BUNDLE_CONTENTS_FOLDER_PATH_deep\=Contents/
    export BUNDLE_EXECUTABLE_FOLDER_NAME_deep\=MacOS
    export BUNDLE_EXECUTABLE_FOLDER_PATH\=Contents/MacOS
    export BUNDLE_EXTENSIONS_FOLDER_PATH\=Contents/Extensions
    export BUNDLE_FORMAT\=deep
    export BUNDLE_FRAMEWORKS_FOLDER_PATH\=Contents/Frameworks
    export BUNDLE_PLUGINS_FOLDER_PATH\=Contents/PlugIns
    export BUNDLE_PRIVATE_HEADERS_FOLDER_PATH\=Contents/PrivateHeaders
    export BUNDLE_PUBLIC_HEADERS_FOLDER_PATH\=Contents/Headers
    export CACHE_ROOT\=/var/folders/86/45djkvrd2xs_ccbq4w22y12c0000gn/C/com.apple.DeveloperTools/27.0-27A266a/Xcode
    export CCHROOT\=/var/folders/86/45djkvrd2xs_ccbq4w22y12c0000gn/C/com.apple.DeveloperTools/27.0-27A266a/Xcode
    export CHMOD\=/bin/chmod
    export CHOWN\=chown
    export CLANG_ANALYZER_LOCALIZABILITY_NONLOCALIZED\=YES
    export CLANG_CACHE_FINE_GRAINED_OUTPUTS\=YES
    export CLANG_CXX_LANGUAGE_STANDARD\=c++20
    export CLANG_CXX_LIBRARY\=libc++
    export CLANG_ENABLE_EXPLICIT_MODULES\=YES
    export CLANG_ENABLE_MODULES\=YES
    export CLANG_ENABLE_OBJC_ARC\=YES
    export CLANG_MODULES_BUILD_SESSION_FILE\=/Users/ozel0t/Notesnook/notesnook/apps/mobile/ios/build/Catalyst/ModuleCache.noindex/Session.modulevalidation
    export CLANG_WARN_BLOCK_CAPTURE_AUTORELEASING\=YES
    export CLANG_WARN_BOOL_CONVERSION\=YES
    export CLANG_WARN_COMMA\=YES
    export CLANG_WARN_CONSTANT_CONVERSION\=YES
    export CLANG_WARN_DEPRECATED_OBJC_IMPLEMENTATIONS\=YES
    export CLANG_WARN_DIRECT_OBJC_ISA_USAGE\=YES_ERROR
    export CLANG_WARN_EMPTY_BODY\=YES
    export CLANG_WARN_ENUM_CONVERSION\=YES
    export CLANG_WARN_INFINITE_RECURSION\=YES
    export CLANG_WARN_INT_CONVERSION\=YES
    export CLANG_WARN_NON_LITERAL_NULL_CONVERSION\=YES
    export CLANG_WARN_OBJC_IMPLICIT_RETAIN_SELF\=YES
    export CLANG_WARN_OBJC_LITERAL_CONVERSION\=YES
    export CLANG_WARN_OBJC_ROOT_CLASS\=YES_ERROR
    export CLANG_WARN_QUOTED_INCLUDE_IN_FRAMEWORK_HEADER\=NO
    export CLANG_WARN_RANGE_LOOP_ANALYSIS\=YES
    export CLANG_WARN_STRICT_PROTOTYPES\=YES
    export CLANG_WARN_SUSPICIOUS_MOVE\=YES
    export CLANG_WARN_UNREACHABLE_CODE\=YES
    export CLANG_WARN__DUPLICATE_METHOD_MATCH\=YES
    export CLASS_FILE_DIR\=/Users/ozel0t/Notesnook/notesnook/apps/mobile/ios/build/Catalyst/Build/Intermediates.noindex/Notesnook.build/Release-maccatalyst/Notesnook.build/JavaClasses
    export CLEAN_PRECOMPS\=YES
    export CLONE_HEADERS\=NO
    export CODESIGNING_FOLDER_PATH\=/Users/ozel0t/Notesnook/notesnook/apps/mobile/ios/build/Catalyst/Build/Products/Release-maccatalyst/Notesnook.app
    export CODE_SIGNING_ALLOWED\=YES
    export CODE_SIGNING_REQUIRED\=YES
    export CODE_SIGN_ENTITLEMENTS\=Notesnook/Notesnook-macOS.entitlements
    export CODE_SIGN_IDENTITY\=Apple\ Development
    export CODE_SIGN_INJECT_BASE_ENTITLEMENTS\=YES
    export CODE_SIGN_STYLE\=Automatic
    export COLOR_DIAGNOSTICS\=NO
    export COMBINE_HIDPI_IMAGES\=NO
    export COMPILATION_CACHE_CAS_PATH\=/Users/ozel0t/Notesnook/notesnook/apps/mobile/ios/build/Catalyst/CompilationCache.noindex
    export COMPILATION_CACHE_KEEP_CAS_DIRECTORY\=YES
    export COMPILER_INDEX_STORE_ENABLE\=Default
    export COMPOSITE_SDK_DIRS\=/Users/ozel0t/Notesnook/notesnook/apps/mobile/ios/build/Catalyst/Build/Intermediates.noindex/CompositeSDKs
    export COMPRESS_PNG_FILES\=NO
    export CONFIGURATION\=Release
    export CONFIGURATION_BUILD_DIR\=/Users/ozel0t/Notesnook/notesnook/apps/mobile/ios/build/Catalyst/Build/Products/Release-maccatalyst
    export CONFIGURATION_TEMP_DIR\=/Users/ozel0t/Notesnook/notesnook/apps/mobile/ios/build/Catalyst/Build/Intermediates.noindex/Notesnook.build/Release-maccatalyst
    export CONTENTS_FOLDER_PATH\=Notesnook.app/Contents
    export CONTENTS_FOLDER_PATH_SHALLOW_BUNDLE_NO\=Notesnook.app/Contents
    export CONTENTS_FOLDER_PATH_SHALLOW_BUNDLE_YES\=Notesnook.app
    export COPYING_PRESERVES_HFS_DATA\=NO
    export COPY_HEADERS_RUN_UNIFDEF\=NO
    export COPY_PHASE_STRIP\=YES
    export CP\=/bin/cp
    export CREATE_INFOPLIST_SECTION_IN_BINARY\=NO
    export CURRENT_ARCH\=undefined_arch
    export CURRENT_PROJECT_VERSION\=22
    export CURRENT_VARIANT\=normal
    export DEAD_CODE_STRIPPING\=YES
    export DEBUGGING_SYMBOLS\=YES
    export DEBUG_INFORMATION_FORMAT\=dwarf
    export DEBUG_INFORMATION_VERSION\=compiler-default
    export DEFAULT_COMPILER\=com.apple.compilers.llvm.clang.1_0
    export DEFAULT_DEXT_INSTALL_PATH\=/System/Library/DriverExtensions
    export DEFAULT_KEXT_INSTALL_PATH\=/System/Library/Extensions
    export DEFINES_MODULE\=NO
    export DEPLOYMENT_LOCATION\=NO
    export DEPLOYMENT_POSTPROCESSING\=NO
    export DEPLOYMENT_TARGET_SETTING_NAME\=MACOSX_DEPLOYMENT_TARGET
    export DEPLOYMENT_TARGET_SUGGESTED_VALUES\=12.0\ 12.2\ 12.3\ 12.4\ 13.0\ 13.1\ 13.2\ 13.3\ 13.4\ 13.5\ 14.0\ 14.1\ 14.2\ 14.3\ 14.4\ 14.5\ 14.6\ 15.0\ 15.1\ 15.2\ 15.3\ 15.4\ 15.5\ 15.6\ 26.0\ 26.1\ 26.2\ 26.3\ 26.4\ 26.5\ 26.6\ 27.0
    export DERIVED_FILES_DIR\=/Users/ozel0t/Notesnook/notesnook/apps/mobile/ios/build/Catalyst/Build/Intermediates.noindex/Notesnook.build/Release-maccatalyst/Notesnook.build/DerivedSources
    export DERIVED_FILE_DIR\=/Users/ozel0t/Notesnook/notesnook/apps/mobile/ios/build/Catalyst/Build/Intermediates.noindex/Notesnook.build/Release-maccatalyst/Notesnook.build/DerivedSources
    export DERIVED_SOURCES_DIR\=/Users/ozel0t/Notesnook/notesnook/apps/mobile/ios/build/Catalyst/Build/Intermediates.noindex/Notesnook.build/Release-maccatalyst/Notesnook.build/DerivedSources
    export DERIVE_MACCATALYST_PRODUCT_BUNDLE_IDENTIFIER\=NO
    export DEVELOPER_APPLICATIONS_DIR\=/Applications/Xcode.app/Contents/Developer/Applications
    export DEVELOPER_BIN_DIR\=/Applications/Xcode.app/Contents/Developer/usr/bin
    export DEVELOPER_DIR\=/Applications/Xcode.app/Contents/Developer
    export DEVELOPER_FRAMEWORKS_DIR\=/Applications/Xcode.app/Contents/Developer/Library/Frameworks
    export DEVELOPER_FRAMEWORKS_DIR_QUOTED\=/Applications/Xcode.app/Contents/Developer/Library/Frameworks
    export DEVELOPER_LIBRARY_DIR\=/Applications/Xcode.app/Contents/Developer/Library
    export DEVELOPER_SDK_DIR\=/Applications/Xcode.app/Contents/Developer/Platforms/MacOSX.platform/Developer/SDKs
    export DEVELOPER_TOOLS_DIR\=/Applications/Xcode.app/Contents/Developer/Tools
    export DEVELOPER_USR_DIR\=/Applications/Xcode.app/Contents/Developer/usr
    export DEVELOPMENT_LANGUAGE\=en
    export DEVELOPMENT_TEAM\=QXCNJY73A8
    export DIAGNOSE_MISSING_TARGET_DEPENDENCIES\=YES
    export DIFF\=/usr/bin/diff
    export DOCUMENTATION_FOLDER_PATH\=Notesnook.app/Contents/Resources/en.lproj/Documentation
    export DONT_GENERATE_INFOPLIST_FILE\=NO
    export DSTROOT\=/tmp/Notesnook.dst
    export DT_TOOLCHAIN_DIR\=/Applications/Xcode.app/Contents/Developer/Toolchains/XcodeDefault.xctoolchain
    export DWARF_DSYM_FILE_NAME\=Notesnook.app.dSYM
    export DWARF_DSYM_FILE_SHOULD_ACCOMPANY_PRODUCT\=NO
    export DWARF_DSYM_FOLDER_PATH\=/Users/ozel0t/Notesnook/notesnook/apps/mobile/ios/build/Catalyst/Build/Products/Release-maccatalyst
    export DYNAMIC_LIBRARY_EXTENSION\=dylib
    export EAGER_COMPILATION_ALLOW_SCRIPTS\=NO
    export EAGER_LINKING\=NO
    export EFFECTIVE_PLATFORM_NAME\=-maccatalyst
    export EFFECTIVE_PLATFORM_NAME_MAC_CATALYST_USE_DISTINCT_BUILD_DIR\=YES
    export EFFECTIVE_PLATFORM_NAME_MAC_CATALYST_USE_DISTINCT_BUILD_DIR_YES\=-maccatalyst
    export EFFECTIVE_SWIFT_VERSION\=5
    export EMBEDDED_CONTENT_CONTAINS_SWIFT\=NO
    export EMBEDDED_PROFILE_NAME\=embedded.provisionprofile
    export EMBED_ASSET_PACKS_IN_PRODUCT_BUNDLE\=NO
    export ENABLE_APP_SANDBOX\=NO
    export ENABLE_CODE_COVERAGE\=YES
    export ENABLE_COHORT_ARCHS\=YES
    export ENABLE_CPLUSPLUS_BOUNDS_SAFE_BUFFERS\=NO
    export ENABLE_C_BOUNDS_SAFETY\=NO
    export ENABLE_DEBUG_DYLIB\=NO
    export ENABLE_DEFAULT_HEADER_SEARCH_PATHS\=YES
    export ENABLE_DEFAULT_SEARCH_PATHS\=YES
    export ENABLE_ENHANCED_SECURITY\=NO
    export ENABLE_HARDENED_RUNTIME\=YES
    export ENABLE_HARDWARE_CHECKED_POINTER_ARITHMETIC_SLICE\=NO
    export ENABLE_HEADER_DEPENDENCIES\=YES
    export ENABLE_INCOMING_NETWORK_CONNECTIONS\=NO
    export ENABLE_NS_ASSERTIONS\=NO
    export ENABLE_ON_DEMAND_RESOURCES\=NO
    export ENABLE_OUTGOING_NETWORK_CONNECTIONS\=NO
    export ENABLE_POINTER_AUTHENTICATION\=NO
    export ENABLE_PREVIEWS\=NO
    export ENABLE_RESOURCE_ACCESS_AUDIO_INPUT\=NO
    export ENABLE_RESOURCE_ACCESS_BLUETOOTH\=NO
    export ENABLE_RESOURCE_ACCESS_CALENDARS\=NO
    export ENABLE_RESOURCE_ACCESS_CAMERA\=NO
    export ENABLE_RESOURCE_ACCESS_CONTACTS\=NO
    export ENABLE_RESOURCE_ACCESS_LOCATION\=NO
    export ENABLE_RESOURCE_ACCESS_PHOTO_LIBRARY\=NO
    export ENABLE_RESOURCE_ACCESS_PRINTING\=NO
    export ENABLE_RESOURCE_ACCESS_USB\=NO
    export ENABLE_SDK_IMPORTS\=NO
    export ENABLE_SECURITY_COMPILER_WARNINGS\=NO
    export ENABLE_STRICT_OBJC_MSGSEND\=YES
    export ENABLE_TESTABILITY\=NO
    export ENABLE_TESTING_SEARCH_PATHS\=NO
    export ENABLE_USER_SCRIPT_SANDBOXING\=NO
    export ENABLE_XOJIT_PREVIEWS\=NO
    export ENFORCE_VALID_ARCHS\=YES
    export ENTITLEMENTS_ALLOWED\=YES
    export ENTITLEMENTS_DESTINATION\=Signature
    export ENTITLEMENTS_REQUIRED\=NO
    export EXCLUDED_ARCHS\=x86_64
    export EXCLUDED_INSTALLSRC_SUBDIRECTORY_PATTERNS\=.DS_Store\ .svn\ .git\ .hg\ CVS
    export EXCLUDED_RECURSIVE_SEARCH_PATH_SUBDIRECTORIES\=\*.nib\ \*.lproj\ \*.framework\ \*.gch\ \*.xcode\*\ \*.xcassets\ \*.icon\ \(\*\)\ .DS_Store\ CVS\ .svn\ .git\ .hg\ \*.pbproj\ \*.pbxproj
    export EXECUTABLES_FOLDER_PATH\=Notesnook.app/Contents/Executables
    export EXECUTABLE_FOLDER_PATH\=Notesnook.app/Contents/MacOS
    export EXECUTABLE_FOLDER_PATH_SHALLOW_BUNDLE_NO\=Notesnook.app/Contents/MacOS
    export EXECUTABLE_FOLDER_PATH_SHALLOW_BUNDLE_YES\=Notesnook.app/Contents
    export EXECUTABLE_NAME\=Notesnook
    export EXECUTABLE_PATH\=Notesnook.app/Contents/MacOS/Notesnook
    export EXPANDED_CODE_SIGN_IDENTITY\=58A4018F522DC35ABA84C6632EBE4EF282045584
    export EXPANDED_CODE_SIGN_IDENTITY_NAME\=Apple\ Development:\ MN\ GTNNAT\ \(HNH83964F5\)
    export EXPANDED_PROVISIONING_PROFILE\=becefa1b-3a28-4b14-a6e5-68fd591fa52b
    export EXTENSIONS_FOLDER_PATH\=Notesnook.app/Contents/Extensions
    export FILE_LIST\=/Users/ozel0t/Notesnook/notesnook/apps/mobile/ios/build/Catalyst/Build/Intermediates.noindex/Notesnook.build/Release-maccatalyst/Notesnook.build/Objects/LinkFileList
    export FIXED_FILES_DIR\=/Users/ozel0t/Notesnook/notesnook/apps/mobile/ios/build/Catalyst/Build/Intermediates.noindex/Notesnook.build/Release-maccatalyst/Notesnook.build/FixedFiles
    export FRAMEWORKS_FOLDER_PATH\=Notesnook.app/Contents/Frameworks
    export FRAMEWORK_FLAG_PREFIX\=-framework
    export FRAMEWORK_SEARCH_PATHS\=/Users/ozel0t/Notesnook/notesnook/apps/mobile/ios/build/Catalyst/Build/Products/Release-maccatalyst\ \ \"/Users/ozel0t/Notesnook/notesnook/apps/mobile/ios/Pods/../../node_modules/@ammarahmed/react-native-background-fetch/ios/RNBackgroundFetch\"\ \"/Users/ozel0t/Notesnook/notesnook/apps/mobile/ios/Pods/../../node_modules/@ammarahmed/react-native-sodium/libsodium\"\ \"/Users/ozel0t/Notesnook/notesnook/apps/mobile/ios/Pods/../../node_modules/react-native-fast-openpgp/ios\"\ \"/Users/ozel0t/Notesnook/notesnook/apps/mobile/ios/Pods/hermes-engine/destroot/Library/Frameworks/universal\"\ \"/Users/ozel0t/Notesnook/notesnook/apps/mobile/ios/build/Catalyst/Build/Products/Release-maccatalyst/XCFrameworkIntermediates/RNBackgroundFetch\"\ \"/Users/ozel0t/Notesnook/notesnook/apps/mobile/ios/build/Catalyst/Build/Products/Release-maccatalyst/XCFrameworkIntermediates/hermes-engine/Pre-built\"\ \"/Users/ozel0t/Notesnook/notesnook/apps/mobile/ios/build/Catalyst/Build/Products/Release-maccatalyst/XCFrameworkIntermediates/react-native-fast-openpgp\"
    export FRAMEWORK_VERSION\=A
    export FULL_PRODUCT_NAME\=Notesnook.app
    export FUSE_BUILD_PHASES\=YES
    export FUSE_BUILD_SCRIPT_PHASES\=NO
    export GCC3_VERSION\=3.3
    export GCC_C_LANGUAGE_STANDARD\=c11
    export GCC_DYNAMIC_NO_PIC\=NO
    export GCC_GENERATE_DEBUGGING_SYMBOLS\=YES
    export GCC_INLINES_ARE_PRIVATE_EXTERN\=YES
    export GCC_NO_COMMON_BLOCKS\=YES
    export GCC_PFE_FILE_C_DIALECTS\=c\ objective-c\ c++\ objective-c++
    export GCC_PREPROCESSOR_DEFINITIONS\=\ COCOAPODS\=1
    export GCC_SYMBOLS_PRIVATE_EXTERN\=YES
    export GCC_TREAT_WARNINGS_AS_ERRORS\=NO
    export GCC_VERSION\=com.apple.compilers.llvm.clang.1_0
    export GCC_VERSION_IDENTIFIER\=com_apple_compilers_llvm_clang_1_0
    export GCC_WARN_64_TO_32_BIT_CONVERSION\=YES
    export GCC_WARN_ABOUT_RETURN_TYPE\=YES_ERROR
    export GCC_WARN_UNDECLARED_SELECTOR\=YES
    export GCC_WARN_UNINITIALIZED_AUTOS\=YES_AGGRESSIVE
    export GCC_WARN_UNUSED_FUNCTION\=YES
    export GCC_WARN_UNUSED_VARIABLE\=YES
    export GENERATED_MODULEMAP_DIR\=/Users/ozel0t/Notesnook/notesnook/apps/mobile/ios/build/Catalyst/Build/Intermediates.noindex/GeneratedModuleMaps-maccatalyst
    export GENERATE_INFOPLIST_FILE\=NO
    export GENERATE_INTERMEDIATE_TEXT_BASED_STUBS\=YES
    export GENERATE_PKGINFO_FILE\=YES
    export GENERATE_PRELINK_OBJECT_FILE\=NO
    export GENERATE_PROFILING_CODE\=NO
    export GENERATE_TEXT_BASED_STUBS\=NO
    export GID\=20
    export GROUP\=staff
    export HEADERMAP_INCLUDES_FLAT_ENTRIES_FOR_TARGET_BEING_BUILT\=YES
    export HEADERMAP_INCLUDES_FRAMEWORK_ENTRIES_FOR_ALL_PRODUCT_TYPES\=YES
    export HEADERMAP_INCLUDES_FRAMEWORK_ENTRIES_FOR_TARGETS_NOT_BEING_BUILT\=YES
    export HEADERMAP_INCLUDES_NONPUBLIC_NONPRIVATE_HEADERS\=YES
    export HEADERMAP_INCLUDES_PROJECT_HEADERS\=YES
    export HEADERMAP_USES_FRAMEWORK_PREFIX_ENTRIES\=YES
    export HEADERMAP_USES_VFS\=NO
    export HEADER_SEARCH_PATHS\=/Users/ozel0t/Notesnook/notesnook/apps/mobile/ios/build/Catalyst/Build/Products/Release-maccatalyst/include\ \ \"/Users/ozel0t/Notesnook/notesnook/apps/mobile/ios/Pods/Headers/Public\"\ \"/Users/ozel0t/Notesnook/notesnook/apps/mobile/ios/Pods/Headers/Public/BEMCheckBox\"\ \"/Users/ozel0t/Notesnook/notesnook/apps/mobile/ios/Pods/Headers/Public/Base64\"\ \"/Users/ozel0t/Notesnook/notesnook/apps/mobile/ios/Pods/Headers/Public/DoubleConversion\"\ \"/Users/ozel0t/Notesnook/notesnook/apps/mobile/ios/Pods/Headers/Public/FBLazyVector\"\ \"/Users/ozel0t/Notesnook/notesnook/apps/mobile/ios/Pods/Headers/Public/GZIP\"\ \"/Users/ozel0t/Notesnook/notesnook/apps/mobile/ios/Pods/Headers/Public/MMKV\"\ \"/Users/ozel0t/Notesnook/notesnook/apps/mobile/ios/Pods/Headers/Public/MMKVCore\"\ \"/Users/ozel0t/Notesnook/notesnook/apps/mobile/ios/Pods/Headers/Public/NitroCloudUploader\"\ \"/Users/ozel0t/Notesnook/notesnook/apps/mobile/ios/Pods/Headers/Public/NitroModules\"\ \"/Users/ozel0t/Notesnook/notesnook/apps/mobile/ios/Pods/Headers/Public/RCT-Folly\"\ \"/Users/ozel0t/Notesnook/notesnook/apps/mobile/ios/Pods/Headers/Public/RCTDeprecation\"\ \"/Users/ozel0t/Notesnook/notesnook/apps/mobile/ios/Pods/Headers/Public/RCTRequired\"\ \"/Users/ozel0t/Notesnook/notesnook/apps/mobile/ios/Pods/Headers/Public/RCTTypeSafety\"\ \"/Users/ozel0t/Notesnook/notesnook/apps/mobile/ios/Pods/Headers/Public/RNBackgroundFetch\"\ \"/Users/ozel0t/Notesnook/notesnook/apps/mobile/ios/Pods/Headers/Public/RNBootSplash\"\ \"/Users/ozel0t/Notesnook/notesnook/apps/mobile/ios/Pods/Headers/Public/RNCCheckbox\"\ \"/Users/ozel0t/Notesnook/notesnook/apps/mobile/ios/Pods/Headers/Public/RNCClipboard\"\ \"/Users/ozel0t/Notesnook/notesnook/apps/mobile/ios/Pods/Headers/Public/RNCMaskedView\"\ \"/Users/ozel0t/Notesnook/notesnook/apps/mobile/ios/Pods/Headers/Public/RNDateTimePicker\"\ \"/Users/ozel0t/Notesnook/notesnook/apps/mobile/ios/Pods/Headers/Public/RNDeviceInfo\"\ \"/Users/ozel0t/Notesnook/notesnook/apps/mobile/ios/Pods/Headers/Public/RNFileViewer\"\ \"/Users/ozel0t/Notesnook/notesnook/apps/mobile/ios/Pods/Headers/Public/RNGestureHandler\"\ \"/Users/ozel0t/Notesnook/notesnook/apps/mobile/ios/Pods/Headers/Public/RNIap\"\ \"/Users/ozel0t/Notesnook/notesnook/apps/mobile/ios/Pods/Headers/Public/RNImageCropPicker\"\ \"/Users/ozel0t/Notesnook/notesnook/apps/mobile/ios/Pods/Headers/Public/RNKeychain\"\ \"/Users/ozel0t/Notesnook/notesnook/apps/mobile/ios/Pods/Headers/Public/RNNotifee\"\ \"/Users/ozel0t/Notesnook/notesnook/apps/mobile/ios/Pods/Headers/Public/RNReanimated\"\ \"/Users/ozel0t/Notesnook/notesnook/apps/mobile/ios/Pods/Headers/Public/RNSVG\"\ \"/Users/ozel0t/Notesnook/notesnook/apps/mobile/ios/Pods/Headers/Public/RNScreens\"\ \"/Users/ozel0t/Notesnook/notesnook/apps/mobile/ios/Pods/Headers/Public/RNSecureRandom\"\ \"/Users/ozel0t/Notesnook/notesnook/apps/mobile/ios/Pods/Headers/Public/RNShare\"\ \"/Users/ozel0t/Notesnook/notesnook/apps/mobile/ios/Pods/Headers/Public/RNTooltips\"\ \"/Users/ozel0t/Notesnook/notesnook/apps/mobile/ios/Pods/Headers/Public/RNWorklets\"\ \"/Users/ozel0t/Notesnook/notesnook/apps/mobile/ios/Pods/Headers/Public/RNZipArchive\"\ \"/Users/ozel0t/Notesnook/notesnook/apps/mobile/ios/Pods/Headers/Public/React-Core\"\ \"/Users/ozel0t/Notesnook/notesnook/apps/mobile/ios/Pods/Headers/Public/React-Fabric\"\ \"/Users/ozel0t/Notesnook/notesnook/apps/mobile/ios/Pods/Headers/Public/React-FabricComponents\"\ \"/Users/ozel0t/Notesnook/notesnook/apps/mobile/ios/Pods/Headers/Public/React-FabricImage\"\ \"/Users/ozel0t/Notesnook/notesnook/apps/mobile/ios/Pods/Headers/Public/React-ImageManager\"\ \"/Users/ozel0t/Notesnook/notesnook/apps/mobile/ios/Pods/Headers/Public/React-Mapbuffer\"\ \"/Users/ozel0t/Notesnook/notesnook/apps/mobile/ios/Pods/Headers/Public/React-NativeModulesApple\"\ \"/Users/ozel0t/Notesnook/notesnook/apps/mobile/ios/Pods/Headers/Public/React-RCTAnimation\"\ \"/Users/ozel0t/Notesnook/notesnook/apps/mobile/ios/Pods/Headers/Public/React-RCTAppDelegate\"\ \"/Users/ozel0t/Notesnook/notesnook/apps/mobile/ios/Pods/Headers/Public/React-RCTBlob\"\ \"/Users/ozel0t/Notesnook/notesnook/apps/mobile/ios/Pods/Headers/Public/React-RCTFBReactNativeSpec\"\ \"/Users/ozel0t/Notesnook/notesnook/apps/mobile/ios/Pods/Headers/Public/React-RCTFabric\"\ \"/Users/ozel0t/Notesnook/notesnook/apps/mobile/ios/Pods/Headers/Public/React-RCTRuntime\"\ \"/Users/ozel0t/Notesnook/notesnook/apps/mobile/ios/Pods/Headers/Public/React-RCTText\"\ \"/Users/ozel0t/Notesnook/notesnook/apps/mobile/ios/Pods/Headers/Public/React-RuntimeApple\"\ \"/Users/ozel0t/Notesnook/notesnook/apps/mobile/ios/Pods/Headers/Public/React-RuntimeCore\"\ \"/Users/ozel0t/Notesnook/notesnook/apps/mobile/ios/Pods/Headers/Public/React-RuntimeHermes\"\ \"/Users/ozel0t/Notesnook/notesnook/apps/mobile/ios/Pods/Headers/Public/React-callinvoker\"\ \"/Users/ozel0t/Notesnook/notesnook/apps/mobile/ios/Pods/Headers/Public/React-cxxreact\"\ \"/Users/ozel0t/Notesnook/notesnook/apps/mobile/ios/Pods/Headers/Public/React-debug\"\ \"/Users/ozel0t/Notesnook/notesnook/apps/mobile/ios/Pods/Headers/Public/React-defaultsnativemodule\"\ \"/Users/ozel0t/Notesnook/notesnook/apps/mobile/ios/Pods/Headers/Public/React-domnativemodule\"\ \"/Users/ozel0t/Notesnook/notesnook/apps/mobile/ios/Pods/Headers/Public/React-featureflags\"\ \"/Users/ozel0t/Notesnook/notesnook/apps/mobile/ios/Pods/Headers/Public/React-featureflagsnativemodule\"\ \"/Users/ozel0t/Notesnook/notesnook/apps/mobile/ios/Pods/Headers/Public/React-graphics\"\ \"/Users/ozel0t/Notesnook/notesnook/apps/mobile/ios/Pods/Headers/Public/React-hermes\"\ \"/Users/ozel0t/Notesnook/notesnook/apps/mobile/ios/Pods/Headers/Public/React-idlecallbacksnativemodule\"\ \"/Users/ozel0t/Notesnook/notesnook/apps/mobile/ios/Pods/Headers/Public/React-jserrorhandler\"\ \"/Users/ozel0t/Notesnook/notesnook/apps/mobile/ios/Pods/Headers/Public/React-jsi\"\ \"/Users/ozel0t/Notesnook/notesnook/apps/mobile/ios/Pods/Headers/Public/React-jsiexecutor\"\ \"/Users/ozel0t/Notesnook/notesnook/apps/mobile/ios/Pods/Headers/Public/React-jsinspector\"\ \"/Users/ozel0t/Notesnook/notesnook/apps/mobile/ios/Pods/Headers/Public/React-jsinspectorcdp\"\ \"/Users/ozel0t/Notesnook/notesnook/apps/mobile/ios/Pods/Headers/Public/React-jsinspectornetwork\"\ \"/Users/ozel0t/Notesnook/notesnook/apps/mobile/ios/Pods/Headers/Public/React-jsinspectortracing\"\ \"/Users/ozel0t/Notesnook/notesnook/apps/mobile/ios/Pods/Headers/Public/React-jsitooling\"\ \"/Users/ozel0t/Notesnook/notesnook/apps/mobile/ios/Pods/Headers/Public/React-logger\"\ \"/Users/ozel0t/Notesnook/notesnook/apps/mobile/ios/Pods/Headers/Public/React-microtasksnativemodule\"\ \"/Users/ozel0t/Notesnook/notesnook/apps/mobile/ios/Pods/Headers/Public/React-oscompat\"\ \"/Users/ozel0t/Notesnook/notesnook/apps/mobile/ios/Pods/Headers/Public/React-perflogger\"\ \"/Users/ozel0t/Notesnook/notesnook/apps/mobile/ios/Pods/Headers/Public/React-performancecdpmetrics\"\ \"/Users/ozel0t/Notesnook/notesnook/apps/mobile/ios/Pods/Headers/Public/React-performancetimeline\"\ \"/Users/ozel0t/Notesnook/notesnook/apps/mobile/ios/Pods/Headers/Public/React-rendererconsistency\"\ \"/Users/ozel0t/Notesnook/notesnook/apps/mobile/ios/Pods/Headers/Public/React-renderercss\"\ \"/Users/ozel0t/Notesnook/notesnook/apps/mobile/ios/Pods/Headers/Public/React-rendererdebug\"\ \"/Users/ozel0t/Notesnook/notesnook/apps/mobile/ios/Pods/Headers/Public/React-runtimeexecutor\"\ \"/Users/ozel0t/Notesnook/notesnook/apps/mobile/ios/Pods/Headers/Public/React-runtimescheduler\"\ \"/Users/ozel0t/Notesnook/notesnook/apps/mobile/ios/Pods/Headers/Public/React-timing\"\ \"/Users/ozel0t/Notesnook/notesnook/apps/mobile/ios/Pods/Headers/Public/React-utils\"\ \"/Users/ozel0t/Notesnook/notesnook/apps/mobile/ios/Pods/Headers/Public/React-webperformancenativemodule\"\ \"/Users/ozel0t/Notesnook/notesnook/apps/mobile/ios/Pods/Headers/Public/ReactAppDependencyProvider\"\ \"/Users/ozel0t/Notesnook/notesnook/apps/mobile/ios/Pods/Headers/Public/ReactCodegen\"\ \"/Users/ozel0t/Notesnook/notesnook/apps/mobile/ios/Pods/Headers/Public/ReactCommon\"\ \"/Users/ozel0t/Notesnook/notesnook/apps/mobile/ios/Pods/Headers/Public/SDWebImage\"\ \"/Users/ozel0t/Notesnook/notesnook/apps/mobile/ios/Pods/Headers/Public/SSZipArchive\"\ \"/Users/ozel0t/Notesnook/notesnook/apps/mobile/ios/Pods/Headers/Public/SexyTooltip\"\ \"/Users/ozel0t/Notesnook/notesnook/apps/mobile/ios/Pods/Headers/Public/SocketRocket\"\ \"/Users/ozel0t/Notesnook/notesnook/apps/mobile/ios/Pods/Headers/Public/SwiftyRSA\"\ \"/Users/ozel0t/Notesnook/notesnook/apps/mobile/ios/Pods/Headers/Public/TOCropViewController\"\ \"/Users/ozel0t/Notesnook/notesnook/apps/mobile/ios/Pods/Headers/Public/Yoga\"\ \"/Users/ozel0t/Notesnook/notesnook/apps/mobile/ios/Pods/Headers/Public/boost\"\ \"/Users/ozel0t/Notesnook/notesnook/apps/mobile/ios/Pods/Headers/Public/callstack-repack\"\ \"/Users/ozel0t/Notesnook/notesnook/apps/mobile/ios/Pods/Headers/Public/fast_float\"\ \"/Users/ozel0t/Notesnook/notesnook/apps/mobile/ios/Pods/Headers/Public/fmt\"\ \"/Users/ozel0t/Notesnook/notesnook/apps/mobile/ios/Pods/Headers/Public/glog\"\ \"/Users/ozel0t/Notesnook/notesnook/apps/mobile/ios/Pods/Headers/Public/hermes-engine\"\ \"/Users/ozel0t/Notesnook/notesnook/apps/mobile/ios/Pods/Headers/Public/pop\"\ \"/Users/ozel0t/Notesnook/notesnook/apps/mobile/ios/Pods/Headers/Public/react-native-actions-shortcuts\"\ \"/Users/ozel0t/Notesnook/notesnook/apps/mobile/ios/Pods/Headers/Public/react-native-background-actions\"\ \"/Users/ozel0t/Notesnook/notesnook/apps/mobile/ios/Pods/Headers/Public/react-native-begin-background-task\"\ \"/Users/ozel0t/Notesnook/notesnook/apps/mobile/ios/Pods/Headers/Public/react-native-blob-util\"\ \"/Users/ozel0t/Notesnook/notesnook/apps/mobile/ios/Pods/Headers/Public/react-native-cameraroll\"\ \"/Users/ozel0t/Notesnook/notesnook/apps/mobile/ios/Pods/Headers/Public/react-native-config\"\ \"/Users/ozel0t/Notesnook/notesnook/apps/mobile/ios/Pods/Headers/Public/react-native-date-picker\"\ \"/Users/ozel0t/Notesnook/notesnook/apps/mobile/ios/Pods/Headers/Public/react-native-document-picker\"\ \"/Users/ozel0t/Notesnook/notesnook/apps/mobile/ios/Pods/Headers/Public/react-native-fast-openpgp\"\ \"/Users/ozel0t/Notesnook/notesnook/apps/mobile/ios/Pods/Headers/Public/react-native-fingerprint-scanner\"\ \"/Users/ozel0t/Notesnook/notesnook/apps/mobile/ios/Pods/Headers/Public/react-native-get-random-values\"\ \"/Users/ozel0t/Notesnook/notesnook/apps/mobile/ios/Pods/Headers/Public/react-native-gzip\"\ \"/Users/ozel0t/Notesnook/notesnook/apps/mobile/ios/Pods/Headers/Public/react-native-html-to-pdf-lite\"\ \"/Users/ozel0t/Notesnook/notesnook/apps/mobile/ios/Pods/Headers/Public/react-native-image-resizer\"\ \"/Users/ozel0t/Notesnook/notesnook/apps/mobile/ios/Pods/Headers/Public/react-native-in-app-review\"\ \"/Users/ozel0t/Notesnook/notesnook/apps/mobile/ios/Pods/Headers/Public/react-native-keep-awake\"\ \"/Users/ozel0t/Notesnook/notesnook/apps/mobile/ios/Pods/Headers/Public/react-native-mmkv-storage\"\ \"/Users/ozel0t/Notesnook/notesnook/apps/mobile/ios/Pods/Headers/Public/react-native-netinfo\"\ \"/Users/ozel0t/Notesnook/notesnook/apps/mobile/ios/Pods/Headers/Public/react-native-notification-sounds\"\ \"/Users/ozel0t/Notesnook/notesnook/apps/mobile/ios/Pods/Headers/Public/react-native-orientation-locker\"\ \"/Users/ozel0t/Notesnook/notesnook/apps/mobile/ios/Pods/Headers/Public/react-native-pdf\"\ \"/Users/ozel0t/Notesnook/notesnook/apps/mobile/ios/Pods/Headers/Public/react-native-quick-sqlite\"\ \"/Users/ozel0t/Notesnook/notesnook/apps/mobile/ios/Pods/Headers/Public/react-native-safe-area-context\"\ \"/Users/ozel0t/Notesnook/notesnook/apps/mobile/ios/Pods/Headers/Public/react-native-screenguard\"\ \"/Users/ozel0t/Notesnook/notesnook/apps/mobile/ios/Pods/Headers/Public/react-native-share-extension\"\ \"/Users/ozel0t/Notesnook/notesnook/apps/mobile/ios/Pods/Headers/Public/react-native-sodium\"\ \"/Users/ozel0t/Notesnook/notesnook/apps/mobile/ios/Pods/Headers/Public/react-native-theme-switch-animation\"\ \"/Users/ozel0t/Notesnook/notesnook/apps/mobile/ios/Pods/Headers/Public/react-native-upload\"\ \"/Users/ozel0t/Notesnook/notesnook/apps/mobile/ios/Pods/Headers/Public/react-native-view-shot\"\ \"/Users/ozel0t/Notesnook/notesnook/apps/mobile/ios/Pods/Headers/Public/react-native-webview\"\ \"/Users/ozel0t/Notesnook/notesnook/apps/mobile/ios/Pods/Headers/Public/toolbar-android\"\ \"/Users/ozel0t/Notesnook/notesnook/apps/mobile/ios/build/Catalyst/Build/Products/Release-maccatalyst/XCFrameworkIntermediates/react-native-sodium/Headers\"\ \"/Users/ozel0t/Notesnook/notesnook/apps/mobile/ios/Pods/DoubleConversion\"\ \"/Users/ozel0t/Notesnook/notesnook/apps/mobile/ios/Pods/boost\"\ \"/Users/ozel0t/Notesnook/notesnook/apps/mobile/ios/Pods/boost\"\ \"/Users/ozel0t/Notesnook/notesnook/apps/mobile/ios/Pods/boost-for-react-native\"\ \"/Users/ozel0t/Notesnook/notesnook/apps/mobile/ios/Pods/glog\"\ \"/Users/ozel0t/Notesnook/notesnook/apps/mobile/ios/Pods/RCT-Folly\"\ \"/Users/ozel0t/Notesnook/notesnook/apps/mobile/ios/Pods/Headers/Public/React-hermes\"\ \"/Users/ozel0t/Notesnook/notesnook/apps/mobile/ios/Pods/Headers/Public/hermes-engine\"\ \"/Users/ozel0t/Notesnook/notesnook/apps/mobile/ios/Pods/Headers/Public/RNWorklets\"\ \"/Users/ozel0t/Notesnook/notesnook/apps/mobile/ios/Pods/../../node_modules/react-native/ReactCommon\"\ \"/Users/ozel0t/Notesnook/notesnook/apps/mobile/ios/Pods/../../node_modules/react-native-reanimated/apple\"\ \"/Users/ozel0t/Notesnook/notesnook/apps/mobile/ios/Pods/../../node_modules/react-native-reanimated/Common/cpp\"\ \"/Users/ozel0t/Notesnook/notesnook/apps/mobile/ios/Pods/../../node_modules/react-native-reanimated/Common/NativeView\"\ \"/Users/ozel0t/Notesnook/notesnook/apps/mobile/ios/Pods/../../node_modules/react-native-worklets/apple\"\ \"/Users/ozel0t/Notesnook/notesnook/apps/mobile/ios/Pods/../../node_modules/react-native-worklets/Common/cpp\"\ \"/Users/ozel0t/Notesnook/notesnook/apps/mobile/ios/Pods/boost\"\ \"/Users/ozel0t/Notesnook/notesnook/apps/mobile/ios/Pods/boost-for-react-native\"\ \"/Users/ozel0t/Notesnook/notesnook/apps/mobile/ios/Pods/glog\"\ \"/Users/ozel0t/Notesnook/notesnook/apps/mobile/ios/Pods/RCT-Folly\"\ \"/Users/ozel0t/Notesnook/notesnook/apps/mobile/ios/Pods/Headers/Public/React-hermes\"\ \"/Users/ozel0t/Notesnook/notesnook/apps/mobile/ios/Pods/Headers/Public/hermes-engine\"\ \"/Users/ozel0t/Notesnook/notesnook/apps/mobile/ios/Pods/../../node_modules/react-native/ReactCommon\"\ \"/Users/ozel0t/Notesnook/notesnook/apps/mobile/ios/Pods/../../node_modules/react-native-worklets/apple\"\ \"/Users/ozel0t/Notesnook/notesnook/apps/mobile/ios/Pods/../../node_modules/react-native-worklets/Common/cpp\"\ \"/Users/ozel0t/Notesnook/notesnook/apps/mobile/ios/Pods/Headers/Private/React-Core\"\ \"/Users/ozel0t/Notesnook/notesnook/apps/mobile/ios/Pods/Headers/Private/React-Core\"\ \"/Users/ozel0t/Notesnook/notesnook/apps/mobile/ios/Pods/Headers/Private/Yoga\"\ /Users/ozel0t/Notesnook/notesnook/apps/mobile/ios/Pods/Headers/Public/react-native-sodium/\*\*\ \"/Users/ozel0t/Notesnook/notesnook/apps/mobile/ios/Pods/Headers/Public\"\ \"/Users/ozel0t/Notesnook/notesnook/apps/mobile/ios/Pods/Headers/Public/Base64\"\ \"/Users/ozel0t/Notesnook/notesnook/apps/mobile/ios/Pods/Headers/Public/DoubleConversion\"\ \"/Users/ozel0t/Notesnook/notesnook/apps/mobile/ios/Pods/Headers/Public/FBLazyVector\"\ \"/Users/ozel0t/Notesnook/notesnook/apps/mobile/ios/Pods/Headers/Public/FBReactNativeSpec\"\ \"/Users/ozel0t/Notesnook/notesnook/apps/mobile/ios/Pods/Headers/Public/MMKV\"\ \"/Users/ozel0t/Notesnook/notesnook/apps/mobile/ios/Pods/Headers/Public/MMKVAppExtension\"\ \"/Users/ozel0t/Notesnook/notesnook/apps/mobile/ios/Pods/Headers/Public/MMKVCore\"\ \"/Users/ozel0t/Notesnook/notesnook/apps/mobile/ios/Pods/Headers/Public/Permission-PhotoLibrary\"\ \"/Users/ozel0t/Notesnook/notesnook/apps/mobile/ios/Pods/Headers/Public/RCTRequired\"\ \"/Users/ozel0t/Notesnook/notesnook/apps/mobile/ios/Pods/Headers/Public/RCTTypeSafety\"\ \"/Users/ozel0t/Notesnook/notesnook/apps/mobile/ios/Pods/Headers/Public/RNCCheckbox\"\ \"/Users/ozel0t/Notesnook/notesnook/apps/mobile/ios/Pods/Headers/Public/RNCMaskedView\"\ \"/Users/ozel0t/Notesnook/notesnook/apps/mobile/ios/Pods/Headers/Public/RNDeviceInfo\"\ \"/Users/ozel0t/Notesnook/notesnook/apps/mobile/ios/Pods/Headers/Public/RNFileViewer\"\ \"/Users/ozel0t/Notesnook/notesnook/apps/mobile/ios/Pods/Headers/Public/RNGestureHandler\"\ \"/Users/ozel0t/Notesnook/notesnook/apps/mobile/ios/Pods/Headers/Public/RNIap\"\ \"/Users/ozel0t/Notesnook/notesnook/apps/mobile/ios/Pods/Headers/Public/RNKeychain\"\ \"/Users/ozel0t/Notesnook/notesnook/apps/mobile/ios/Pods/Headers/Public/RNPermissions\"\ \"/Users/ozel0t/Notesnook/notesnook/apps/mobile/ios/Pods/Headers/Public/RNPrivacySnapshot\"\ \"/Users/ozel0t/Notesnook/notesnook/apps/mobile/ios/Pods/Headers/Public/RNReanimated\"\ \"/Users/ozel0t/Notesnook/notesnook/apps/mobile/ios/Pods/Headers/Public/RNSVG\"\ \"/Users/ozel0t/Notesnook/notesnook/apps/mobile/ios/Pods/Headers/Public/RNScreens\"\ \"/Users/ozel0t/Notesnook/notesnook/apps/mobile/ios/Pods/Headers/Public/RNSecureRandom\"\ \"/Users/ozel0t/Notesnook/notesnook/apps/mobile/ios/Pods/Headers/Public/RNSentry\"\ \"/Users/ozel0t/Notesnook/notesnook/apps/mobile/ios/Pods/Headers/Public/RNShare\"\ \"/Users/ozel0t/Notesnook/notesnook/apps/mobile/ios/Pods/Headers/Public/RNStoreReview\"\ \"/Users/ozel0t/Notesnook/notesnook/apps/mobile/ios/Pods/Headers/Public/RNTooltips\"\ \"/Users/ozel0t/Notesnook/notesnook/apps/mobile/ios/Pods/Headers/Public/RNVectorIcons\"\ \"/Users/ozel0t/Notesnook/notesnook/apps/mobile/ios/Pods/Headers/Public/React-Core\"\ \"/Users/ozel0t/Notesnook/notesnook/apps/mobile/ios/Pods/Headers/Public/React-RCTText\"\ \"/Users/ozel0t/Notesnook/notesnook/apps/mobile/ios/Pods/Headers/Public/React-callinvoker\"\ \"/Users/ozel0t/Notesnook/notesnook/apps/mobile/ios/Pods/Headers/Public/React-cxxreact\"\ \"/Users/ozel0t/Notesnook/notesnook/apps/mobile/ios/Pods/Headers/Public/React-jsi\"\ \"/Users/ozel0t/Notesnook/notesnook/apps/mobile/ios/Pods/Headers/Public/React-jsiexecutor\"\ \"/Users/ozel0t/Notesnook/notesnook/apps/mobile/ios/Pods/Headers/Public/React-jsinspector\"\ \"/Users/ozel0t/Notesnook/notesnook/apps/mobile/ios/Pods/Headers/Public/ReactCommon\"\ \"/Users/ozel0t/Notesnook/notesnook/apps/mobile/ios/Pods/Headers/Public/Sentry\"\ \"/Users/ozel0t/Notesnook/notesnook/apps/mobile/ios/Pods/Headers/Public/SexyTooltip\"\ \"/Users/ozel0t/Notesnook/notesnook/apps/mobile/ios/Pods/Headers/Public/Yoga\"\ \"/Users/ozel0t/Notesnook/notesnook/apps/mobile/ios/Pods/Headers/Public/glog\"\ \"/Users/ozel0t/Notesnook/notesnook/apps/mobile/ios/Pods/Headers/Public/pop\"\ \"/Users/ozel0t/Notesnook/notesnook/apps/mobile/ios/Pods/Headers/Public/react-native-document-picker\"\ \"/Users/ozel0t/Notesnook/notesnook/apps/mobile/ios/Pods/Headers/Public/react-native-get-random-values\"\ \"/Users/ozel0t/Notesnook/notesnook/apps/mobile/ios/Pods/Headers/Public/react-native-html-to-pdf\"\ \"/Users/ozel0t/Notesnook/notesnook/apps/mobile/ios/Pods/Headers/Public/react-native-keep-awake\"\ \"/Users/ozel0t/Notesnook/notesnook/apps/mobile/ios/Pods/Headers/Public/react-native-mmkv-storage\"\ \"/Users/ozel0t/Notesnook/notesnook/apps/mobile/ios/Pods/Headers/Public/react-native-mmkv-storage-ext\"\ \"/Users/ozel0t/Notesnook/notesnook/apps/mobile/ios/Pods/Headers/Public/react-native-netinfo\"\ \"/Users/ozel0t/Notesnook/notesnook/apps/mobile/ios/Pods/Headers/Public/react-native-orientation\"\ \"/Users/ozel0t/Notesnook/notesnook/apps/mobile/ios/Pods/Headers/Public/react-native-receive-sharing-intent\"\ \"/Users/ozel0t/Notesnook/notesnook/apps/mobile/ios/Pods/Headers/Public/react-native-safe-area-context\"\ \"/Users/ozel0t/Notesnook/notesnook/apps/mobile/ios/Pods/Headers/Public/react-native-sodium\"\ \"/Users/ozel0t/Notesnook/notesnook/apps/mobile/ios/Pods/Headers/Public/react-native-splash-screen\"\ \"/Users/ozel0t/Notesnook/notesnook/apps/mobile/ios/Pods/Headers/Public/react-native-viewpager\"\ \"/Users/ozel0t/Notesnook/notesnook/apps/mobile/ios/Pods/Headers/Public/react-native-webview\"\ \"/Users/ozel0t/Notesnook/notesnook/apps/mobile/ios/Pods/Headers/Public/rn-fetch-blob\"\ \"/Users/ozel0t/Notesnook/notesnook/apps/mobile/ios/Pods/Headers/Public/toolbar-android\"\ \"/Users/ozel0t/Notesnook/notesnook/apps/mobile/ios/Pods/Headers/Private/React-Core\"\ /Users/ozel0t/Notesnook/notesnook/apps/mobile/ios/Pods/Headers/Public/\#\{s.name\}/\*\*
    export HOME\=/Users/ozel0t
    export HOST_ARCH\=arm64
    export HOST_PLATFORM\=macosx
    export ICONV\=/usr/bin/iconv
    export IMPLICIT_DEPENDENCY_DOMAIN\=default
    export INDEX_ENABLE_OPTIMIZATION_LEVEL_OVERRIDE\=YES
    export INDEX_STORE_COMPRESS\=NO
    export INDEX_STORE_ONLY_PROJECT_FILES\=NO
    export INFOPLIST_ENABLE_CFBUNDLEICONS_MERGE\=YES
    export INFOPLIST_EXPAND_BUILD_SETTINGS\=YES
    export INFOPLIST_FILE\=Notesnook/Info.plist
    export INFOPLIST_OUTPUT_FORMAT\=same-as-input
    export INFOPLIST_PATH\=Notesnook.app/Contents/Info.plist
    export INFOPLIST_PREPROCESS\=NO
    export INFOSTRINGS_PATH\=Notesnook.app/Contents/Resources/en.lproj/InfoPlist.strings
    export INLINE_PRIVATE_FRAMEWORKS\=NO
    export INSTALLAPI_IGNORE_SKIP_INSTALL\=YES
    export INSTALLHDRS_COPY_PHASE\=NO
    export INSTALLHDRS_SCRIPT_PHASE\=NO
    export INSTALL_DIR\=/tmp/Notesnook.dst/Applications
    export INSTALL_GROUP\=staff
    export INSTALL_MODE_FLAG\=u+w,go-w,a+rX
    export INSTALL_OWNER\=ozel0t
    export INSTALL_PATH\=/Applications
    export INSTALL_ROOT\=/tmp/Notesnook.dst
    export IOS_CURRENT_PROJECT_VERSION\=22
    export IOS_MAIN_BUNDLE_ID\=com.ozel0t.note.notesnookpencil.mac
    export IOS_MARKETING_VERSION\=3.4.16
    export IOS_SHARE_BUNDLE_ID\=com.ozel0t.note.notesnookpencil.mac.share
    export IOS_UNZIPPERED_TWIN_PREFIX_PATH\=/System/iOSSupport
    export IOS_WIDGET_BUNDLE_ID\=com.ozel0t.note.notesnookpencil.mac.widget
    export IS_MACCATALYST\=YES
    export IS_UNOPTIMIZED_BUILD\=NO
    export JAVAC_DEFAULT_FLAGS\=-J-Xms64m\ -J-XX:NewSize\=4M\ -J-Dfile.encoding\=UTF8
    export JAVA_APP_STUB\=/System/Library/Frameworks/JavaVM.framework/Resources/MacOS/JavaApplicationStub
    export JAVA_ARCHIVE_CLASSES\=YES
    export JAVA_ARCHIVE_TYPE\=JAR
    export JAVA_COMPILER\=/usr/bin/javac
    export JAVA_FOLDER_PATH\=Notesnook.app/Contents/Resources/Java
    export JAVA_FRAMEWORK_RESOURCES_DIRS\=Resources
    export JAVA_JAR_FLAGS\=cv
    export JAVA_SOURCE_SUBDIR\=.
    export JAVA_USE_DEPENDENCIES\=YES
    export JAVA_ZIP_FLAGS\=-urg
    export JIKES_DEFAULT_FLAGS\=+E\ +OLDCSO
    export KASAN_CFLAGS_CLASSIC\=-DKASAN\=1\ -DKASAN_CLASSIC\=1\ -fsanitize\=address\ -mllvm\ -asan-globals-live-support\ -mllvm\ -asan-force-dynamic-shadow
    export KASAN_CFLAGS_TBI\=-DKASAN\=1\ -DKASAN_TBI\=1\ -fsanitize\=kernel-hwaddress\ -mllvm\ -hwasan-recover\=0\ -mllvm\ -hwasan-instrument-atomics\=0\ -mllvm\ -hwasan-instrument-stack\=1\ -mllvm\ -hwasan-generate-tags-with-calls\=1\ -mllvm\ -hwasan-instrument-with-calls\=1\ -mllvm\ -hwasan-use-short-granules\=0\ -mllvm\ -hwasan-memory-access-callback-prefix\=__asan_
    export KASAN_DEFAULT_CFLAGS\=-DKASAN\=1\ -DKASAN_CLASSIC\=1\ -fsanitize\=address\ -mllvm\ -asan-globals-live-support\ -mllvm\ -asan-force-dynamic-shadow
    export KEEP_PRIVATE_EXTERNS\=NO
    export LD_DEPENDENCY_INFO_FILE\=/Users/ozel0t/Notesnook/notesnook/apps/mobile/ios/build/Catalyst/Build/Intermediates.noindex/Notesnook.build/Release-maccatalyst/Notesnook.build/Objects-normal/undefined_arch/Notesnook_dependency_info.dat
    export LD_EXPORT_SYMBOLS\=YES
    export LD_GENERATE_MAP_FILE\=NO
    export LD_MAP_FILE_PATH\=/Users/ozel0t/Notesnook/notesnook/apps/mobile/ios/build/Catalyst/Build/Intermediates.noindex/Notesnook.build/Release-maccatalyst/Notesnook.build/Notesnook-LinkMap-normal-undefined_arch.txt
    export LD_NO_PIE\=NO
    export LD_QUOTE_LINKER_ARGUMENTS_FOR_COMPILER_DRIVER\=YES
    export LD_RUNPATH_SEARCH_PATHS\=/usr/lib/swift\ @loader_path/../Frameworks\ /usr/lib/swift\ \'@executable_path/Frameworks\'\ \'@loader_path/Frameworks\'\ @executable_path/Frameworks
    export LD_RUNPATH_SEARCH_PATHS_YES\=@loader_path/../Frameworks
    export LD_SHARED_CACHE_ELIGIBLE\=Automatic
    export LD_WARN_DUPLICATE_LIBRARIES\=NO
    export LD_WARN_UNUSED_DYLIBS\=NO
    export LEGACY_DEVELOPER_DIR\=/Applications/Xcode.app/Contents/PlugIns/Xcode3Core.ideplugin/Contents/SharedSupport/Developer
    export LEX\=lex
    export LIBRARY_DEXT_INSTALL_PATH\=/Library/DriverExtensions
    export LIBRARY_FLAG_NOSPACE\=YES
    export LIBRARY_FLAG_PREFIX\=-l
    export LIBRARY_KEXT_INSTALL_PATH\=/Library/Extensions
    export LIBRARY_SEARCH_PATHS\=/Users/ozel0t/Notesnook/notesnook/apps/mobile/ios/build/Catalyst/Build/Products/Release-maccatalyst\ /Applications/Xcode.app/Contents/Developer/Platforms/MacOSX.platform/Developer/SDKs/MacOSX27.0.sdk/usr/lib/swift\ /Applications/Xcode.app/Contents/Developer/Platforms/MacOSX.platform/Developer/SDKs/MacOSX27.0.sdk/System/iOSSupport/usr/lib/swift\ /Applications/Xcode.app/Contents/Developer/Platforms/MacOSX.platform/Developer/SDKs/MacOSX27.0.sdk/usr/lib/swift\ /Applications/Xcode.app/Contents/Developer/Toolchains/XcodeDefault.xctoolchain/usr/lib/swift/macosx\ /Applications/Xcode.app/Contents/Developer/Toolchains/XcodeDefault.xctoolchain/usr/lib/swift-5.2/macosx\ \ /Applications/Xcode.app/Contents/Developer/Platforms/MacOSX.platform/Developer/SDKs/MacOSX27.0.sdk/System/iOSSupport/usr/lib\ /Applications/Xcode.app/Contents/Developer/Toolchains/XcodeDefault.xctoolchain/usr/lib/swift/maccatalyst\ /Users/ozel0t/Notesnook/notesnook/apps/mobile/ios/build/Catalyst/Build/Products/Release-maccatalyst/BEMCheckBox\ /Users/ozel0t/Notesnook/notesnook/apps/mobile/ios/build/Catalyst/Build/Products/Release-maccatalyst/Base64\ /Users/ozel0t/Notesnook/notesnook/apps/mobile/ios/build/Catalyst/Build/Products/Release-maccatalyst/DoubleConversion\ /Users/ozel0t/Notesnook/notesnook/apps/mobile/ios/build/Catalyst/Build/Products/Release-maccatalyst/GZIP\ /Users/ozel0t/Notesnook/notesnook/apps/mobile/ios/build/Catalyst/Build/Products/Release-maccatalyst/JWTDecode\ /Users/ozel0t/Notesnook/notesnook/apps/mobile/ios/build/Catalyst/Build/Products/Release-maccatalyst/MMKV\ /Users/ozel0t/Notesnook/notesnook/apps/mobile/ios/build/Catalyst/Build/Products/Release-maccatalyst/MMKVCore\ /Users/ozel0t/Notesnook/notesnook/apps/mobile/ios/build/Catalyst/Build/Products/Release-maccatalyst/NitroCloudUploader\ /Users/ozel0t/Notesnook/notesnook/apps/mobile/ios/build/Catalyst/Build/Products/Release-maccatalyst/NitroModules\ /Users/ozel0t/Notesnook/notesnook/apps/mobile/ios/build/Catalyst/Build/Products/Release-maccatalyst/RCT-Folly\ /Users/ozel0t/Notesnook/notesnook/apps/mobile/ios/build/Catalyst/Build/Products/Release-maccatalyst/RCTDeprecation\ /Users/ozel0t/Notesnook/notesnook/apps/mobile/ios/build/Catalyst/Build/Products/Release-maccatalyst/RCTTypeSafety\ /Users/ozel0t/Notesnook/notesnook/apps/mobile/ios/build/Catalyst/Build/Products/Release-maccatalyst/RNBackgroundFetch\ /Users/ozel0t/Notesnook/notesnook/apps/mobile/ios/build/Catalyst/Build/Products/Release-maccatalyst/RNBootSplash\ /Users/ozel0t/Notesnook/notesnook/apps/mobile/ios/build/Catalyst/Build/Products/Release-maccatalyst/RNCCheckbox\ /Users/ozel0t/Notesnook/notesnook/apps/mobile/ios/build/Catalyst/Build/Products/Release-maccatalyst/RNCClipboard\ /Users/ozel0t/Notesnook/notesnook/apps/mobile/ios/build/Catalyst/Build/Products/Release-maccatalyst/RNCMaskedView\ /Users/ozel0t/Notesnook/notesnook/apps/mobile/ios/build/Catalyst/Build/Products/Release-maccatalyst/RNDateTimePicker\ /Users/ozel0t/Notesnook/notesnook/apps/mobile/ios/build/Catalyst/Build/Products/Release-maccatalyst/RNDeviceInfo\ /Users/ozel0t/Notesnook/notesnook/apps/mobile/ios/build/Catalyst/Build/Products/Release-maccatalyst/RNExitApp\ /Users/ozel0t/Notesnook/notesnook/apps/mobile/ios/build/Catalyst/Build/Products/Release-maccatalyst/RNFileViewer\ /Users/ozel0t/Notesnook/notesnook/apps/mobile/ios/build/Catalyst/Build/Products/Release-maccatalyst/RNGestureHandler\ /Users/ozel0t/Notesnook/notesnook/apps/mobile/ios/build/Catalyst/Build/Products/Release-maccatalyst/RNIap\ /Users/ozel0t/Notesnook/notesnook/apps/mobile/ios/build/Catalyst/Build/Products/Release-maccatalyst/RNImageCropPicker\ /Users/ozel0t/Notesnook/notesnook/apps/mobile/ios/build/Catalyst/Build/Products/Release-maccatalyst/RNKeychain\ /Users/ozel0t/Notesnook/notesnook/apps/mobile/ios/build/Catalyst/Build/Products/Release-maccatalyst/RNNotifee\ /Users/ozel0t/Notesnook/notesnook/apps/mobile/ios/build/Catalyst/Build/Products/Release-maccatalyst/RNReanimated\ /Users/ozel0t/Notesnook/notesnook/apps/mobile/ios/build/Catalyst/Build/Products/Release-maccatalyst/RNSVG\ /Users/ozel0t/Notesnook/notesnook/apps/mobile/ios/build/Catalyst/Build/Products/Release-maccatalyst/RNScreens\ /Users/ozel0t/Notesnook/notesnook/apps/mobile/ios/build/Catalyst/Build/Products/Release-maccatalyst/RNSecureRandom\ /Users/ozel0t/Notesnook/notesnook/apps/mobile/ios/build/Catalyst/Build/Products/Release-maccatalyst/RNShare\ /Users/ozel0t/Notesnook/notesnook/apps/mobile/ios/build/Catalyst/Build/Products/Release-maccatalyst/RNTooltips\ /Users/ozel0t/Notesnook/notesnook/apps/mobile/ios/build/Catalyst/Build/Products/Release-maccatalyst/RNWorklets\ /Users/ozel0t/Notesnook/notesnook/apps/mobile/ios/build/Catalyst/Build/Products/Release-maccatalyst/RNZipArchive\ /Users/ozel0t/Notesnook/notesnook/apps/mobile/ios/build/Catalyst/Build/Products/Release-maccatalyst/React-Codegen\ /Users/ozel0t/Notesnook/notesnook/apps/mobile/ios/build/Catalyst/Build/Products/Release-maccatalyst/React-Core\ /Users/ozel0t/Notesnook/notesnook/apps/mobile/ios/build/Catalyst/Build/Products/Release-maccatalyst/React-CoreModules\ /Users/ozel0t/Notesnook/notesnook/apps/mobile/ios/build/Catalyst/Build/Products/Release-maccatalyst/React-Fabric\ /Users/ozel0t/Notesnook/notesnook/apps/mobile/ios/build/Catalyst/Build/Products/Release-maccatalyst/React-FabricComponents\ /Users/ozel0t/Notesnook/notesnook/apps/mobile/ios/build/Catalyst/Build/Products/Release-maccatalyst/React-FabricImage\ /Users/ozel0t/Notesnook/notesnook/apps/mobile/ios/build/Catalyst/Build/Products/Release-maccatalyst/React-ImageManager\ /Users/ozel0t/Notesnook/notesnook/apps/mobile/ios/build/Catalyst/Build/Products/Release-maccatalyst/React-Mapbuffer\ /Users/ozel0t/Notesnook/notesnook/apps/mobile/ios/build/Catalyst/Build/Products/Release-maccatalyst/React-NativeModulesApple\ /Users/ozel0t/Notesnook/notesnook/apps/mobile/ios/build/Catalyst/Build/Products/Release-maccatalyst/React-RCTAnimation\ /Users/ozel0t/Notesnook/notesnook/apps/mobile/ios/build/Catalyst/Build/Products/Release-maccatalyst/React-RCTAppDelegate\ /Users/ozel0t/Notesnook/notesnook/apps/mobile/ios/build/Catalyst/Build/Products/Release-maccatalyst/React-RCTBlob\ /Users/ozel0t/Notesnook/notesnook/apps/mobile/ios/build/Catalyst/Build/Products/Release-maccatalyst/React-RCTFBReactNativeSpec\ /Users/ozel0t/Notesnook/notesnook/apps/mobile/ios/build/Catalyst/Build/Products/Release-maccatalyst/React-RCTFabric\ /Users/ozel0t/Notesnook/notesnook/apps/mobile/ios/build/Catalyst/Build/Products/Release-maccatalyst/React-RCTImage\ /Users/ozel0t/Notesnook/notesnook/apps/mobile/ios/build/Catalyst/Build/Products/Release-maccatalyst/React-RCTLinking\ /Users/ozel0t/Notesnook/notesnook/apps/mobile/ios/build/Catalyst/Build/Products/Release-maccatalyst/React-RCTNetwork\ /Users/ozel0t/Notesnook/notesnook/apps/mobile/ios/build/Catalyst/Build/Products/Release-maccatalyst/React-RCTRuntime\ /Users/ozel0t/Notesnook/notesnook/apps/mobile/ios/build/Catalyst/Build/Products/Release-maccatalyst/React-RCTSettings\ /Users/ozel0t/Notesnook/notesnook/apps/mobile/ios/build/Catalyst/Build/Products/Release-maccatalyst/React-RCTText\ /Users/ozel0t/Notesnook/notesnook/apps/mobile/ios/build/Catalyst/Build/Products/Release-maccatalyst/React-RCTVibration\ /Users/ozel0t/Notesnook/notesnook/apps/mobile/ios/build/Catalyst/Build/Products/Release-maccatalyst/React-RuntimeApple\ /Users/ozel0t/Notesnook/notesnook/apps/mobile/ios/build/Catalyst/Build/Products/Release-maccatalyst/React-RuntimeCore\ /Users/ozel0t/Notesnook/notesnook/apps/mobile/ios/build/Catalyst/Build/Products/Release-maccatalyst/React-RuntimeHermes\ /Users/ozel0t/Notesnook/notesnook/apps/mobile/ios/build/Catalyst/Build/Products/Release-maccatalyst/React-cxxreact\ /Users/ozel0t/Notesnook/notesnook/apps/mobile/ios/build/Catalyst/Build/Products/Release-maccatalyst/React-debug\ /Users/ozel0t/Notesnook/notesnook/apps/mobile/ios/build/Catalyst/Build/Products/Release-maccatalyst/React-defaultsnativemodule\ /Users/ozel0t/Notesnook/notesnook/apps/mobile/ios/build/Catalyst/Build/Products/Release-maccatalyst/React-domnativemodule\ /Users/ozel0t/Notesnook/notesnook/apps/mobile/ios/build/Catalyst/Build/Products/Release-maccatalyst/React-featureflags\ /Users/ozel0t/Notesnook/notesnook/apps/mobile/ios/build/Catalyst/Build/Products/Release-maccatalyst/React-featureflagsnativemodule\ /Users/ozel0t/Notesnook/notesnook/apps/mobile/ios/build/Catalyst/Build/Products/Release-maccatalyst/React-graphics\ /Users/ozel0t/Notesnook/notesnook/apps/mobile/ios/build/Catalyst/Build/Products/Release-maccatalyst/React-hermes\ /Users/ozel0t/Notesnook/notesnook/apps/mobile/ios/build/Catalyst/Build/Products/Release-maccatalyst/React-idlecallbacksnativemodule\ /Users/ozel0t/Notesnook/notesnook/apps/mobile/ios/build/Catalyst/Build/Products/Release-maccatalyst/React-jserrorhandler\ /Users/ozel0t/Notesnook/notesnook/apps/mobile/ios/build/Catalyst/Build/Products/Release-maccatalyst/React-jsi\ /Users/ozel0t/Notesnook/notesnook/apps/mobile/ios/build/Catalyst/Build/Products/Release-maccatalyst/React-jsiexecutor\ /Users/ozel0t/Notesnook/notesnook/apps/mobile/ios/build/Catalyst/Build/Products/Release-maccatalyst/React-jsinspector\ /Users/ozel0t/Notesnook/notesnook/apps/mobile/ios/build/Catalyst/Build/Products/Release-maccatalyst/React-jsinspectorcdp\ /Users/ozel0t/Notesnook/notesnook/apps/mobile/ios/build/Catalyst/Build/Products/Release-maccatalyst/React-jsinspectornetwork\ /Users/ozel0t/Notesnook/notesnook/apps/mobile/ios/build/Catalyst/Build/Products/Release-maccatalyst/React-jsinspectortracing\ /Users/ozel0t/Notesnook/notesnook/apps/mobile/ios/build/Catalyst/Build/Products/Release-maccatalyst/React-jsitooling\ /Users/ozel0t/Notesnook/notesnook/apps/mobile/ios/build/Catalyst/Build/Products/Release-maccatalyst/React-logger\ /Users/ozel0t/Notesnook/notesnook/apps/mobile/ios/build/Catalyst/Build/Products/Release-maccatalyst/React-microtasksnativemodule\ /Users/ozel0t/Notesnook/notesnook/apps/mobile/ios/build/Catalyst/Build/Products/Release-maccatalyst/React-oscompat\ /Users/ozel0t/Notesnook/notesnook/apps/mobile/ios/build/Catalyst/Build/Products/Release-maccatalyst/React-perflogger\ /Users/ozel0t/Notesnook/notesnook/apps/mobile/ios/build/Catalyst/Build/Products/Release-maccatalyst/React-performancecdpmetrics\ /Users/ozel0t/Notesnook/notesnook/apps/mobile/ios/build/Catalyst/Build/Products/Release-maccatalyst/React-performancetimeline\ /Users/ozel0t/Notesnook/notesnook/apps/mobile/ios/build/Catalyst/Build/Products/Release-maccatalyst/React-rendererconsistency\ /Users/ozel0t/Notesnook/notesnook/apps/mobile/ios/build/Catalyst/Build/Products/Release-maccatalyst/React-renderercss\ /Users/ozel0t/Notesnook/notesnook/apps/mobile/ios/build/Catalyst/Build/Products/Release-maccatalyst/React-rendererdebug\ /Users/ozel0t/Notesnook/notesnook/apps/mobile/ios/build/Catalyst/Build/Products/Release-maccatalyst/React-runtimeexecutor\ /Users/ozel0t/Notesnook/notesnook/apps/mobile/ios/build/Catalyst/Build/Products/Release-maccatalyst/React-runtimescheduler\ /Users/ozel0t/Notesnook/notesnook/apps/mobile/ios/build/Catalyst/Build/Products/Release-maccatalyst/React-utils\ /Users/ozel0t/Notesnook/notesnook/apps/mobile/ios/build/Catalyst/Build/Products/Release-maccatalyst/React-webperformancenativemodule\ /Users/ozel0t/Notesnook/notesnook/apps/mobile/ios/build/Catalyst/Build/Products/Release-maccatalyst/ReactAppDependencyProvider\ /Users/ozel0t/Notesnook/notesnook/apps/mobile/ios/build/Catalyst/Build/Products/Release-maccatalyst/ReactCodegen\ /Users/ozel0t/Notesnook/notesnook/apps/mobile/ios/build/Catalyst/Build/Products/Release-maccatalyst/ReactCommon\ /Users/ozel0t/Notesnook/notesnook/apps/mobile/ios/build/Catalyst/Build/Products/Release-maccatalyst/SDWebImage\ /Users/ozel0t/Notesnook/notesnook/apps/mobile/ios/build/Catalyst/Build/Products/Release-maccatalyst/SSZipArchive\ /Users/ozel0t/Notesnook/notesnook/apps/mobile/ios/build/Catalyst/Build/Products/Release-maccatalyst/SexyTooltip\ /Users/ozel0t/Notesnook/notesnook/apps/mobile/ios/build/Catalyst/Build/Products/Release-maccatalyst/SocketRocket\ /Users/ozel0t/Notesnook/notesnook/apps/mobile/ios/build/Catalyst/Build/Products/Release-maccatalyst/SwiftyRSA\ /Users/ozel0t/Notesnook/notesnook/apps/mobile/ios/build/Catalyst/Build/Products/Release-maccatalyst/TOCropViewController\ /Users/ozel0t/Notesnook/notesnook/apps/mobile/ios/build/Catalyst/Build/Products/Release-maccatalyst/Yoga\ /Users/ozel0t/Notesnook/notesnook/apps/mobile/ios/build/Catalyst/Build/Products/Release-maccatalyst/callstack-repack\ /Users/ozel0t/Notesnook/notesnook/apps/mobile/ios/build/Catalyst/Build/Products/Release-maccatalyst/fmt\ /Users/ozel0t/Notesnook/notesnook/apps/mobile/ios/build/Catalyst/Build/Products/Release-maccatalyst/glog\ /Users/ozel0t/Notesnook/notesnook/apps/mobile/ios/build/Catalyst/Build/Products/Release-maccatalyst/pop\ /Users/ozel0t/Notesnook/notesnook/apps/mobile/ios/build/Catalyst/Build/Products/Release-maccatalyst/react-native-actions-shortcuts\ /Users/ozel0t/Notesnook/notesnook/apps/mobile/ios/build/Catalyst/Build/Products/Release-maccatalyst/react-native-background-actions\ /Users/ozel0t/Notesnook/notesnook/apps/mobile/ios/build/Catalyst/Build/Products/Release-maccatalyst/react-native-begin-background-task\ /Users/ozel0t/Notesnook/notesnook/apps/mobile/ios/build/Catalyst/Build/Products/Release-maccatalyst/react-native-blob-util\ /Users/ozel0t/Notesnook/notesnook/apps/mobile/ios/build/Catalyst/Build/Products/Release-maccatalyst/react-native-cameraroll\ /Users/ozel0t/Notesnook/notesnook/apps/mobile/ios/build/Catalyst/Build/Products/Release-maccatalyst/react-native-config\ /Users/ozel0t/Notesnook/notesnook/apps/mobile/ios/build/Catalyst/Build/Products/Release-maccatalyst/react-native-date-picker\ /Users/ozel0t/Notesnook/notesnook/apps/mobile/ios/build/Catalyst/Build/Products/Release-maccatalyst/react-native-document-picker\ /Users/ozel0t/Notesnook/notesnook/apps/mobile/ios/build/Catalyst/Build/Products/Release-maccatalyst/react-native-fast-openpgp\ /Users/ozel0t/Notesnook/notesnook/apps/mobile/ios/build/Catalyst/Build/Products/Release-maccatalyst/react-native-fingerprint-scanner\ /Users/ozel0t/Notesnook/notesnook/apps/mobile/ios/build/Catalyst/Build/Products/Release-maccatalyst/react-native-get-random-values\ /Users/ozel0t/Notesnook/notesnook/apps/mobile/ios/build/Catalyst/Build/Products/Release-maccatalyst/react-native-gzip\ /Users/ozel0t/Notesnook/notesnook/apps/mobile/ios/build/Catalyst/Build/Products/Release-maccatalyst/react-native-html-to-pdf-lite\ /Users/ozel0t/Notesnook/notesnook/apps/mobile/ios/build/Catalyst/Build/Products/Release-maccatalyst/react-native-image-resizer\ /Users/ozel0t/Notesnook/notesnook/apps/mobile/ios/build/Catalyst/Build/Products/Release-maccatalyst/react-native-in-app-review\ /Users/ozel0t/Notesnook/notesnook/apps/mobile/ios/build/Catalyst/Build/Products/Release-maccatalyst/react-native-keep-awake\ /Users/ozel0t/Notesnook/notesnook/apps/mobile/ios/build/Catalyst/Build/Products/Release-maccatalyst/react-native-mmkv-storage\ /Users/ozel0t/Notesnook/notesnook/apps/mobile/ios/build/Catalyst/Build/Products/Release-maccatalyst/react-native-netinfo\ /Users/ozel0t/Notesnook/notesnook/apps/mobile/ios/build/Catalyst/Build/Products/Release-maccatalyst/react-native-notification-sounds\ /Users/ozel0t/Notesnook/notesnook/apps/mobile/ios/build/Catalyst/Build/Products/Release-maccatalyst/react-native-orientation-locker\ /Users/ozel0t/Notesnook/notesnook/apps/mobile/ios/build/Catalyst/Build/Products/Release-maccatalyst/react-native-pdf\ /Users/ozel0t/Notesnook/notesnook/apps/mobile/ios/build/Catalyst/Build/Products/Release-maccatalyst/react-native-quick-sqlite\ /Users/ozel0t/Notesnook/notesnook/apps/mobile/ios/build/Catalyst/Build/Products/Release-maccatalyst/react-native-safe-area-context\ /Users/ozel0t/Notesnook/notesnook/apps/mobile/ios/build/Catalyst/Build/Products/Release-maccatalyst/react-native-screenguard\ /Users/ozel0t/Notesnook/notesnook/apps/mobile/ios/build/Catalyst/Build/Products/Release-maccatalyst/react-native-share-extension\ /Users/ozel0t/Notesnook/notesnook/apps/mobile/ios/build/Catalyst/Build/Products/Release-maccatalyst/react-native-sodium\ /Users/ozel0t/Notesnook/notesnook/apps/mobile/ios/build/Catalyst/Build/Products/Release-maccatalyst/react-native-theme-switch-animation\ /Users/ozel0t/Notesnook/notesnook/apps/mobile/ios/build/Catalyst/Build/Products/Release-maccatalyst/react-native-upload\ /Users/ozel0t/Notesnook/notesnook/apps/mobile/ios/build/Catalyst/Build/Products/Release-maccatalyst/react-native-view-shot\ /Users/ozel0t/Notesnook/notesnook/apps/mobile/ios/build/Catalyst/Build/Products/Release-maccatalyst/react-native-webview\ /Users/ozel0t/Notesnook/notesnook/apps/mobile/ios/build/Catalyst/Build/Products/Release-maccatalyst/toolbar-android\ /Users/ozel0t/Notesnook/notesnook/apps/mobile/ios/build/Catalyst/Build/Products/Release-maccatalyst/XCFrameworkIntermediates/react-native-sodium\ /Applications/Xcode.app/Contents/Developer/Toolchains/XcodeDefault.xctoolchain/usr/lib/swift/macosx\ /Applications/Xcode.app/Contents/Developer/Platforms/MacOSX.platform/Developer/SDKs/MacOSX27.0.sdk/usr/lib/swift\ \ /Applications/Xcode.app/Contents/Developer/Platforms/MacOSX.platform/Developer/SDKs/MacOSX27.0.sdk/System/iOSSupport/usr/lib\ /Applications/Xcode.app/Contents/Developer/Toolchains/XcodeDefault.xctoolchain/usr/lib/swift/maccatalyst
    export LINKER_DISPLAYS_MANGLED_NAMES\=NO
    export LINK_FILE_LIST_normal_arm64\=/Users/ozel0t/Notesnook/notesnook/apps/mobile/ios/build/Catalyst/Build/Intermediates.noindex/Notesnook.build/Release-maccatalyst/Notesnook.build/Objects-normal/arm64/Notesnook.LinkFileList
    export LINK_OBJC_RUNTIME\=YES
    export LINK_WITH_STANDARD_LIBRARIES\=YES
    export LLVM_TARGET_TRIPLE_OS_VERSION\=ios15.6
    export LLVM_TARGET_TRIPLE_OS_VERSION_NO\=ios15.6
    export LLVM_TARGET_TRIPLE_OS_VERSION_YES\=ios27.0
    export LLVM_TARGET_TRIPLE_SUFFIX\=-macabi
    export LLVM_TARGET_TRIPLE_VENDOR\=apple
    export LM_AUX_CONST_METADATA_LIST_PATH_normal_arm64\=/Users/ozel0t/Notesnook/notesnook/apps/mobile/ios/build/Catalyst/Build/Intermediates.noindex/Notesnook.build/Release-maccatalyst/Notesnook.build/Objects-normal/arm64/Notesnook.SwiftConstValuesFileList
    export LOCALIZATION_EXPORT_SUPPORTED\=YES
    export LOCALIZATION_PREFERS_STRING_CATALOGS\=NO
    export LOCALIZED_RESOURCES_FOLDER_PATH\=Notesnook.app/Contents/Resources/en.lproj
    export LOCALIZED_STRING_CODE_COMMENTS\=NO
    export LOCALIZED_STRING_MACRO_NAMES\=NSLocalizedString\ CFCopyLocalizedString
    export LOCALIZED_STRING_SWIFTUI_SUPPORT\=YES
    export LOCAL_ADMIN_APPS_DIR\=/Applications/Utilities
    export LOCAL_APPS_DIR\=/Applications
    export LOCAL_DEVELOPER_DIR\=/Library/Developer
    export LOCAL_LIBRARY_DIR\=/Library
    export LOCROOT\=/Users/ozel0t/Notesnook/notesnook/apps/mobile/ios
    export LOCSYMROOT\=/Users/ozel0t/Notesnook/notesnook/apps/mobile/ios
    export MACH_O_TYPE\=mh_execute
    export MACOSX_DEPLOYMENT_TARGET\=12.5
    export MAC_OS_X_PRODUCT_BUILD_VERSION\=26B5091g
    export MAC_OS_X_VERSION_ACTUAL\=270200
    export MAC_OS_X_VERSION_MAJOR\=270000
    export MAC_OS_X_VERSION_MINOR\=270200
    export MAKE_MERGEABLE\=NO
    export MARKETING_VERSION\=3.4.16
    export MERGEABLE_LIBRARY\=NO
    export MERGED_BINARY_TYPE\=none
    export MERGE_LINKED_LIBRARIES\=NO
    export METAL_LIBRARY_FILE_BASE\=default
    export METAL_LIBRARY_OUTPUT_DIR\=/Users/ozel0t/Notesnook/notesnook/apps/mobile/ios/build/Catalyst/Build/Products/Release-maccatalyst/Notesnook.app/Contents/Resources
    export MODULES_FOLDER_PATH\=Notesnook.app/Contents/Modules
    export MODULE_CACHE_DIR\=/Users/ozel0t/Notesnook/notesnook/apps/mobile/ios/build/Catalyst/ModuleCache.noindex
    export MTL_ENABLE_DEBUG_INFO\=NO
    export NATIVE_ARCH\=arm64
    export NATIVE_ARCH_32_BIT\=arm
    export NATIVE_ARCH_64_BIT\=arm64
    export NATIVE_ARCH_ACTUAL\=arm64
    export NO_COMMON\=YES
    export OBJECT_FILE_DIR\=/Users/ozel0t/Notesnook/notesnook/apps/mobile/ios/build/Catalyst/Build/Intermediates.noindex/Notesnook.build/Release-maccatalyst/Notesnook.build/Objects
    export OBJECT_FILE_DIR_normal\=/Users/ozel0t/Notesnook/notesnook/apps/mobile/ios/build/Catalyst/Build/Intermediates.noindex/Notesnook.build/Release-maccatalyst/Notesnook.build/Objects-normal
    export OBJROOT\=/Users/ozel0t/Notesnook/notesnook/apps/mobile/ios/build/Catalyst/Build/Intermediates.noindex
    export ONLY_ACTIVE_ARCH\=NO
    export ONLY_ARCH\=arm64
    export OS\=MACOS
    export OSAC\=/usr/bin/osacompile
    export OTHER_CFLAGS\=\ -fmodule-map-file\=\"/Users/ozel0t/Notesnook/notesnook/apps/mobile/ios/build/Catalyst/Build/Products/Release-maccatalyst/JWTDecode/JWTDecode.modulemap\"\ -fmodule-map-file\=\"/Users/ozel0t/Notesnook/notesnook/apps/mobile/ios/build/Catalyst/Build/Products/Release-maccatalyst/NitroCloudUploader/NitroCloudUploader.modulemap\"\ -fmodule-map-file\=\"/Users/ozel0t/Notesnook/notesnook/apps/mobile/ios/build/Catalyst/Build/Products/Release-maccatalyst/NitroModules/NitroModules.modulemap\"\ -fmodule-map-file\=\"/Users/ozel0t/Notesnook/notesnook/apps/mobile/ios/build/Catalyst/Build/Products/Release-maccatalyst/RNIap/RNIap.modulemap\"\ -fmodule-map-file\=\"/Users/ozel0t/Notesnook/notesnook/apps/mobile/ios/build/Catalyst/Build/Products/Release-maccatalyst/React-Codegen/React_Codegen.modulemap\"\ -fmodule-map-file\=\"/Users/ozel0t/Notesnook/notesnook/apps/mobile/ios/build/Catalyst/Build/Products/Release-maccatalyst/SwiftyRSA/SwiftyRSA.modulemap\"\ -fmodule-map-file\=\"/Users/ozel0t/Notesnook/notesnook/apps/mobile/ios/build/Catalyst/Build/Products/Release-maccatalyst/callstack-repack/callstack_repack.modulemap\"\ -fmodule-map-file\=\"/Users/ozel0t/Notesnook/notesnook/apps/mobile/ios/build/Catalyst/Build/Products/Release-maccatalyst/react-native-actions-shortcuts/react_native_actions_shortcuts.modulemap\"\ -fmodule-map-file\=\"/Users/ozel0t/Notesnook/notesnook/apps/mobile/ios/build/Catalyst/Build/Products/Release-maccatalyst/react-native-document-picker/react_native_document_picker.modulemap\"\ -fmodule-map-file\=\"/Users/ozel0t/Notesnook/notesnook/apps/mobile/ios/build/Catalyst/Build/Products/Release-maccatalyst/react-native-in-app-review/react_native_in_app_review.modulemap\"\ -fmodule-map-file\=\"/Users/ozel0t/Notesnook/notesnook/apps/mobile/ios/Pods/Headers/Public/DoubleConversion/DoubleConversion.modulemap\"\ -fmodule-map-file\=\"/Users/ozel0t/Notesnook/notesnook/apps/mobile/ios/Pods/Headers/Public/RCTDeprecation/RCTDeprecation.modulemap\"\ -fmodule-map-file\=\"/Users/ozel0t/Notesnook/notesnook/apps/mobile/ios/Pods/Headers/Public/RCTFabric/React-RCTFabric.modulemap\"\ -fmodule-map-file\=\"/Users/ozel0t/Notesnook/notesnook/apps/mobile/ios/Pods/Headers/Public/RCTImage/React-RCTImage.modulemap\"\ -fmodule-map-file\=\"/Users/ozel0t/Notesnook/notesnook/apps/mobile/ios/Pods/Headers/Public/RCTRuntime/React-RCTRuntime.modulemap\"\ -fmodule-map-file\=\"/Users/ozel0t/Notesnook/notesnook/apps/mobile/ios/Pods/Headers/Public/RCTTypeSafety/RCTTypeSafety.modulemap\"\ -fmodule-map-file\=\"/Users/ozel0t/Notesnook/notesnook/apps/mobile/ios/Pods/Headers/Public/RNBootSplash/RNBootSplash.modulemap\"\ -fmodule-map-file\=\"/Users/ozel0t/Notesnook/notesnook/apps/mobile/ios/Pods/Headers/Public/RNReanimated/RNReanimated.modulemap\"\ -fmodule-map-file\=\"/Users/ozel0t/Notesnook/notesnook/apps/mobile/ios/Pods/Headers/Public/RNWorklets/RNWorklets.modulemap\"\ -fmodule-map-file\=\"/Users/ozel0t/Notesnook/notesnook/apps/mobile/ios/Pods/Headers/Public/React/React-Core.modulemap\"\ -fmodule-map-file\=\"/Users/ozel0t/Notesnook/notesnook/apps/mobile/ios/Pods/Headers/Public/ReactAppDependencyProvider/ReactAppDependencyProvider.modulemap\"\ -fmodule-map-file\=\"/Users/ozel0t/Notesnook/notesnook/apps/mobile/ios/Pods/Headers/Public/ReactCodegen/ReactCodegen.modulemap\"\ -fmodule-map-file\=\"/Users/ozel0t/Notesnook/notesnook/apps/mobile/ios/Pods/Headers/Public/ReactCommon/ReactCommon.modulemap\"\ -fmodule-map-file\=\"/Users/ozel0t/Notesnook/notesnook/apps/mobile/ios/Pods/Headers/Public/React_Fabric/React-Fabric.modulemap\"\ -fmodule-map-file\=\"/Users/ozel0t/Notesnook/notesnook/apps/mobile/ios/Pods/Headers/Public/React_FabricComponents/React-FabricComponents.modulemap\"\ -fmodule-map-file\=\"/Users/ozel0t/Notesnook/notesnook/apps/mobile/ios/Pods/Headers/Public/React_NativeModulesApple/React-NativeModulesApple.modulemap\"\ -fmodule-map-file\=\"/Users/ozel0t/Notesnook/notesnook/apps/mobile/ios/Pods/Headers/Public/React_RCTAppDelegate/React-RCTAppDelegate.modulemap\"\ -fmodule-map-file\=\"/Users/ozel0t/Notesnook/notesnook/apps/mobile/ios/Pods/Headers/Public/React_runtimeexecutor/React-runtimeexecutor.modulemap\"\ -fmodule-map-file\=\"/Users/ozel0t/Notesnook/notesnook/apps/mobile/ios/Pods/Headers/Public/SSZipArchive/SSZipArchive.modulemap\"\ -fmodule-map-file\=\"/Users/ozel0t/Notesnook/notesnook/apps/mobile/ios/Pods/Headers/Public/SocketRocket/SocketRocket.modulemap\"\ -fmodule-map-file\=\"/Users/ozel0t/Notesnook/notesnook/apps/mobile/ios/Pods/Headers/Public/fmt/fmt.modulemap\"\ -fmodule-map-file\=\"/Users/ozel0t/Notesnook/notesnook/apps/mobile/ios/Pods/Headers/Public/folly/RCT-Folly.modulemap\"\ -fmodule-map-file\=\"/Users/ozel0t/Notesnook/notesnook/apps/mobile/ios/Pods/Headers/Public/glog/glog.modulemap\"\ -fmodule-map-file\=\"/Users/ozel0t/Notesnook/notesnook/apps/mobile/ios/Pods/Headers/Public/jsi/React-jsi.modulemap\"\ -fmodule-map-file\=\"/Users/ozel0t/Notesnook/notesnook/apps/mobile/ios/Pods/Headers/Public/jsinspector_modern/React-jsinspector.modulemap\"\ -fmodule-map-file\=\"/Users/ozel0t/Notesnook/notesnook/apps/mobile/ios/Pods/Headers/Public/jsinspector_modern_cdp/React-jsinspectorcdp.modulemap\"\ -fmodule-map-file\=\"/Users/ozel0t/Notesnook/notesnook/apps/mobile/ios/Pods/Headers/Public/jsinspector_modern_network/React-jsinspectornetwork.modulemap\"\ -fmodule-map-file\=\"/Users/ozel0t/Notesnook/notesnook/apps/mobile/ios/Pods/Headers/Public/jsinspector_modern_tracing/React-jsinspectortracing.modulemap\"\ -fmodule-map-file\=\"/Users/ozel0t/Notesnook/notesnook/apps/mobile/ios/Pods/Headers/Public/react_debug/React-debug.modulemap\"\ -fmodule-map-file\=\"/Users/ozel0t/Notesnook/notesnook/apps/mobile/ios/Pods/Headers/Public/react_featureflags/React-featureflags.modulemap\"\ -fmodule-map-file\=\"/Users/ozel0t/Notesnook/notesnook/apps/mobile/ios/Pods/Headers/Public/react_native_fast_openpgp/react-native-fast-openpgp.modulemap\"\ -fmodule-map-file\=\"/Users/ozel0t/Notesnook/notesnook/apps/mobile/ios/Pods/Headers/Public/react_nativemodule_defaults/React-defaultsnativemodule.modulemap\"\ -fmodule-map-file\=\"/Users/ozel0t/Notesnook/notesnook/apps/mobile/ios/Pods/Headers/Public/react_nativemodule_dom/React-domnativemodule.modulemap\"\ -fmodule-map-file\=\"/Users/ozel0t/Notesnook/notesnook/apps/mobile/ios/Pods/Headers/Public/react_nativemodule_featureflags/React-featureflagsnativemodule.modulemap\"\ -fmodule-map-file\=\"/Users/ozel0t/Notesnook/notesnook/apps/mobile/ios/Pods/Headers/Public/react_nativemodule_idlecallbacks/React-idlecallbacksnativemodule.modulemap\"\ -fmodule-map-file\=\"/Users/ozel0t/Notesnook/notesnook/apps/mobile/ios/Pods/Headers/Public/react_nativemodule_microtasks/React-microtasksnativemodule.modulemap\"\ -fmodule-map-file\=\"/Users/ozel0t/Notesnook/notesnook/apps/mobile/ios/Pods/Headers/Public/react_nativemodule_webperformance/React-webperformancenativemodule.modulemap\"\ -fmodule-map-file\=\"/Users/ozel0t/Notesnook/notesnook/apps/mobile/ios/Pods/Headers/Public/react_renderer_css/React-renderercss.modulemap\"\ -fmodule-map-file\=\"/Users/ozel0t/Notesnook/notesnook/apps/mobile/ios/Pods/Headers/Public/react_renderer_debug/React-rendererdebug.modulemap\"\ -fmodule-map-file\=\"/Users/ozel0t/Notesnook/notesnook/apps/mobile/ios/Pods/Headers/Public/react_renderer_graphics/React-graphics.modulemap\"\ -fmodule-map-file\=\"/Users/ozel0t/Notesnook/notesnook/apps/mobile/ios/Pods/Headers/Public/react_renderer_imagemanager/React-ImageManager.modulemap\"\ -fmodule-map-file\=\"/Users/ozel0t/Notesnook/notesnook/apps/mobile/ios/Pods/Headers/Public/react_runtime/React-jsitooling.modulemap\"\ -fmodule-map-file\=\"/Users/ozel0t/Notesnook/notesnook/apps/mobile/ios/Pods/Headers/Public/react_utils/React-utils.modulemap\"\ -fmodule-map-file\=\"/Users/ozel0t/Notesnook/notesnook/apps/mobile/ios/Pods/Headers/Public/reacthermes/React-hermes.modulemap\"\ -fmodule-map-file\=\"/Users/ozel0t/Notesnook/notesnook/apps/mobile/ios/Pods/Headers/Public/yoga/Yoga.modulemap\"\ \ \ -DREACT_NATIVE_MINOR_VERSION\=82\ \ \ -DREACT_NATIVE_MINOR_VERSION\=82\ -DREANIMATED_VERSION\=4.2.0\ \ -DREANIMATED_FEATURE_FLAGS\=\"\[RUNTIME_TEST_FLAG:false\]\[DISABLE_COMMIT_PAUSING_MECHANISM:false\]\[ANDROID_SYNCHRONOUSLY_UPDATE_UI_PROPS:false\]\[IOS_SYNCHRONOUSLY_UPDATE_UI_PROPS:false\]\[EXPERIMENTAL_CSS_ANIMATIONS_FOR_SVG_COMPONENTS:false\]\[USE_SYNCHRONIZABLE_FOR_MUTABLES:false\]\[USE_COMMIT_HOOK_ONLY_FOR_REACT_COMMITS:false\]\[ENABLE_SHARED_ELEMENT_TRANSITIONS:false\]\[FORCE_REACT_RENDER_FOR_SETTLED_ANIMATIONS:false\]\"\ \ -DREACT_NATIVE_MINOR_VERSION\=82\ -DNDEBUG
    export OTHER_CPLUSPLUSFLAGS\=\ -fmodule-map-file\=\"/Users/ozel0t/Notesnook/notesnook/apps/mobile/ios/build/Catalyst/Build/Products/Release-maccatalyst/JWTDecode/JWTDecode.modulemap\"\ -fmodule-map-file\=\"/Users/ozel0t/Notesnook/notesnook/apps/mobile/ios/build/Catalyst/Build/Products/Release-maccatalyst/NitroCloudUploader/NitroCloudUploader.modulemap\"\ -fmodule-map-file\=\"/Users/ozel0t/Notesnook/notesnook/apps/mobile/ios/build/Catalyst/Build/Products/Release-maccatalyst/NitroModules/NitroModules.modulemap\"\ -fmodule-map-file\=\"/Users/ozel0t/Notesnook/notesnook/apps/mobile/ios/build/Catalyst/Build/Products/Release-maccatalyst/RNIap/RNIap.modulemap\"\ -fmodule-map-file\=\"/Users/ozel0t/Notesnook/notesnook/apps/mobile/ios/build/Catalyst/Build/Products/Release-maccatalyst/React-Codegen/React_Codegen.modulemap\"\ -fmodule-map-file\=\"/Users/ozel0t/Notesnook/notesnook/apps/mobile/ios/build/Catalyst/Build/Products/Release-maccatalyst/SwiftyRSA/SwiftyRSA.modulemap\"\ -fmodule-map-file\=\"/Users/ozel0t/Notesnook/notesnook/apps/mobile/ios/build/Catalyst/Build/Products/Release-maccatalyst/callstack-repack/callstack_repack.modulemap\"\ -fmodule-map-file\=\"/Users/ozel0t/Notesnook/notesnook/apps/mobile/ios/build/Catalyst/Build/Products/Release-maccatalyst/react-native-actions-shortcuts/react_native_actions_shortcuts.modulemap\"\ -fmodule-map-file\=\"/Users/ozel0t/Notesnook/notesnook/apps/mobile/ios/build/Catalyst/Build/Products/Release-maccatalyst/react-native-document-picker/react_native_document_picker.modulemap\"\ -fmodule-map-file\=\"/Users/ozel0t/Notesnook/notesnook/apps/mobile/ios/build/Catalyst/Build/Products/Release-maccatalyst/react-native-in-app-review/react_native_in_app_review.modulemap\"\ -fmodule-map-file\=\"/Users/ozel0t/Notesnook/notesnook/apps/mobile/ios/Pods/Headers/Public/DoubleConversion/DoubleConversion.modulemap\"\ -fmodule-map-file\=\"/Users/ozel0t/Notesnook/notesnook/apps/mobile/ios/Pods/Headers/Public/RCTDeprecation/RCTDeprecation.modulemap\"\ -fmodule-map-file\=\"/Users/ozel0t/Notesnook/notesnook/apps/mobile/ios/Pods/Headers/Public/RCTFabric/React-RCTFabric.modulemap\"\ -fmodule-map-file\=\"/Users/ozel0t/Notesnook/notesnook/apps/mobile/ios/Pods/Headers/Public/RCTImage/React-RCTImage.modulemap\"\ -fmodule-map-file\=\"/Users/ozel0t/Notesnook/notesnook/apps/mobile/ios/Pods/Headers/Public/RCTRuntime/React-RCTRuntime.modulemap\"\ -fmodule-map-file\=\"/Users/ozel0t/Notesnook/notesnook/apps/mobile/ios/Pods/Headers/Public/RCTTypeSafety/RCTTypeSafety.modulemap\"\ -fmodule-map-file\=\"/Users/ozel0t/Notesnook/notesnook/apps/mobile/ios/Pods/Headers/Public/RNBootSplash/RNBootSplash.modulemap\"\ -fmodule-map-file\=\"/Users/ozel0t/Notesnook/notesnook/apps/mobile/ios/Pods/Headers/Public/RNReanimated/RNReanimated.modulemap\"\ -fmodule-map-file\=\"/Users/ozel0t/Notesnook/notesnook/apps/mobile/ios/Pods/Headers/Public/RNWorklets/RNWorklets.modulemap\"\ -fmodule-map-file\=\"/Users/ozel0t/Notesnook/notesnook/apps/mobile/ios/Pods/Headers/Public/React/React-Core.modulemap\"\ -fmodule-map-file\=\"/Users/ozel0t/Notesnook/notesnook/apps/mobile/ios/Pods/Headers/Public/ReactAppDependencyProvider/ReactAppDependencyProvider.modulemap\"\ -fmodule-map-file\=\"/Users/ozel0t/Notesnook/notesnook/apps/mobile/ios/Pods/Headers/Public/ReactCodegen/ReactCodegen.modulemap\"\ -fmodule-map-file\=\"/Users/ozel0t/Notesnook/notesnook/apps/mobile/ios/Pods/Headers/Public/ReactCommon/ReactCommon.modulemap\"\ -fmodule-map-file\=\"/Users/ozel0t/Notesnook/notesnook/apps/mobile/ios/Pods/Headers/Public/React_Fabric/React-Fabric.modulemap\"\ -fmodule-map-file\=\"/Users/ozel0t/Notesnook/notesnook/apps/mobile/ios/Pods/Headers/Public/React_FabricComponents/React-FabricComponents.modulemap\"\ -fmodule-map-file\=\"/Users/ozel0t/Notesnook/notesnook/apps/mobile/ios/Pods/Headers/Public/React_NativeModulesApple/React-NativeModulesApple.modulemap\"\ -fmodule-map-file\=\"/Users/ozel0t/Notesnook/notesnook/apps/mobile/ios/Pods/Headers/Public/React_RCTAppDelegate/React-RCTAppDelegate.modulemap\"\ -fmodule-map-file\=\"/Users/ozel0t/Notesnook/notesnook/apps/mobile/ios/Pods/Headers/Public/React_runtimeexecutor/React-runtimeexecutor.modulemap\"\ -fmodule-map-file\=\"/Users/ozel0t/Notesnook/notesnook/apps/mobile/ios/Pods/Headers/Public/SSZipArchive/SSZipArchive.modulemap\"\ -fmodule-map-file\=\"/Users/ozel0t/Notesnook/notesnook/apps/mobile/ios/Pods/Headers/Public/SocketRocket/SocketRocket.modulemap\"\ -fmodule-map-file\=\"/Users/ozel0t/Notesnook/notesnook/apps/mobile/ios/Pods/Headers/Public/fmt/fmt.modulemap\"\ -fmodule-map-file\=\"/Users/ozel0t/Notesnook/notesnook/apps/mobile/ios/Pods/Headers/Public/folly/RCT-Folly.modulemap\"\ -fmodule-map-file\=\"/Users/ozel0t/Notesnook/notesnook/apps/mobile/ios/Pods/Headers/Public/glog/glog.modulemap\"\ -fmodule-map-file\=\"/Users/ozel0t/Notesnook/notesnook/apps/mobile/ios/Pods/Headers/Public/jsi/React-jsi.modulemap\"\ -fmodule-map-file\=\"/Users/ozel0t/Notesnook/notesnook/apps/mobile/ios/Pods/Headers/Public/jsinspector_modern/React-jsinspector.modulemap\"\ -fmodule-map-file\=\"/Users/ozel0t/Notesnook/notesnook/apps/mobile/ios/Pods/Headers/Public/jsinspector_modern_cdp/React-jsinspectorcdp.modulemap\"\ -fmodule-map-file\=\"/Users/ozel0t/Notesnook/notesnook/apps/mobile/ios/Pods/Headers/Public/jsinspector_modern_network/React-jsinspectornetwork.modulemap\"\ -fmodule-map-file\=\"/Users/ozel0t/Notesnook/notesnook/apps/mobile/ios/Pods/Headers/Public/jsinspector_modern_tracing/React-jsinspectortracing.modulemap\"\ -fmodule-map-file\=\"/Users/ozel0t/Notesnook/notesnook/apps/mobile/ios/Pods/Headers/Public/react_debug/React-debug.modulemap\"\ -fmodule-map-file\=\"/Users/ozel0t/Notesnook/notesnook/apps/mobile/ios/Pods/Headers/Public/react_featureflags/React-featureflags.modulemap\"\ -fmodule-map-file\=\"/Users/ozel0t/Notesnook/notesnook/apps/mobile/ios/Pods/Headers/Public/react_native_fast_openpgp/react-native-fast-openpgp.modulemap\"\ -fmodule-map-file\=\"/Users/ozel0t/Notesnook/notesnook/apps/mobile/ios/Pods/Headers/Public/react_nativemodule_defaults/React-defaultsnativemodule.modulemap\"\ -fmodule-map-file\=\"/Users/ozel0t/Notesnook/notesnook/apps/mobile/ios/Pods/Headers/Public/react_nativemodule_dom/React-domnativemodule.modulemap\"\ -fmodule-map-file\=\"/Users/ozel0t/Notesnook/notesnook/apps/mobile/ios/Pods/Headers/Public/react_nativemodule_featureflags/React-featureflagsnativemodule.modulemap\"\ -fmodule-map-file\=\"/Users/ozel0t/Notesnook/notesnook/apps/mobile/ios/Pods/Headers/Public/react_nativemodule_idlecallbacks/React-idlecallbacksnativemodule.modulemap\"\ -fmodule-map-file\=\"/Users/ozel0t/Notesnook/notesnook/apps/mobile/ios/Pods/Headers/Public/react_nativemodule_microtasks/React-microtasksnativemodule.modulemap\"\ -fmodule-map-file\=\"/Users/ozel0t/Notesnook/notesnook/apps/mobile/ios/Pods/Headers/Public/react_nativemodule_webperformance/React-webperformancenativemodule.modulemap\"\ -fmodule-map-file\=\"/Users/ozel0t/Notesnook/notesnook/apps/mobile/ios/Pods/Headers/Public/react_renderer_css/React-renderercss.modulemap\"\ -fmodule-map-file\=\"/Users/ozel0t/Notesnook/notesnook/apps/mobile/ios/Pods/Headers/Public/react_renderer_debug/React-rendererdebug.modulemap\"\ -fmodule-map-file\=\"/Users/ozel0t/Notesnook/notesnook/apps/mobile/ios/Pods/Headers/Public/react_renderer_graphics/React-graphics.modulemap\"\ -fmodule-map-file\=\"/Users/ozel0t/Notesnook/notesnook/apps/mobile/ios/Pods/Headers/Public/react_renderer_imagemanager/React-ImageManager.modulemap\"\ -fmodule-map-file\=\"/Users/ozel0t/Notesnook/notesnook/apps/mobile/ios/Pods/Headers/Public/react_runtime/React-jsitooling.modulemap\"\ -fmodule-map-file\=\"/Users/ozel0t/Notesnook/notesnook/apps/mobile/ios/Pods/Headers/Public/react_utils/React-utils.modulemap\"\ -fmodule-map-file\=\"/Users/ozel0t/Notesnook/notesnook/apps/mobile/ios/Pods/Headers/Public/reacthermes/React-hermes.modulemap\"\ -fmodule-map-file\=\"/Users/ozel0t/Notesnook/notesnook/apps/mobile/ios/Pods/Headers/Public/yoga/Yoga.modulemap\"\ \ \ -DREACT_NATIVE_MINOR_VERSION\=82\ \ \ -DREACT_NATIVE_MINOR_VERSION\=82\ -DREANIMATED_VERSION\=4.2.0\ \ -DREANIMATED_FEATURE_FLAGS\=\"\[RUNTIME_TEST_FLAG:false\]\[DISABLE_COMMIT_PAUSING_MECHANISM:false\]\[ANDROID_SYNCHRONOUSLY_UPDATE_UI_PROPS:false\]\[IOS_SYNCHRONOUSLY_UPDATE_UI_PROPS:false\]\[EXPERIMENTAL_CSS_ANIMATIONS_FOR_SVG_COMPONENTS:false\]\[USE_SYNCHRONIZABLE_FOR_MUTABLES:false\]\[USE_COMMIT_HOOK_ONLY_FOR_REACT_COMMITS:false\]\[ENABLE_SHARED_ELEMENT_TRANSITIONS:false\]\[FORCE_REACT_RENDER_FOR_SETTLED_ANIMATIONS:false\]\"\ \ -DREACT_NATIVE_MINOR_VERSION\=82\ -DNDEBUG\ -DNDEBUG\ -DRCT_NEW_ARCH_ENABLED\=1
    export OTHER_LDFLAGS\=\ \ \ -ObjC\ -l\"BEMCheckBox\"\ -l\"Base64\"\ -l\"DoubleConversion\"\ -l\"GZIP\"\ -l\"JWTDecode\"\ -l\"MMKV\"\ -l\"MMKVCore\"\ -l\"NitroCloudUploader\"\ -l\"NitroModules\"\ -l\"RCT-Folly\"\ -l\"RCTDeprecation\"\ -l\"RCTTypeSafety\"\ -l\"RNBackgroundFetch\"\ -l\"RNBootSplash\"\ -l\"RNCCheckbox\"\ -l\"RNCClipboard\"\ -l\"RNCMaskedView\"\ -l\"RNDateTimePicker\"\ -l\"RNDeviceInfo\"\ -l\"RNExitApp\"\ -l\"RNFileViewer\"\ -l\"RNGestureHandler\"\ -l\"RNIap\"\ -l\"RNImageCropPicker\"\ -l\"RNKeychain\"\ -l\"RNNotifee\"\ -l\"RNReanimated\"\ -l\"RNSVG\"\ -l\"RNScreens\"\ -l\"RNSecureRandom\"\ -l\"RNShare\"\ -l\"RNTooltips\"\ -l\"RNWorklets\"\ -l\"RNZipArchive\"\ -l\"React-Codegen\"\ -l\"React-Core\"\ -l\"React-CoreModules\"\ -l\"React-Fabric\"\ -l\"React-FabricComponents\"\ -l\"React-FabricImage\"\ -l\"React-ImageManager\"\ -l\"React-Mapbuffer\"\ -l\"React-NativeModulesApple\"\ -l\"React-RCTAnimation\"\ -l\"React-RCTAppDelegate\"\ -l\"React-RCTBlob\"\ -l\"React-RCTFBReactNativeSpec\"\ -l\"React-RCTFabric\"\ -l\"React-RCTImage\"\ -l\"React-RCTLinking\"\ -l\"React-RCTNetwork\"\ -l\"React-RCTRuntime\"\ -l\"React-RCTSettings\"\ -l\"React-RCTText\"\ -l\"React-RCTVibration\"\ -l\"React-RuntimeApple\"\ -l\"React-RuntimeCore\"\ -l\"React-RuntimeHermes\"\ -l\"React-cxxreact\"\ -l\"React-debug\"\ -l\"React-defaultsnativemodule\"\ -l\"React-domnativemodule\"\ -l\"React-featureflags\"\ -l\"React-featureflagsnativemodule\"\ -l\"React-graphics\"\ -l\"React-hermes\"\ -l\"React-idlecallbacksnativemodule\"\ -l\"React-jserrorhandler\"\ -l\"React-jsi\"\ -l\"React-jsiexecutor\"\ -l\"React-jsinspector\"\ -l\"React-jsinspectorcdp\"\ -l\"React-jsinspectornetwork\"\ -l\"React-jsinspectortracing\"\ -l\"React-jsitooling\"\ -l\"React-logger\"\ -l\"React-microtasksnativemodule\"\ -l\"React-oscompat\"\ -l\"React-perflogger\"\ -l\"React-performancecdpmetrics\"\ -l\"React-performancetimeline\"\ -l\"React-rendererconsistency\"\ -l\"React-renderercss\"\ -l\"React-rendererdebug\"\ -l\"React-runtimeexecutor\"\ -l\"React-runtimescheduler\"\ -l\"React-utils\"\ -l\"React-webperformancenativemodule\"\ -l\"ReactAppDependencyProvider\"\ -l\"ReactCodegen\"\ -l\"ReactCommon\"\ -l\"SDWebImage\"\ -l\"SSZipArchive\"\ -l\"SexyTooltip\"\ -l\"SocketRocket\"\ -l\"SwiftyRSA\"\ -l\"TOCropViewController\"\ -l\"Yoga\"\ -l\"c++\"\ -l\"c++abi\"\ -l\"callstack-repack\"\ -l\"fmt\"\ -l\"glog\"\ -l\"iconv\"\ -l\"icucore\"\ -l\"pop\"\ -l\"react-native-actions-shortcuts\"\ -l\"react-native-background-actions\"\ -l\"react-native-begin-background-task\"\ -l\"react-native-blob-util\"\ -l\"react-native-cameraroll\"\ -l\"react-native-config\"\ -l\"react-native-date-picker\"\ -l\"react-native-document-picker\"\ -l\"react-native-fast-openpgp\"\ -l\"react-native-fingerprint-scanner\"\ -l\"react-native-get-random-values\"\ -l\"react-native-gzip\"\ -l\"react-native-html-to-pdf-lite\"\ -l\"react-native-image-resizer\"\ -l\"react-native-in-app-review\"\ -l\"react-native-keep-awake\"\ -l\"react-native-mmkv-storage\"\ -l\"react-native-netinfo\"\ -l\"react-native-notification-sounds\"\ -l\"react-native-orientation-locker\"\ -l\"react-native-pdf\"\ -l\"react-native-quick-sqlite\"\ -l\"react-native-safe-area-context\"\ -l\"react-native-screenguard\"\ -l\"react-native-share-extension\"\ -l\"react-native-sodium\"\ -l\"react-native-theme-switch-animation\"\ -l\"react-native-upload\"\ -l\"react-native-view-shot\"\ -l\"react-native-webview\"\ -l\"sodium\"\ -l\"toolbar-android\"\ -l\"z\"\ -framework\ \"Accelerate\"\ -framework\ \"AssetsLibrary\"\ -framework\ \"AudioToolbox\"\ -framework\ \"CFNetwork\"\ -framework\ \"CoreFoundation\"\ -framework\ \"CoreGraphics\"\ -framework\ \"Foundation\"\ -framework\ \"ImageIO\"\ -framework\ \"LocalAuthentication\"\ -framework\ \"MobileCoreServices\"\ -framework\ \"Network\"\ -framework\ \"OpenPGPBridge\"\ -framework\ \"PDFKit\"\ -framework\ \"Photos\"\ -framework\ \"PhotosUI\"\ -framework\ \"QuartzCore\"\ -framework\ \"Security\"\ -framework\ \"TSBackgroundFetch\"\ -framework\ \"UIKit\"\ -framework\ \"hermesvm\"\ -weak_framework\ \"JavaScriptCore\"\ -weak_framework\ \"LinkPresentation\"\ -ObjC\ -lc++
    export OTHER_MODULE_VERIFIER_FLAGS\=\ \"-F/Users/ozel0t/Notesnook/notesnook/apps/mobile/ios/build/Catalyst/Build/Products/Release-maccatalyst/Base64\"\ \"-F/Users/ozel0t/Notesnook/notesnook/apps/mobile/ios/build/Catalyst/Build/Products/Release-maccatalyst/MMKV\"\ \"-F/Users/ozel0t/Notesnook/notesnook/apps/mobile/ios/build/Catalyst/Build/Products/Release-maccatalyst/MMKVCore\"\ \"-F/Users/ozel0t/Notesnook/notesnook/apps/mobile/ios/build/Catalyst/Build/Products/Release-maccatalyst/SexyTooltip\"\ \"-F/Users/ozel0t/Notesnook/notesnook/apps/mobile/ios/build/Catalyst/Build/Products/Release-maccatalyst/pop\"\ \"-F/Users/ozel0t/Notesnook/notesnook/apps/mobile/ios/build/Catalyst/Build/Products/Release-maccatalyst/BEMCheckBox\"\ \"-F/Users/ozel0t/Notesnook/notesnook/apps/mobile/ios/build/Catalyst/Build/Products/Release-maccatalyst/DoubleConversion\"\ \"-F/Users/ozel0t/Notesnook/notesnook/apps/mobile/ios/build/Catalyst/Build/Products/Release-maccatalyst/FBLazyVector\"\ \"-F/Users/ozel0t/Notesnook/notesnook/apps/mobile/ios/build/Catalyst/Build/Products/Release-maccatalyst/GZIP\"\ \"-F/Users/ozel0t/Notesnook/notesnook/apps/mobile/ios/build/Catalyst/Build/Products/Release-maccatalyst/JWTDecode\"\ \"-F/Users/ozel0t/Notesnook/notesnook/apps/mobile/ios/build/Catalyst/Build/Products/Release-maccatalyst/NitroCloudUploader\"\ \"-F/Users/ozel0t/Notesnook/notesnook/apps/mobile/ios/build/Catalyst/Build/Products/Release-maccatalyst/NitroModules\"\ \"-F/Users/ozel0t/Notesnook/notesnook/apps/mobile/ios/build/Catalyst/Build/Products/Release-maccatalyst/RCT-Folly\"\ \"-F/Users/ozel0t/Notesnook/notesnook/apps/mobile/ios/build/Catalyst/Build/Products/Release-maccatalyst/RCTDeprecation\"\ \"-F/Users/ozel0t/Notesnook/notesnook/apps/mobile/ios/build/Catalyst/Build/Products/Release-maccatalyst/RCTRequired\"\ \"-F/Users/ozel0t/Notesnook/notesnook/apps/mobile/ios/build/Catalyst/Build/Products/Release-maccatalyst/RCTTypeSafety\"\ \"-F/Users/ozel0t/Notesnook/notesnook/apps/mobile/ios/build/Catalyst/Build/Products/Release-maccatalyst/RNBackgroundFetch\"\ \"-F/Users/ozel0t/Notesnook/notesnook/apps/mobile/ios/build/Catalyst/Build/Products/Release-maccatalyst/RNBootSplash\"\ \"-F/Users/ozel0t/Notesnook/notesnook/apps/mobile/ios/build/Catalyst/Build/Products/Release-maccatalyst/RNCCheckbox\"\ \"-F/Users/ozel0t/Notesnook/notesnook/apps/mobile/ios/build/Catalyst/Build/Products/Release-maccatalyst/RNCClipboard\"\ \"-F/Users/ozel0t/Notesnook/notesnook/apps/mobile/ios/build/Catalyst/Build/Products/Release-maccatalyst/RNCMaskedView\"\ \"-F/Users/ozel0t/Notesnook/notesnook/apps/mobile/ios/build/Catalyst/Build/Products/Release-maccatalyst/RNDateTimePicker\"\ \"-F/Users/ozel0t/Notesnook/notesnook/apps/mobile/ios/build/Catalyst/Build/Products/Release-maccatalyst/RNDeviceInfo\"\ \"-F/Users/ozel0t/Notesnook/notesnook/apps/mobile/ios/build/Catalyst/Build/Products/Release-maccatalyst/RNExitApp\"\ \"-F/Users/ozel0t/Notesnook/notesnook/apps/mobile/ios/build/Catalyst/Build/Products/Release-maccatalyst/RNFileViewer\"\ \"-F/Users/ozel0t/Notesnook/notesnook/apps/mobile/ios/build/Catalyst/Build/Products/Release-maccatalyst/RNGestureHandler\"\ \"-F/Users/ozel0t/Notesnook/notesnook/apps/mobile/ios/build/Catalyst/Build/Products/Release-maccatalyst/RNIap\"\ \"-F/Users/ozel0t/Notesnook/notesnook/apps/mobile/ios/build/Catalyst/Build/Products/Release-maccatalyst/RNImageCropPicker\"\ \"-F/Users/ozel0t/Notesnook/notesnook/apps/mobile/ios/build/Catalyst/Build/Products/Release-maccatalyst/RNKeychain\"\ \"-F/Users/ozel0t/Notesnook/notesnook/apps/mobile/ios/build/Catalyst/Build/Products/Release-maccatalyst/RNNotifee\"\ \"-F/Users/ozel0t/Notesnook/notesnook/apps/mobile/ios/build/Catalyst/Build/Products/Release-maccatalyst/RNReanimated\"\ \"-F/Users/ozel0t/Notesnook/notesnook/apps/mobile/ios/build/Catalyst/Build/Products/Release-maccatalyst/RNSVG\"\ \"-F/Users/ozel0t/Notesnook/notesnook/apps/mobile/ios/build/Catalyst/Build/Products/Release-maccatalyst/RNScreens\"\ \"-F/Users/ozel0t/Notesnook/notesnook/apps/mobile/ios/build/Catalyst/Build/Products/Release-maccatalyst/RNSecureRandom\"\ \"-F/Users/ozel0t/Notesnook/notesnook/apps/mobile/ios/build/Catalyst/Build/Products/Release-maccatalyst/RNShare\"\ \"-F/Users/ozel0t/Notesnook/notesnook/apps/mobile/ios/build/Catalyst/Build/Products/Release-maccatalyst/RNTooltips\"\ \"-F/Users/ozel0t/Notesnook/notesnook/apps/mobile/ios/build/Catalyst/Build/Products/Release-maccatalyst/RNWorklets\"\ \"-F/Users/ozel0t/Notesnook/notesnook/apps/mobile/ios/build/Catalyst/Build/Products/Release-maccatalyst/RNZipArchive\"\ \"-F/Users/ozel0t/Notesnook/notesnook/apps/mobile/ios/build/Catalyst/Build/Products/Release-maccatalyst/React\"\ \"-F/Users/ozel0t/Notesnook/notesnook/apps/mobile/ios/build/Catalyst/Build/Products/Release-maccatalyst/React-Codegen\"\ \"-F/Users/ozel0t/Notesnook/notesnook/apps/mobile/ios/build/Catalyst/Build/Products/Release-maccatalyst/React-Core\"\ \"-F/Users/ozel0t/Notesnook/notesnook/apps/mobile/ios/build/Catalyst/Build/Products/Release-maccatalyst/React-CoreModules\"\ \"-F/Users/ozel0t/Notesnook/notesnook/apps/mobile/ios/build/Catalyst/Build/Products/Release-maccatalyst/React-Fabric\"\ \"-F/Users/ozel0t/Notesnook/notesnook/apps/mobile/ios/build/Catalyst/Build/Products/Release-maccatalyst/React-FabricComponents\"\ \"-F/Users/ozel0t/Notesnook/notesnook/apps/mobile/ios/build/Catalyst/Build/Products/Release-maccatalyst/React-FabricImage\"\ \"-F/Users/ozel0t/Notesnook/notesnook/apps/mobile/ios/build/Catalyst/Build/Products/Release-maccatalyst/React-ImageManager\"\ \"-F/Users/ozel0t/Notesnook/notesnook/apps/mobile/ios/build/Catalyst/Build/Products/Release-maccatalyst/React-Mapbuffer\"\ \"-F/Users/ozel0t/Notesnook/notesnook/apps/mobile/ios/build/Catalyst/Build/Products/Release-maccatalyst/React-NativeModulesApple\"\ \"-F/Users/ozel0t/Notesnook/notesnook/apps/mobile/ios/build/Catalyst/Build/Products/Release-maccatalyst/React-RCTActionSheet\"\ \"-F/Users/ozel0t/Notesnook/notesnook/apps/mobile/ios/build/Catalyst/Build/Products/Release-maccatalyst/React-RCTAnimation\"\ \"-F/Users/ozel0t/Notesnook/notesnook/apps/mobile/ios/build/Catalyst/Build/Products/Release-maccatalyst/React-RCTAppDelegate\"\ \"-F/Users/ozel0t/Notesnook/notesnook/apps/mobile/ios/build/Catalyst/Build/Products/Release-maccatalyst/React-RCTBlob\"\ \"-F/Users/ozel0t/Notesnook/notesnook/apps/mobile/ios/build/Catalyst/Build/Products/Release-maccatalyst/React-RCTFBReactNativeSpec\"\ \"-F/Users/ozel0t/Notesnook/notesnook/apps/mobile/ios/build/Catalyst/Build/Products/Release-maccatalyst/React-RCTFabric\"\ \"-F/Users/ozel0t/Notesnook/notesnook/apps/mobile/ios/build/Catalyst/Build/Products/Release-maccatalyst/React-RCTImage\"\ \"-F/Users/ozel0t/Notesnook/notesnook/apps/mobile/ios/build/Catalyst/Build/Products/Release-maccatalyst/React-RCTLinking\"\ \"-F/Users/ozel0t/Notesnook/notesnook/apps/mobile/ios/build/Catalyst/Build/Products/Release-maccatalyst/React-RCTNetwork\"\ \"-F/Users/ozel0t/Notesnook/notesnook/apps/mobile/ios/build/Catalyst/Build/Products/Release-maccatalyst/React-RCTRuntime\"\ \"-F/Users/ozel0t/Notesnook/notesnook/apps/mobile/ios/build/Catalyst/Build/Products/Release-maccatalyst/React-RCTSettings\"\ \"-F/Users/ozel0t/Notesnook/notesnook/apps/mobile/ios/build/Catalyst/Build/Products/Release-maccatalyst/React-RCTText\"\ \"-F/Users/ozel0t/Notesnook/notesnook/apps/mobile/ios/build/Catalyst/Build/Products/Release-maccatalyst/React-RCTVibration\"\ \"-F/Users/ozel0t/Notesnook/notesnook/apps/mobile/ios/build/Catalyst/Build/Products/Release-maccatalyst/React-RuntimeApple\"\ \"-F/Users/ozel0t/Notesnook/notesnook/apps/mobile/ios/build/Catalyst/Build/Products/Release-maccatalyst/React-RuntimeCore\"\ \"-F/Users/ozel0t/Notesnook/notesnook/apps/mobile/ios/build/Catalyst/Build/Products/Release-maccatalyst/React-RuntimeHermes\"\ \"-F/Users/ozel0t/Notesnook/notesnook/apps/mobile/ios/build/Catalyst/Build/Products/Release-maccatalyst/React-callinvoker\"\ \"-F/Users/ozel0t/Notesnook/notesnook/apps/mobile/ios/build/Catalyst/Build/Products/Release-maccatalyst/React-cxxreact\"\ \"-F/Users/ozel0t/Notesnook/notesnook/apps/mobile/ios/build/Catalyst/Build/Products/Release-maccatalyst/React-debug\"\ \"-F/Users/ozel0t/Notesnook/notesnook/apps/mobile/ios/build/Catalyst/Build/Products/Release-maccatalyst/React-defaultsnativemodule\"\ \"-F/Users/ozel0t/Notesnook/notesnook/apps/mobile/ios/build/Catalyst/Build/Products/Release-maccatalyst/React-domnativemodule\"\ \"-F/Users/ozel0t/Notesnook/notesnook/apps/mobile/ios/build/Catalyst/Build/Products/Release-maccatalyst/React-featureflags\"\ \"-F/Users/ozel0t/Notesnook/notesnook/apps/mobile/ios/build/Catalyst/Build/Products/Release-maccatalyst/React-featureflagsnativemodule\"\ \"-F/Users/ozel0t/Notesnook/notesnook/apps/mobile/ios/build/Catalyst/Build/Products/Release-maccatalyst/React-graphics\"\ \"-F/Users/ozel0t/Notesnook/notesnook/apps/mobile/ios/build/Catalyst/Build/Products/Release-maccatalyst/React-hermes\"\ \"-F/Users/ozel0t/Notesnook/notesnook/apps/mobile/ios/build/Catalyst/Build/Products/Release-maccatalyst/React-idlecallbacksnativemodule\"\ \"-F/Users/ozel0t/Notesnook/notesnook/apps/mobile/ios/build/Catalyst/Build/Products/Release-maccatalyst/React-jserrorhandler\"\ \"-F/Users/ozel0t/Notesnook/notesnook/apps/mobile/ios/build/Catalyst/Build/Products/Release-maccatalyst/React-jsi\"\ \"-F/Users/ozel0t/Notesnook/notesnook/apps/mobile/ios/build/Catalyst/Build/Products/Release-maccatalyst/React-jsiexecutor\"\ \"-F/Users/ozel0t/Notesnook/notesnook/apps/mobile/ios/build/Catalyst/Build/Products/Release-maccatalyst/React-jsinspector\"\ \"-F/Users/ozel0t/Notesnook/notesnook/apps/mobile/ios/build/Catalyst/Build/Products/Release-maccatalyst/React-jsinspectorcdp\"\ \"-F/Users/ozel0t/Notesnook/notesnook/apps/mobile/ios/build/Catalyst/Build/Products/Release-maccatalyst/React-jsinspectornetwork\"\ \"-F/Users/ozel0t/Notesnook/notesnook/apps/mobile/ios/build/Catalyst/Build/Products/Release-maccatalyst/React-jsinspectortracing\"\ \"-F/Users/ozel0t/Notesnook/notesnook/apps/mobile/ios/build/Catalyst/Build/Products/Release-maccatalyst/React-jsitooling\"\ \"-F/Users/ozel0t/Notesnook/notesnook/apps/mobile/ios/build/Catalyst/Build/Products/Release-maccatalyst/React-jsitracing\"\ \"-F/Users/ozel0t/Notesnook/notesnook/apps/mobile/ios/build/Catalyst/Build/Products/Release-maccatalyst/React-logger\"\ \"-F/Users/ozel0t/Notesnook/notesnook/apps/mobile/ios/build/Catalyst/Build/Products/Release-maccatalyst/React-microtasksnativemodule\"\ \"-F/Users/ozel0t/Notesnook/notesnook/apps/mobile/ios/build/Catalyst/Build/Products/Release-maccatalyst/React-oscompat\"\ \"-F/Users/ozel0t/Notesnook/notesnook/apps/mobile/ios/build/Catalyst/Build/Products/Release-maccatalyst/React-perflogger\"\ \"-F/Users/ozel0t/Notesnook/notesnook/apps/mobile/ios/build/Catalyst/Build/Products/Release-maccatalyst/React-performancecdpmetrics\"\ \"-F/Users/ozel0t/Notesnook/notesnook/apps/mobile/ios/build/Catalyst/Build/Products/Release-maccatalyst/React-performancetimeline\"\ \"-F/Users/ozel0t/Notesnook/notesnook/apps/mobile/ios/build/Catalyst/Build/Products/Release-maccatalyst/React-rendererconsistency\"\ \"-F/Users/ozel0t/Notesnook/notesnook/apps/mobile/ios/build/Catalyst/Build/Products/Release-maccatalyst/React-renderercss\"\ \"-F/Users/ozel0t/Notesnook/notesnook/apps/mobile/ios/build/Catalyst/Build/Products/Release-maccatalyst/React-rendererdebug\"\ \"-F/Users/ozel0t/Notesnook/notesnook/apps/mobile/ios/build/Catalyst/Build/Products/Release-maccatalyst/React-runtimeexecutor\"\ \"-F/Users/ozel0t/Notesnook/notesnook/apps/mobile/ios/build/Catalyst/Build/Products/Release-maccatalyst/React-runtimescheduler\"\ \"-F/Users/ozel0t/Notesnook/notesnook/apps/mobile/ios/build/Catalyst/Build/Products/Release-maccatalyst/React-timing\"\ \"-F/Users/ozel0t/Notesnook/notesnook/apps/mobile/ios/build/Catalyst/Build/Products/Release-maccatalyst/React-utils\"\ \"-F/Users/ozel0t/Notesnook/notesnook/apps/mobile/ios/build/Catalyst/Build/Products/Release-maccatalyst/React-webperformancenativemodule\"\ \"-F/Users/ozel0t/Notesnook/notesnook/apps/mobile/ios/build/Catalyst/Build/Products/Release-maccatalyst/ReactAppDependencyProvider\"\ \"-F/Users/ozel0t/Notesnook/notesnook/apps/mobile/ios/build/Catalyst/Build/Products/Release-maccatalyst/ReactCodegen\"\ \"-F/Users/ozel0t/Notesnook/notesnook/apps/mobile/ios/build/Catalyst/Build/Products/Release-maccatalyst/ReactCommon\"\ \"-F/Users/ozel0t/Notesnook/notesnook/apps/mobile/ios/build/Catalyst/Build/Products/Release-maccatalyst/SDWebImage\"\ \"-F/Users/ozel0t/Notesnook/notesnook/apps/mobile/ios/build/Catalyst/Build/Products/Release-maccatalyst/SSZipArchive\"\ \"-F/Users/ozel0t/Notesnook/notesnook/apps/mobile/ios/build/Catalyst/Build/Products/Release-maccatalyst/SocketRocket\"\ \"-F/Users/ozel0t/Notesnook/notesnook/apps/mobile/ios/build/Catalyst/Build/Products/Release-maccatalyst/SwiftyRSA\"\ \"-F/Users/ozel0t/Notesnook/notesnook/apps/mobile/ios/build/Catalyst/Build/Products/Release-maccatalyst/TOCropViewController\"\ \"-F/Users/ozel0t/Notesnook/notesnook/apps/mobile/ios/build/Catalyst/Build/Products/Release-maccatalyst/Yoga\"\ \"-F/Users/ozel0t/Notesnook/notesnook/apps/mobile/ios/build/Catalyst/Build/Products/Release-maccatalyst/boost\"\ \"-F/Users/ozel0t/Notesnook/notesnook/apps/mobile/ios/build/Catalyst/Build/Products/Release-maccatalyst/callstack-repack\"\ \"-F/Users/ozel0t/Notesnook/notesnook/apps/mobile/ios/build/Catalyst/Build/Products/Release-maccatalyst/fast_float\"\ \"-F/Users/ozel0t/Notesnook/notesnook/apps/mobile/ios/build/Catalyst/Build/Products/Release-maccatalyst/fmt\"\ \"-F/Users/ozel0t/Notesnook/notesnook/apps/mobile/ios/build/Catalyst/Build/Products/Release-maccatalyst/glog\"\ \"-F/Users/ozel0t/Notesnook/notesnook/apps/mobile/ios/build/Catalyst/Build/Products/Release-maccatalyst/hermes-engine\"\ \"-F/Users/ozel0t/Notesnook/notesnook/apps/mobile/ios/build/Catalyst/Build/Products/Release-maccatalyst/react-native-actions-shortcuts\"\ \"-F/Users/ozel0t/Notesnook/notesnook/apps/mobile/ios/build/Catalyst/Build/Products/Release-maccatalyst/react-native-background-actions\"\ \"-F/Users/ozel0t/Notesnook/notesnook/apps/mobile/ios/build/Catalyst/Build/Products/Release-maccatalyst/react-native-begin-background-task\"\ \"-F/Users/ozel0t/Notesnook/notesnook/apps/mobile/ios/build/Catalyst/Build/Products/Release-maccatalyst/react-native-blob-util\"\ \"-F/Users/ozel0t/Notesnook/notesnook/apps/mobile/ios/build/Catalyst/Build/Products/Release-maccatalyst/react-native-cameraroll\"\ \"-F/Users/ozel0t/Notesnook/notesnook/apps/mobile/ios/build/Catalyst/Build/Products/Release-maccatalyst/react-native-config\"\ \"-F/Users/ozel0t/Notesnook/notesnook/apps/mobile/ios/build/Catalyst/Build/Products/Release-maccatalyst/react-native-date-picker\"\ \"-F/Users/ozel0t/Notesnook/notesnook/apps/mobile/ios/build/Catalyst/Build/Products/Release-maccatalyst/react-native-document-picker\"\ \"-F/Users/ozel0t/Notesnook/notesnook/apps/mobile/ios/build/Catalyst/Build/Products/Release-maccatalyst/react-native-fast-openpgp\"\ \"-F/Users/ozel0t/Notesnook/notesnook/apps/mobile/ios/build/Catalyst/Build/Products/Release-maccatalyst/react-native-fingerprint-scanner\"\ \"-F/Users/ozel0t/Notesnook/notesnook/apps/mobile/ios/build/Catalyst/Build/Products/Release-maccatalyst/react-native-get-random-values\"\ \"-F/Users/ozel0t/Notesnook/notesnook/apps/mobile/ios/build/Catalyst/Build/Products/Release-maccatalyst/react-native-gzip\"\ \"-F/Users/ozel0t/Notesnook/notesnook/apps/mobile/ios/build/Catalyst/Build/Products/Release-maccatalyst/react-native-html-to-pdf-lite\"\ \"-F/Users/ozel0t/Notesnook/notesnook/apps/mobile/ios/build/Catalyst/Build/Products/Release-maccatalyst/react-native-image-resizer\"\ \"-F/Users/ozel0t/Notesnook/notesnook/apps/mobile/ios/build/Catalyst/Build/Products/Release-maccatalyst/react-native-in-app-review\"\ \"-F/Users/ozel0t/Notesnook/notesnook/apps/mobile/ios/build/Catalyst/Build/Products/Release-maccatalyst/react-native-keep-awake\"\ \"-F/Users/ozel0t/Notesnook/notesnook/apps/mobile/ios/build/Catalyst/Build/Products/Release-maccatalyst/react-native-mmkv-storage\"\ \"-F/Users/ozel0t/Notesnook/notesnook/apps/mobile/ios/build/Catalyst/Build/Products/Release-maccatalyst/react-native-netinfo\"\ \"-F/Users/ozel0t/Notesnook/notesnook/apps/mobile/ios/build/Catalyst/Build/Products/Release-maccatalyst/react-native-notification-sounds\"\ \"-F/Users/ozel0t/Notesnook/notesnook/apps/mobile/ios/build/Catalyst/Build/Products/Release-maccatalyst/react-native-orientation-locker\"\ \"-F/Users/ozel0t/Notesnook/notesnook/apps/mobile/ios/build/Catalyst/Build/Products/Release-maccatalyst/react-native-pdf\"\ \"-F/Users/ozel0t/Notesnook/notesnook/apps/mobile/ios/build/Catalyst/Build/Products/Release-maccatalyst/react-native-quick-sqlite\"\ \"-F/Users/ozel0t/Notesnook/notesnook/apps/mobile/ios/build/Catalyst/Build/Products/Release-maccatalyst/react-native-safe-area-context\"\ \"-F/Users/ozel0t/Notesnook/notesnook/apps/mobile/ios/build/Catalyst/Build/Products/Release-maccatalyst/react-native-screenguard\"\ \"-F/Users/ozel0t/Notesnook/notesnook/apps/mobile/ios/build/Catalyst/Build/Products/Release-maccatalyst/react-native-share-extension\"\ \"-F/Users/ozel0t/Notesnook/notesnook/apps/mobile/ios/build/Catalyst/Build/Products/Release-maccatalyst/react-native-sodium\"\ \"-F/Users/ozel0t/Notesnook/notesnook/apps/mobile/ios/build/Catalyst/Build/Products/Release-maccatalyst/react-native-theme-switch-animation\"\ \"-F/Users/ozel0t/Notesnook/notesnook/apps/mobile/ios/build/Catalyst/Build/Products/Release-maccatalyst/react-native-upload\"\ \"-F/Users/ozel0t/Notesnook/notesnook/apps/mobile/ios/build/Catalyst/Build/Products/Release-maccatalyst/react-native-view-shot\"\ \"-F/Users/ozel0t/Notesnook/notesnook/apps/mobile/ios/build/Catalyst/Build/Products/Release-maccatalyst/react-native-webview\"\ \"-F/Users/ozel0t/Notesnook/notesnook/apps/mobile/ios/build/Catalyst/Build/Products/Release-maccatalyst/toolbar-android\"
    export OTHER_SWIFT_FLAGS\=\ -D\ COCOAPODS\ -Xcc\ -fmodule-map-file\=\"/Users/ozel0t/Notesnook/notesnook/apps/mobile/ios/build/Catalyst/Build/Products/Release-maccatalyst/JWTDecode/JWTDecode.modulemap\"\ -Xcc\ -fmodule-map-file\=\"/Users/ozel0t/Notesnook/notesnook/apps/mobile/ios/build/Catalyst/Build/Products/Release-maccatalyst/NitroCloudUploader/NitroCloudUploader.modulemap\"\ -Xcc\ -fmodule-map-file\=\"/Users/ozel0t/Notesnook/notesnook/apps/mobile/ios/build/Catalyst/Build/Products/Release-maccatalyst/NitroModules/NitroModules.modulemap\"\ -Xcc\ -fmodule-map-file\=\"/Users/ozel0t/Notesnook/notesnook/apps/mobile/ios/build/Catalyst/Build/Products/Release-maccatalyst/RNIap/RNIap.modulemap\"\ -Xcc\ -fmodule-map-file\=\"/Users/ozel0t/Notesnook/notesnook/apps/mobile/ios/build/Catalyst/Build/Products/Release-maccatalyst/React-Codegen/React_Codegen.modulemap\"\ -Xcc\ -fmodule-map-file\=\"/Users/ozel0t/Notesnook/notesnook/apps/mobile/ios/build/Catalyst/Build/Products/Release-maccatalyst/SwiftyRSA/SwiftyRSA.modulemap\"\ -Xcc\ -fmodule-map-file\=\"/Users/ozel0t/Notesnook/notesnook/apps/mobile/ios/build/Catalyst/Build/Products/Release-maccatalyst/callstack-repack/callstack_repack.modulemap\"\ -Xcc\ -fmodule-map-file\=\"/Users/ozel0t/Notesnook/notesnook/apps/mobile/ios/build/Catalyst/Build/Products/Release-maccatalyst/react-native-actions-shortcuts/react_native_actions_shortcuts.modulemap\"\ -Xcc\ -fmodule-map-file\=\"/Users/ozel0t/Notesnook/notesnook/apps/mobile/ios/build/Catalyst/Build/Products/Release-maccatalyst/react-native-document-picker/react_native_document_picker.modulemap\"\ -Xcc\ -fmodule-map-file\=\"/Users/ozel0t/Notesnook/notesnook/apps/mobile/ios/build/Catalyst/Build/Products/Release-maccatalyst/react-native-in-app-review/react_native_in_app_review.modulemap\"\ -Xcc\ -fmodule-map-file\=\"/Users/ozel0t/Notesnook/notesnook/apps/mobile/ios/Pods/Headers/Public/DoubleConversion/DoubleConversion.modulemap\"\ -Xcc\ -fmodule-map-file\=\"/Users/ozel0t/Notesnook/notesnook/apps/mobile/ios/Pods/Headers/Public/RCTDeprecation/RCTDeprecation.modulemap\"\ -Xcc\ -fmodule-map-file\=\"/Users/ozel0t/Notesnook/notesnook/apps/mobile/ios/Pods/Headers/Public/RCTFabric/React-RCTFabric.modulemap\"\ -Xcc\ -fmodule-map-file\=\"/Users/ozel0t/Notesnook/notesnook/apps/mobile/ios/Pods/Headers/Public/RCTImage/React-RCTImage.modulemap\"\ -Xcc\ -fmodule-map-file\=\"/Users/ozel0t/Notesnook/notesnook/apps/mobile/ios/Pods/Headers/Public/RCTRuntime/React-RCTRuntime.modulemap\"\ -Xcc\ -fmodule-map-file\=\"/Users/ozel0t/Notesnook/notesnook/apps/mobile/ios/Pods/Headers/Public/RCTTypeSafety/RCTTypeSafety.modulemap\"\ -Xcc\ -fmodule-map-file\=\"/Users/ozel0t/Notesnook/notesnook/apps/mobile/ios/Pods/Headers/Public/RNBootSplash/RNBootSplash.modulemap\"\ -Xcc\ -fmodule-map-file\=\"/Users/ozel0t/Notesnook/notesnook/apps/mobile/ios/Pods/Headers/Public/RNReanimated/RNReanimated.modulemap\"\ -Xcc\ -fmodule-map-file\=\"/Users/ozel0t/Notesnook/notesnook/apps/mobile/ios/Pods/Headers/Public/RNWorklets/RNWorklets.modulemap\"\ -Xcc\ -fmodule-map-file\=\"/Users/ozel0t/Notesnook/notesnook/apps/mobile/ios/Pods/Headers/Public/React/React-Core.modulemap\"\ -Xcc\ -fmodule-map-file\=\"/Users/ozel0t/Notesnook/notesnook/apps/mobile/ios/Pods/Headers/Public/ReactAppDependencyProvider/ReactAppDependencyProvider.modulemap\"\ -Xcc\ -fmodule-map-file\=\"/Users/ozel0t/Notesnook/notesnook/apps/mobile/ios/Pods/Headers/Public/ReactCodegen/ReactCodegen.modulemap\"\ -Xcc\ -fmodule-map-file\=\"/Users/ozel0t/Notesnook/notesnook/apps/mobile/ios/Pods/Headers/Public/ReactCommon/ReactCommon.modulemap\"\ -Xcc\ -fmodule-map-file\=\"/Users/ozel0t/Notesnook/notesnook/apps/mobile/ios/Pods/Headers/Public/React_Fabric/React-Fabric.modulemap\"\ -Xcc\ -fmodule-map-file\=\"/Users/ozel0t/Notesnook/notesnook/apps/mobile/ios/Pods/Headers/Public/React_FabricComponents/React-FabricComponents.modulemap\"\ -Xcc\ -fmodule-map-file\=\"/Users/ozel0t/Notesnook/notesnook/apps/mobile/ios/Pods/Headers/Public/React_NativeModulesApple/React-NativeModulesApple.modulemap\"\ -Xcc\ -fmodule-map-file\=\"/Users/ozel0t/Notesnook/notesnook/apps/mobile/ios/Pods/Headers/Public/React_RCTAppDelegate/React-RCTAppDelegate.modulemap\"\ -Xcc\ -fmodule-map-file\=\"/Users/ozel0t/Notesnook/notesnook/apps/mobile/ios/Pods/Headers/Public/React_runtimeexecutor/React-runtimeexecutor.modulemap\"\ -Xcc\ -fmodule-map-file\=\"/Users/ozel0t/Notesnook/notesnook/apps/mobile/ios/Pods/Headers/Public/SSZipArchive/SSZipArchive.modulemap\"\ -Xcc\ -fmodule-map-file\=\"/Users/ozel0t/Notesnook/notesnook/apps/mobile/ios/Pods/Headers/Public/SocketRocket/SocketRocket.modulemap\"\ -Xcc\ -fmodule-map-file\=\"/Users/ozel0t/Notesnook/notesnook/apps/mobile/ios/Pods/Headers/Public/fmt/fmt.modulemap\"\ -Xcc\ -fmodule-map-file\=\"/Users/ozel0t/Notesnook/notesnook/apps/mobile/ios/Pods/Headers/Public/folly/RCT-Folly.modulemap\"\ -Xcc\ -fmodule-map-file\=\"/Users/ozel0t/Notesnook/notesnook/apps/mobile/ios/Pods/Headers/Public/glog/glog.modulemap\"\ -Xcc\ -fmodule-map-file\=\"/Users/ozel0t/Notesnook/notesnook/apps/mobile/ios/Pods/Headers/Public/jsi/React-jsi.modulemap\"\ -Xcc\ -fmodule-map-file\=\"/Users/ozel0t/Notesnook/notesnook/apps/mobile/ios/Pods/Headers/Public/jsinspector_modern/React-jsinspector.modulemap\"\ -Xcc\ -fmodule-map-file\=\"/Users/ozel0t/Notesnook/notesnook/apps/mobile/ios/Pods/Headers/Public/jsinspector_modern_cdp/React-jsinspectorcdp.modulemap\"\ -Xcc\ -fmodule-map-file\=\"/Users/ozel0t/Notesnook/notesnook/apps/mobile/ios/Pods/Headers/Public/jsinspector_modern_network/React-jsinspectornetwork.modulemap\"\ -Xcc\ -fmodule-map-file\=\"/Users/ozel0t/Notesnook/notesnook/apps/mobile/ios/Pods/Headers/Public/jsinspector_modern_tracing/React-jsinspectortracing.modulemap\"\ -Xcc\ -fmodule-map-file\=\"/Users/ozel0t/Notesnook/notesnook/apps/mobile/ios/Pods/Headers/Public/react_debug/React-debug.modulemap\"\ -Xcc\ -fmodule-map-file\=\"/Users/ozel0t/Notesnook/notesnook/apps/mobile/ios/Pods/Headers/Public/react_featureflags/React-featureflags.modulemap\"\ -Xcc\ -fmodule-map-file\=\"/Users/ozel0t/Notesnook/notesnook/apps/mobile/ios/Pods/Headers/Public/react_native_fast_openpgp/react-native-fast-openpgp.modulemap\"\ -Xcc\ -fmodule-map-file\=\"/Users/ozel0t/Notesnook/notesnook/apps/mobile/ios/Pods/Headers/Public/react_nativemodule_defaults/React-defaultsnativemodule.modulemap\"\ -Xcc\ -fmodule-map-file\=\"/Users/ozel0t/Notesnook/notesnook/apps/mobile/ios/Pods/Headers/Public/react_nativemodule_dom/React-domnativemodule.modulemap\"\ -Xcc\ -fmodule-map-file\=\"/Users/ozel0t/Notesnook/notesnook/apps/mobile/ios/Pods/Headers/Public/react_nativemodule_featureflags/React-featureflagsnativemodule.modulemap\"\ -Xcc\ -fmodule-map-file\=\"/Users/ozel0t/Notesnook/notesnook/apps/mobile/ios/Pods/Headers/Public/react_nativemodule_idlecallbacks/React-idlecallbacksnativemodule.modulemap\"\ -Xcc\ -fmodule-map-file\=\"/Users/ozel0t/Notesnook/notesnook/apps/mobile/ios/Pods/Headers/Public/react_nativemodule_microtasks/React-microtasksnativemodule.modulemap\"\ -Xcc\ -fmodule-map-file\=\"/Users/ozel0t/Notesnook/notesnook/apps/mobile/ios/Pods/Headers/Public/react_nativemodule_webperformance/React-webperformancenativemodule.modulemap\"\ -Xcc\ -fmodule-map-file\=\"/Users/ozel0t/Notesnook/notesnook/apps/mobile/ios/Pods/Headers/Public/react_renderer_css/React-renderercss.modulemap\"\ -Xcc\ -fmodule-map-file\=\"/Users/ozel0t/Notesnook/notesnook/apps/mobile/ios/Pods/Headers/Public/react_renderer_debug/React-rendererdebug.modulemap\"\ -Xcc\ -fmodule-map-file\=\"/Users/ozel0t/Notesnook/notesnook/apps/mobile/ios/Pods/Headers/Public/react_renderer_graphics/React-graphics.modulemap\"\ -Xcc\ -fmodule-map-file\=\"/Users/ozel0t/Notesnook/notesnook/apps/mobile/ios/Pods/Headers/Public/react_renderer_imagemanager/React-ImageManager.modulemap\"\ -Xcc\ -fmodule-map-file\=\"/Users/ozel0t/Notesnook/notesnook/apps/mobile/ios/Pods/Headers/Public/react_runtime/React-jsitooling.modulemap\"\ -Xcc\ -fmodule-map-file\=\"/Users/ozel0t/Notesnook/notesnook/apps/mobile/ios/Pods/Headers/Public/react_utils/React-utils.modulemap\"\ -Xcc\ -fmodule-map-file\=\"/Users/ozel0t/Notesnook/notesnook/apps/mobile/ios/Pods/Headers/Public/reacthermes/React-hermes.modulemap\"\ -Xcc\ -fmodule-map-file\=\"/Users/ozel0t/Notesnook/notesnook/apps/mobile/ios/Pods/Headers/Public/yoga/Yoga.modulemap\"
    export PACKAGE_TYPE\=com.apple.package-type.wrapper.application
    export PASCAL_STRINGS\=YES
    export PATH\=/Applications/Xcode.app/Contents/SharedFrameworks/SwiftBuild.framework/Versions/A/PlugIns/SWBBuildService.bundle/Contents/PlugIns/SWBUniversalPlatformPlugin.bundle/Contents/Frameworks/SWBUniversalPlatform.framework/Resources:/Applications/Xcode.app/Contents/Developer/Toolchains/XcodeDefault.xctoolchain/usr/bin:/Applications/Xcode.app/Contents/Developer/Toolchains/XcodeDefault.xctoolchain/usr/local/bin:/Applications/Xcode.app/Contents/Developer/Toolchains/XcodeDefault.xctoolchain/usr/libexec:/Applications/Xcode.app/Contents/Developer/Platforms/MacOSX.platform/usr/bin:/Applications/Xcode.app/Contents/Developer/Platforms/MacOSX.platform/usr/local/bin:/Applications/Xcode.app/Contents/Developer/Platforms/MacOSX.platform/Developer/usr/bin:/Applications/Xcode.app/Contents/Developer/Platforms/MacOSX.platform/Developer/usr/local/bin:/Applications/Xcode.app/Contents/Developer/usr/bin:/Applications/Xcode.app/Contents/Developer/usr/local/bin:/Users/ozel0t/.local/share/flutter/3.47.2/bin:/opt/homebrew/bin:/opt/homebrew/sbin:/usr/local/bin:/System/Cryptexes/App/usr/bin:/usr/bin:/bin:/usr/sbin:/sbin:/var/run/com.apple.security.cryptexd/codex.system/bootstrap/usr/local/bin:/var/run/com.apple.security.cryptexd/codex.system/bootstrap/usr/bin:/var/run/com.apple.security.cryptexd/codex.system/bootstrap/usr/appleinternal/bin:/pkg/env/global/bin:/Library/Apple/usr/bin:/Users/ozel0t/.cargo/bin:/Users/ozel0t/.nvm/versions/node/v24.15.0/bin:/Users/ozel0t/Library/pnpm:/Users/ozel0t/.local/bin
    export PATH_PREFIXES_EXCLUDED_FROM_HEADER_DEPENDENCIES\=/usr/include\ /usr/local/include\ /System/Library/Frameworks\ /System/Library/PrivateFrameworks\ /Applications/Xcode.app/Contents/Developer/Headers\ /Applications/Xcode.app/Contents/Developer/SDKs\ /Applications/Xcode.app/Contents/Developer/Platforms
    export PBDEVELOPMENTPLIST_PATH\=Notesnook.app/Contents/pbdevelopment.plist
    export PER_ARCH_MODULE_FILE_DIR\=/Users/ozel0t/Notesnook/notesnook/apps/mobile/ios/build/Catalyst/Build/Intermediates.noindex/Notesnook.build/Release-maccatalyst/Notesnook.build/Objects-normal/undefined_arch
    export PER_ARCH_OBJECT_FILE_DIR\=/Users/ozel0t/Notesnook/notesnook/apps/mobile/ios/build/Catalyst/Build/Intermediates.noindex/Notesnook.build/Release-maccatalyst/Notesnook.build/Objects-normal/undefined_arch
    export PER_VARIANT_OBJECT_FILE_DIR\=/Users/ozel0t/Notesnook/notesnook/apps/mobile/ios/build/Catalyst/Build/Intermediates.noindex/Notesnook.build/Release-maccatalyst/Notesnook.build/Objects-normal
    export PKGINFO_FILE_PATH\=/Users/ozel0t/Notesnook/notesnook/apps/mobile/ios/build/Catalyst/Build/Intermediates.noindex/Notesnook.build/Release-maccatalyst/Notesnook.build/PkgInfo
    export PKGINFO_PATH\=Notesnook.app/Contents/PkgInfo
    export PLATFORM_DEVELOPER_APPLICATIONS_DIR\=/Applications/Xcode.app/Contents/Developer/Applications
    export PLATFORM_DEVELOPER_BIN_DIR\=/Applications/Xcode.app/Contents/Developer/usr/bin
    export PLATFORM_DEVELOPER_LIBRARY_DIR\=/Applications/Xcode.app/Contents/Developer/Library
    export PLATFORM_DEVELOPER_SDK_DIR\=/Applications/Xcode.app/Contents/Developer/Platforms/MacOSX.platform/Developer/SDKs
    export PLATFORM_DEVELOPER_TOOLS_DIR\=/Applications/Xcode.app/Contents/Developer/Tools
    export PLATFORM_DEVELOPER_USR_DIR\=/Applications/Xcode.app/Contents/Developer/usr
    export PLATFORM_DIR\=/Applications/Xcode.app/Contents/Developer/Platforms/MacOSX.platform
    export PLATFORM_DISPLAY_NAME\=macOS
    export PLATFORM_FAMILY_NAME\=macOS
    export PLATFORM_NAME\=macosx
    export PLATFORM_PREFERRED_ARCH\=x86_64
    export PLATFORM_PRODUCT_BUILD_VERSION\=26A425
    export PLATFORM_REQUIRES_SWIFT_AUTOLINK_EXTRACT\=NO
    export PLATFORM_REQUIRES_SWIFT_MODULEWRAP\=NO
    export PLATFORM_USES_DSYMS\=YES
    export PLIST_FILE_OUTPUT_FORMAT\=same-as-input
    export PLUGINS_FOLDER_PATH\=Notesnook.app/Contents/PlugIns
    export PODS_BUILD_DIR\=/Users/ozel0t/Notesnook/notesnook/apps/mobile/ios/build/Catalyst/Build/Products
    export PODS_CONFIGURATION_BUILD_DIR\=/Users/ozel0t/Notesnook/notesnook/apps/mobile/ios/build/Catalyst/Build/Products/Release-maccatalyst
    export PODS_PODFILE_DIR_PATH\=/Users/ozel0t/Notesnook/notesnook/apps/mobile/ios/.
    export PODS_ROOT\=/Users/ozel0t/Notesnook/notesnook/apps/mobile/ios/Pods
    export PODS_XCFRAMEWORKS_BUILD_DIR\=/Users/ozel0t/Notesnook/notesnook/apps/mobile/ios/build/Catalyst/Build/Products/Release-maccatalyst/XCFrameworkIntermediates
    export PRECOMPS_INCLUDE_HEADERS_FROM_BUILT_PRODUCTS_DIR\=YES
    export PRECOMP_DESTINATION_DIR\=/Users/ozel0t/Notesnook/notesnook/apps/mobile/ios/build/Catalyst/Build/Intermediates.noindex/Notesnook.build/Release-maccatalyst/Notesnook.build/PrefixHeaders
    export PRELINK_DEPENDENCY_INFO_FILE\=/Users/ozel0t/Notesnook/notesnook/apps/mobile/ios/build/Catalyst/Build/Intermediates.noindex/Notesnook.build/Release-maccatalyst/Notesnook.build/Objects-normal/undefined_arch/Notesnook_prelink_dependency_info.dat
    export PRESERVE_DEAD_CODE_INITS_AND_TERMS\=YES
    export PRIVATE_HEADERS_FOLDER_PATH\=Notesnook.app/Contents/PrivateHeaders
    export PROCESSED_INFOPLIST_PATH\=/Users/ozel0t/Notesnook/notesnook/apps/mobile/ios/build/Catalyst/Build/Intermediates.noindex/Notesnook.build/Release-maccatalyst/Notesnook.build/Objects-normal/undefined_arch/Processed-Info.plist
    export PRODUCT_BUNDLE_IDENTIFIER\=com.ozel0t.note.notesnookpencil.mac
    export PRODUCT_BUNDLE_PACKAGE_TYPE\=APPL
    export PRODUCT_MODULE_NAME\=Notesnook
    export PRODUCT_NAME\=Notesnook
    export PRODUCT_SETTINGS_PATH\=/Users/ozel0t/Notesnook/notesnook/apps/mobile/ios/Notesnook/Info.plist
    export PRODUCT_TYPE\=com.apple.product-type.application
    export PROFILING_CODE\=NO
    export PROJECT\=Notesnook
    export PROJECT_DERIVED_FILE_DIR\=/Users/ozel0t/Notesnook/notesnook/apps/mobile/ios/build/Catalyst/Build/Intermediates.noindex/Notesnook.build/DerivedSources
    export PROJECT_DIR\=/Users/ozel0t/Notesnook/notesnook/apps/mobile/ios
    export PROJECT_FILE_PATH\=/Users/ozel0t/Notesnook/notesnook/apps/mobile/ios/Notesnook.xcodeproj
    export PROJECT_GUID\=2dcd972488993b237f389bfe76aacbcd
    export PROJECT_NAME\=Notesnook
    export PROJECT_TEMP_DIR\=/Users/ozel0t/Notesnook/notesnook/apps/mobile/ios/build/Catalyst/Build/Intermediates.noindex/Notesnook.build
    export PROJECT_TEMP_ROOT\=/Users/ozel0t/Notesnook/notesnook/apps/mobile/ios/build/Catalyst/Build/Intermediates.noindex
    export PROVISIONING_PROFILE_REQUIRED\=NO
    export PROVISIONING_PROFILE_REQUIRED_YES_YES\=YES
    export PROVISIONING_PROFILE_SUPPORTED\=YES
    export PUBLIC_HEADERS_FOLDER_PATH\=Notesnook.app/Contents/Headers
    export REACT_NATIVE_PATH\=/Users/ozel0t/Notesnook/notesnook/apps/mobile/ios/Pods/../../node_modules/react-native
    export RECOMMENDED_IPHONEOS_DEPLOYMENT_TARGET\=17.0
    export RECOMMENDED_MACOSX_DEPLOYMENT_TARGET\=14.0
    export RECURSIVE_SEARCH_PATHS_FOLLOW_SYMLINKS\=YES
    export REMOVE_CVS_FROM_RESOURCES\=YES
    export REMOVE_GIT_FROM_RESOURCES\=YES
    export REMOVE_HEADERS_FROM_EMBEDDED_BUNDLES\=YES
    export REMOVE_HG_FROM_RESOURCES\=YES
    export REMOVE_STATIC_EXECUTABLES_FROM_EMBEDDED_BUNDLES\=YES
    export REMOVE_SVN_FROM_RESOURCES\=YES
    export RESCHEDULE_INDEPENDENT_HEADERS_PHASES\=YES
    export RESOURCES_MINIMUM_DEPLOYMENT_TARGET\=15.6
    export RESOURCES_PLATFORM_NAME\=macosx
    export RESOURCES_UI_FRAMEWORK_FAMILY\=uikit
    export REZ_COLLECTOR_DIR\=/Users/ozel0t/Notesnook/notesnook/apps/mobile/ios/build/Catalyst/Build/Intermediates.noindex/Notesnook.build/Release-maccatalyst/Notesnook.build/ResourceManagerResources
    export REZ_OBJECTS_DIR\=/Users/ozel0t/Notesnook/notesnook/apps/mobile/ios/build/Catalyst/Build/Intermediates.noindex/Notesnook.build/Release-maccatalyst/Notesnook.build/ResourceManagerResources/Objects
    export REZ_SEARCH_PATHS\=/Users/ozel0t/Notesnook/notesnook/apps/mobile/ios/build/Catalyst/Build/Products/Release-maccatalyst\ 
    export RPATH_ORIGIN\=@loader_path
    export RUNTIME_EXCEPTION_ALLOW_DYLD_ENVIRONMENT_VARIABLES\=NO
    export RUNTIME_EXCEPTION_ALLOW_JIT\=NO
    export RUNTIME_EXCEPTION_ALLOW_UNSIGNED_EXECUTABLE_MEMORY\=NO
    export RUNTIME_EXCEPTION_DEBUGGING_TOOL\=NO
    export RUNTIME_EXCEPTION_DISABLE_EXECUTABLE_PAGE_PROTECTION\=NO
    export RUNTIME_EXCEPTION_DISABLE_LIBRARY_VALIDATION\=NO
    export SCANNING_PCM_KEEP_CACHE_DIRECTORY\=YES
    export SCAN_ALL_SOURCE_FILES_FOR_INCLUDES\=NO
    export SCRIPTS_FOLDER_PATH\=Notesnook.app/Contents/Resources/Scripts
    export SCRIPT_INPUT_FILE_COUNT\=0
    export SCRIPT_INPUT_FILE_LIST_COUNT\=0
    export SCRIPT_OUTPUT_FILE_COUNT\=0
    export SCRIPT_OUTPUT_FILE_LIST_COUNT\=0
    export SDKROOT\=/Applications/Xcode.app/Contents/Developer/Platforms/MacOSX.platform/Developer/SDKs/MacOSX27.0.sdk
    export SDK_DIR\=/Applications/Xcode.app/Contents/Developer/Platforms/MacOSX.platform/Developer/SDKs/MacOSX27.0.sdk
    export SDK_DIR_macosx\=/Applications/Xcode.app/Contents/Developer/Platforms/MacOSX.platform/Developer/SDKs/MacOSX27.0.sdk
    export SDK_DIR_macosx27_0\=/Applications/Xcode.app/Contents/Developer/Platforms/MacOSX.platform/Developer/SDKs/MacOSX27.0.sdk
    export SDK_NAME\=macosx27.0
    export SDK_NAMES\=macosx27.0
    export SDK_PRODUCT_BUILD_VERSION\=26A425
    export SDK_STAT_CACHE_DIR\=/Users/ozel0t/Notesnook/notesnook/apps/mobile/ios/build/Catalyst
    export SDK_STAT_CACHE_ENABLE\=YES
    export SDK_STAT_CACHE_PATH\=/Users/ozel0t/Notesnook/notesnook/apps/mobile/ios/build/Catalyst/SDKStatCaches.noindex/macosx27.0-26A425-7231f6df4def33e022ae2eb8f782df1a.sdkstatcache
    export SDK_VERSION\=27.0
    export SDK_VERSION_ACTUAL\=270000
    export SDK_VERSION_MAJOR\=270000
    export SDK_VERSION_MINOR\=270000
    export SED\=/usr/bin/sed
    export SEPARATE_STRIP\=NO
    export SEPARATE_SYMBOL_EDIT\=NO
    export SET_DIR_MODE_OWNER_GROUP\=YES
    export SET_FILE_MODE_OWNER_GROUP\=NO
    export SHALLOW_BUNDLE\=NO
    export SHALLOW_BUNDLE_PLATFORM\=NO
    export SHALLOW_BUNDLE_TRIPLE\=ios-macabi
    export SHALLOW_BUNDLE_ios_macabi\=NO
    export SHALLOW_BUNDLE_macos\=NO
    export SHARED_DERIVED_FILE_DIR\=/Users/ozel0t/Notesnook/notesnook/apps/mobile/ios/build/Catalyst/Build/Products/Release-maccatalyst/DerivedSources
    export SHARED_FRAMEWORKS_FOLDER_PATH\=Notesnook.app/Contents/SharedFrameworks
    export SHARED_PRECOMPS_DIR\=/Users/ozel0t/Notesnook/notesnook/apps/mobile/ios/build/Catalyst/Build/Intermediates.noindex/PrecompiledHeaders
    export SHARED_SUPPORT_FOLDER_PATH\=Notesnook.app/Contents/SharedSupport
    export SKIP_COPYING_TEST_FRAMEWORKS\=YES
    export SKIP_INSTALL\=NO
    export SKIP_MERGEABLE_LIBRARY_BUNDLE_HOOK\=NO
    export SOURCE_ROOT\=/Users/ozel0t/Notesnook/notesnook/apps/mobile/ios
    export SRCROOT\=/Users/ozel0t/Notesnook/notesnook/apps/mobile/ios
    export STRINGSDATA_DIR\=/Users/ozel0t/Notesnook/notesnook/apps/mobile/ios/build/Catalyst/Build/Intermediates.noindex/Notesnook.build/Release-maccatalyst/Notesnook.build/Objects-normal/undefined_arch
    export STRINGSDATA_ROOT\=/Users/ozel0t/Notesnook/notesnook/apps/mobile/ios/build/Catalyst/Build/Intermediates.noindex/Notesnook.build/Release-maccatalyst/Notesnook.build
    export STRINGS_FILE_INFOPLIST_RENAME\=YES
    export STRINGS_FILE_OUTPUT_ENCODING\=UTF-16
    export STRING_CATALOG_GENERATE_SYMBOLS\=NO
    export STRIP_BITCODE_FROM_COPIED_FILES\=NO
    export STRIP_INSTALLED_PRODUCT\=YES
    export STRIP_PNG_TEXT\=NO
    export STRIP_STYLE\=all
    export STRIP_SWIFT_SYMBOLS\=YES
    export SUPPORTED_PLATFORMS\=macosx\ macosx
    export SUPPORTS_MACCATALYST\=YES
    export SUPPORTS_ON_DEMAND_RESOURCES\=NO
    export SUPPORTS_TEXT_BASED_API\=NO
    export SUPPRESS_WARNINGS\=NO
    export SWIFTC_PASS_SDKROOT\=YES
    export SWIFTC_PASS_SYSROOT\=NO
    export SWIFT_COLOR_DIAGNOSTICS\=NO
    export SWIFT_DEPLOYMENT_TARGET\=15.6
    export SWIFT_EMIT_CONST_VALUE_PROTOCOLS\=AnyResolverProviding\ AppEntity\ AppEnum\ AppExtension\ AppIntent\ AppIntentsPackage\ AppShortcutProviding\ AppShortcutsProvider\ AppUnionValue\ AppUnionValueCasesProviding\ DynamicOptionsProvider\ EntityQuery\ ExtensionPointDefining\ IntentValueQuery\ Resolver\ TransientEntity\ _AssistantIntentsProvider\ _GenerativeFunctionExtractable\ _IntentValueRepresentable
    export SWIFT_EMIT_LOC_STRINGS\=NO
    export SWIFT_ENABLE_EXPLICIT_MODULES\=YES
    export SWIFT_INCLUDE_PATHS\=/Users/ozel0t/Notesnook/notesnook/apps/mobile/ios/build/Catalyst/Build/Products/Release-maccatalyst\ \ \"/Users/ozel0t/Notesnook/notesnook/apps/mobile/ios/build/Catalyst/Build/Products/Release-maccatalyst/JWTDecode\"\ \"/Users/ozel0t/Notesnook/notesnook/apps/mobile/ios/build/Catalyst/Build/Products/Release-maccatalyst/NitroCloudUploader\"\ \"/Users/ozel0t/Notesnook/notesnook/apps/mobile/ios/build/Catalyst/Build/Products/Release-maccatalyst/NitroModules\"\ \"/Users/ozel0t/Notesnook/notesnook/apps/mobile/ios/build/Catalyst/Build/Products/Release-maccatalyst/RNIap\"\ \"/Users/ozel0t/Notesnook/notesnook/apps/mobile/ios/build/Catalyst/Build/Products/Release-maccatalyst/React-Codegen\"\ \"/Users/ozel0t/Notesnook/notesnook/apps/mobile/ios/build/Catalyst/Build/Products/Release-maccatalyst/SwiftyRSA\"\ \"/Users/ozel0t/Notesnook/notesnook/apps/mobile/ios/build/Catalyst/Build/Products/Release-maccatalyst/callstack-repack\"\ \"/Users/ozel0t/Notesnook/notesnook/apps/mobile/ios/build/Catalyst/Build/Products/Release-maccatalyst/react-native-actions-shortcuts\"\ \"/Users/ozel0t/Notesnook/notesnook/apps/mobile/ios/build/Catalyst/Build/Products/Release-maccatalyst/react-native-document-picker\"\ \"/Users/ozel0t/Notesnook/notesnook/apps/mobile/ios/build/Catalyst/Build/Products/Release-maccatalyst/react-native-in-app-review\"
    export SWIFT_OBJC_BRIDGING_HEADER\=Notesnook-Bridging-Header.h
    export SWIFT_PLATFORM_TARGET_PREFIX\=ios
    export SWIFT_RESPONSE_FILE_PATH_normal_arm64\=/Users/ozel0t/Notesnook/notesnook/apps/mobile/ios/build/Catalyst/Build/Intermediates.noindex/Notesnook.build/Release-maccatalyst/Notesnook.build/Objects-normal/arm64/Notesnook.SwiftFileList
    export SWIFT_VERSION\=5.0
    export SYMROOT\=/Users/ozel0t/Notesnook/notesnook/apps/mobile/ios/build/Catalyst/Build/Products
    export SYSROOT\=/Applications/Xcode.app/Contents/Developer/Platforms/MacOSX.platform/Developer/SDKs/MacOSX27.0.sdk
    export SYSTEM_ADMIN_APPS_DIR\=/Applications/Utilities
    export SYSTEM_APPS_DIR\=/Applications
    export SYSTEM_CORE_SERVICES_DIR\=/System/Library/CoreServices
    export SYSTEM_DEMOS_DIR\=/Applications/Extras
    export SYSTEM_DEVELOPER_APPS_DIR\=/Applications/Xcode.app/Contents/Developer/Applications
    export SYSTEM_DEVELOPER_BIN_DIR\=/Applications/Xcode.app/Contents/Developer/usr/bin
    export SYSTEM_DEVELOPER_DEMOS_DIR\=/Applications/Xcode.app/Contents/Developer/Applications/Utilities/Built\ Examples
    export SYSTEM_DEVELOPER_DIR\=/Applications/Xcode.app/Contents/Developer
    export SYSTEM_DEVELOPER_DOC_DIR\=/Applications/Xcode.app/Contents/Developer/ADC\ Reference\ Library
    export SYSTEM_DEVELOPER_GRAPHICS_TOOLS_DIR\=/Applications/Xcode.app/Contents/Developer/Applications/Graphics\ Tools
    export SYSTEM_DEVELOPER_JAVA_TOOLS_DIR\=/Applications/Xcode.app/Contents/Developer/Applications/Java\ Tools
    export SYSTEM_DEVELOPER_PERFORMANCE_TOOLS_DIR\=/Applications/Xcode.app/Contents/Developer/Applications/Performance\ Tools
    export SYSTEM_DEVELOPER_RELEASENOTES_DIR\=/Applications/Xcode.app/Contents/Developer/ADC\ Reference\ Library/releasenotes
    export SYSTEM_DEVELOPER_TOOLS\=/Applications/Xcode.app/Contents/Developer/Tools
    export SYSTEM_DEVELOPER_TOOLS_DOC_DIR\=/Applications/Xcode.app/Contents/Developer/ADC\ Reference\ Library/documentation/DeveloperTools
    export SYSTEM_DEVELOPER_TOOLS_RELEASENOTES_DIR\=/Applications/Xcode.app/Contents/Developer/ADC\ Reference\ Library/releasenotes/DeveloperTools
    export SYSTEM_DEVELOPER_USR_DIR\=/Applications/Xcode.app/Contents/Developer/usr
    export SYSTEM_DEVELOPER_UTILITIES_DIR\=/Applications/Xcode.app/Contents/Developer/Applications/Utilities
    export SYSTEM_DEXT_INSTALL_PATH\=/System/Library/DriverExtensions
    export SYSTEM_DOCUMENTATION_DIR\=/Library/Documentation
    export SYSTEM_EXTENSIONS_FOLDER_PATH\=Notesnook.app/Contents/Library/SystemExtensions
    export SYSTEM_EXTENSIONS_FOLDER_PATH_SHALLOW_BUNDLE_NO\=Notesnook.app/Contents/Library/SystemExtensions
    export SYSTEM_EXTENSIONS_FOLDER_PATH_SHALLOW_BUNDLE_YES\=Notesnook.app/Contents/SystemExtensions
    export SYSTEM_FRAMEWORK_SEARCH_PATHS\=\ /Applications/Xcode.app/Contents/Developer/Platforms/MacOSX.platform/Developer/SDKs/MacOSX27.0.sdk/System/iOSSupport/System/Library/Frameworks\ /Applications/Xcode.app/Contents/Developer/Platforms/MacOSX.platform/Developer/SDKs/MacOSX27.0.sdk/System/iOSSupport/System/Library/SubFrameworks\ \ /Applications/Xcode.app/Contents/Developer/Platforms/MacOSX.platform/Developer/SDKs/MacOSX27.0.sdk/System/iOSSupport/System/Library/Frameworks\ /Applications/Xcode.app/Contents/Developer/Platforms/MacOSX.platform/Developer/SDKs/MacOSX27.0.sdk/System/iOSSupport/System/Library/SubFrameworks
    export SYSTEM_HEADER_SEARCH_PATHS\=\ /Applications/Xcode.app/Contents/Developer/Platforms/MacOSX.platform/Developer/SDKs/MacOSX27.0.sdk/System/iOSSupport/usr/include\ \ /Applications/Xcode.app/Contents/Developer/Platforms/MacOSX.platform/Developer/SDKs/MacOSX27.0.sdk/System/iOSSupport/usr/include
    export SYSTEM_KEXT_INSTALL_PATH\=/System/Library/Extensions
    export SYSTEM_LIBRARY_DIR\=/System/Library
    export SYSTEM_PREFIX\=/System/iOSSupport
    export TAPI_DEMANGLE\=YES
    export TAPI_ENABLE_PROJECT_HEADERS\=NO
    export TAPI_LANGUAGE\=objective-c
    export TAPI_LANGUAGE_STANDARD\=compiler-default
    export TAPI_USE_SRCROOT\=YES
    export TAPI_VERIFY_MODE\=Pedantic
    export TARGETED_DEVICE_FAMILY\=1,2,6
    export TARGETNAME\=Notesnook
    export TARGET_BUILD_DIR\=/Users/ozel0t/Notesnook/notesnook/apps/mobile/ios/build/Catalyst/Build/Products/Release-maccatalyst
    export TARGET_NAME\=Notesnook
    export TARGET_TEMP_DIR\=/Users/ozel0t/Notesnook/notesnook/apps/mobile/ios/build/Catalyst/Build/Intermediates.noindex/Notesnook.build/Release-maccatalyst/Notesnook.build
    export TEMP_DIR\=/Users/ozel0t/Notesnook/notesnook/apps/mobile/ios/build/Catalyst/Build/Intermediates.noindex/Notesnook.build/Release-maccatalyst/Notesnook.build
    export TEMP_FILES_DIR\=/Users/ozel0t/Notesnook/notesnook/apps/mobile/ios/build/Catalyst/Build/Intermediates.noindex/Notesnook.build/Release-maccatalyst/Notesnook.build
    export TEMP_FILE_DIR\=/Users/ozel0t/Notesnook/notesnook/apps/mobile/ios/build/Catalyst/Build/Intermediates.noindex/Notesnook.build/Release-maccatalyst/Notesnook.build
    export TEMP_ROOT\=/Users/ozel0t/Notesnook/notesnook/apps/mobile/ios/build/Catalyst/Build/Intermediates.noindex
    export TEMP_SANDBOX_DIR\=/Users/ozel0t/Notesnook/notesnook/apps/mobile/ios/build/Catalyst/Build/Intermediates.noindex/TemporaryTaskSandboxes
    export TEST_FRAMEWORK_SEARCH_PATHS\=\ /Applications/Xcode.app/Contents/Developer/Platforms/MacOSX.platform/Developer/Library/Frameworks
    export TEST_LIBRARY_SEARCH_PATHS\=\ /Applications/Xcode.app/Contents/Developer/Platforms/MacOSX.platform/Developer/usr/lib
    export TOOLCHAINS\=com.apple.dt.toolchain.XcodeDefault
    export TOOLCHAIN_DIR\=/Applications/Xcode.app/Contents/Developer/Toolchains/XcodeDefault.xctoolchain
    export TREAT_MISSING_BASELINES_AS_TEST_FAILURES\=NO
    export TREAT_MISSING_SCRIPT_PHASE_OUTPUTS_AS_ERRORS\=NO
    export TeamIdentifierPrefix\=QXCNJY73A8.
    export UID\=501
    export UNINSTALLED_PRODUCTS_DIR\=/Users/ozel0t/Notesnook/notesnook/apps/mobile/ios/build/Catalyst/Build/Intermediates.noindex/UninstalledProducts
    export UNLOCALIZED_RESOURCES_FOLDER_PATH\=Notesnook.app/Contents/Resources
    export UNLOCALIZED_RESOURCES_FOLDER_PATH_SHALLOW_BUNDLE_NO\=Notesnook.app/Contents/Resources
    export UNLOCALIZED_RESOURCES_FOLDER_PATH_SHALLOW_BUNDLE_YES\=Notesnook.app/Contents
    export UNSTRIPPED_PRODUCT\=NO
    export USER\=ozel0t
    export USER_APPS_DIR\=/Users/ozel0t/Applications
    export USER_HEADER_SEARCH_PATHS\=\"/lexbor/\*\*/\*.\{h\}
    export USER_LIBRARY_DIR\=/Users/ozel0t/Library
    export USE_DYNAMIC_NO_PIC\=YES
    export USE_HEADERMAP\=YES
    export USE_HEADER_SYMLINKS\=NO
    export USE_HERMES\=true
    export USE_RECURSIVE_SCRIPT_INPUTS_IN_SCRIPT_PHASES\=YES
    export VALIDATE_DEVELOPMENT_ASSET_PATHS\=YES_ERROR
    export VALIDATE_PRODUCT\=YES
    export VALID_ARCHS\=arm64\ arm64e\ arm64e.x1\ i386\ x86_64
    export VERBOSE_PBXCP\=NO
    export VERSIONING_SYSTEM\=apple-generic
    export VERSIONPLIST_PATH\=Notesnook.app/Contents/version.plist
    export VERSION_INFO_BUILDER\=ozel0t
    export VERSION_INFO_FILE\=Notesnook_vers.c
    export VERSION_INFO_STRING\=\"@\(\#\)PROGRAM:Notesnook\ \ PROJECT:Notesnook-22\"
    export VEYRAN_BUNDLE_NAME\=VeyraN
    export WORKSPACE_DIR\=/Users/ozel0t/Notesnook/notesnook/apps/mobile/ios
    export WRAPPER_EXTENSION\=app
    export WRAPPER_NAME\=Notesnook.app
    export WRAPPER_SUFFIX\=.app
    export WRAP_ASSET_PACKS_IN_SEPARATE_DIRECTORIES\=NO
    export XCODE_APP_SUPPORT_DIR\=/Applications/Xcode.app/Contents/Developer/Library/Xcode
    export XCODE_PRODUCT_BUILD_VERSION\=27A266a
    export XCODE_VERSION_ACTUAL\=2700
    export XCODE_VERSION_MAJOR\=2700
    export XCODE_VERSION_MINOR\=2700
    export XPCSERVICES_FOLDER_PATH\=Notesnook.app/Contents/XPCServices
    export YACC\=yacc
    export _BOOL_\=NO
    export _BOOL_NO\=NO
    export _BOOL_YES\=YES
    export _DISCOVER_COMMAND_LINE_LINKER_INPUTS\=YES
    export _DISCOVER_COMMAND_LINE_LINKER_INPUTS_INCLUDE_WL\=YES
    export _IPHONEOS_DEPLOYMENT_TARGET_IS_EMPTY\=NO
    export _IS_EMPTY_\=YES
    export _LD_MULTIARCH\=YES
    export _SWIFT_EXPLICIT_MODULES_ALLOW_CXX_INTEROP\=YES
    export _WRAPPER_CONTENTS_DIR\=/Contents
    export _WRAPPER_CONTENTS_DIR_SHALLOW_BUNDLE_NO\=/Contents
    export _WRAPPER_PARENT_PATH\=/..
    export _WRAPPER_PARENT_PATH_SHALLOW_BUNDLE_NO\=/..
    export _WRAPPER_RESOURCES_DIR\=/Resources
    export _WRAPPER_RESOURCES_DIR_SHALLOW_BUNDLE_NO\=/Resources
    export __ARCHS__\=arm64
    export __DIAGNOSE_DEPRECATED_ARCHS\=YES
    export __DIAGNOSE_INVALID_DEPLOYMENT_TARGET_AS_ERROR\=YES
    export __IS_NOT_MACOS\=NO
    export __IS_NOT_MACOS_macosx\=NO
    export __IS_NOT_SIMULATOR\=YES
    export __IS_NOT_SIMULATOR_simulator\=NO
    export __ORIGINAL_SDK_DEFINED_LLVM_TARGET_TRIPLE_SYS\=ios
    export arch\=undefined_arch
    export variant\=normal
    /bin/sh -c /Users/ozel0t/Notesnook/notesnook/apps/mobile/ios/build/Catalyst/Build/Intermediates.noindex/Notesnook.build/Release-maccatalyst/Notesnook.build/Script-D7A10000000000000000A001.sh
note: Mac Catalyst: removed the App Group Info.plist keys; the app uses its own container.

ProcessInfoPlistFile /Users/ozel0t/Notesnook/notesnook/apps/mobile/ios/build/Catalyst/Build/Products/Release-maccatalyst/Notesnook.app/Contents/Info.plist /Users/ozel0t/Notesnook/notesnook/apps/mobile/ios/Notesnook/Info.plist (in target 'Notesnook' from project 'Notesnook')
    cd /Users/ozel0t/Notesnook/notesnook/apps/mobile/ios
    builtin-infoPlistUtility /Users/ozel0t/Notesnook/notesnook/apps/mobile/ios/Notesnook/Info.plist -producttype com.apple.product-type.application -genpkginfo /Users/ozel0t/Notesnook/notesnook/apps/mobile/ios/build/Catalyst/Build/Products/Release-maccatalyst/Notesnook.app/Contents/PkgInfo -expandbuildsettings -platform macosx -additionalcontentfile /Users/ozel0t/Notesnook/notesnook/apps/mobile/ios/build/Catalyst/Build/Intermediates.noindex/Notesnook.build/Release-maccatalyst/Notesnook.build/assetcatalog_generated_info.plist -additionalcontentfile /Users/ozel0t/Notesnook/notesnook/apps/mobile/ios/build/Catalyst/Build/Intermediates.noindex/Notesnook.build/Release-maccatalyst/Notesnook.build/BootSplash-SBPartialInfo.plist -scanforprivacyfile /Users/ozel0t/Notesnook/notesnook/apps/mobile/ios/build/Catalyst/Build/Products/Release-maccatalyst/Notesnook.app/Contents/PlugIns/Make\ Note.appex -scanforprivacyfile /Users/ozel0t/Notesnook/notesnook/apps/mobile/ios/build/Catalyst/Build/Products/Release-maccatalyst/Notesnook.app/Contents/PlugIns/NotesWidgetExtension.appex -o /Users/ozel0t/Notesnook/notesnook/apps/mobile/ios/build/Catalyst/Build/Products/Release-maccatalyst/Notesnook.app/Contents/Info.plist
removing entry for "LSRequiresIPhoneOS" - not supported on macOS
adding entry for "NSSupportsAutomaticTermination" => 1
adding entry for "NSSupportsSuddenTermination" => 1

CopySwiftLibs /Users/ozel0t/Notesnook/notesnook/apps/mobile/ios/build/Catalyst/Build/Products/Release-maccatalyst/Notesnook.app (in target 'Notesnook' from project 'Notesnook')
    cd /Users/ozel0t/Notesnook/notesnook/apps/mobile/ios
    builtin-swiftStdLibTool --copy --verbose --sign 58A4018F522DC35ABA84C6632EBE4EF282045584 --scan-executable /Users/ozel0t/Notesnook/notesnook/apps/mobile/ios/build/Catalyst/Build/Products/Release-maccatalyst/Notesnook.app/Contents/MacOS/Notesnook --scan-folder /Users/ozel0t/Notesnook/notesnook/apps/mobile/ios/build/Catalyst/Build/Products/Release-maccatalyst/Notesnook.app/Contents/Frameworks --scan-folder /Users/ozel0t/Notesnook/notesnook/apps/mobile/ios/build/Catalyst/Build/Products/Release-maccatalyst/Notesnook.app/Contents/PlugIns --scan-folder /Users/ozel0t/Notesnook/notesnook/apps/mobile/ios/build/Catalyst/Build/Products/Release-maccatalyst/Notesnook.app/Contents/Library/SystemExtensions --scan-folder /Users/ozel0t/Notesnook/notesnook/apps/mobile/ios/build/Catalyst/Build/Products/Release-maccatalyst/Notesnook.app/Contents/Extensions --scan-folder /Applications/Xcode.app/Contents/Developer/Platforms/MacOSX.platform/Developer/SDKs/MacOSX27.0.sdk/System/Library/Frameworks/StoreKit.framework --platform macosx --toolchain /Applications/Xcode.app/Contents/Developer/Toolchains/XcodeDefault.xctoolchain --destination /Users/ozel0t/Notesnook/notesnook/apps/mobile/ios/build/Catalyst/Build/Products/Release-maccatalyst/Notesnook.app/Contents/Frameworks --strip-bitcode --strip-bitcode-tool /Applications/Xcode.app/Contents/Developer/Toolchains/XcodeDefault.xctoolchain/usr/bin/bitcode_strip --emit-dependency-info /Users/ozel0t/Notesnook/notesnook/apps/mobile/ios/build/Catalyst/Build/Intermediates.noindex/Notesnook.build/Release-maccatalyst/Notesnook.build/SwiftStdLibToolInputDependencies.dep --filter-for-swift-os --back-deploy-swift-span

ExtractAppIntentsMetadata (in target 'Notesnook' from project 'Notesnook')
    cd /Users/ozel0t/Notesnook/notesnook/apps/mobile/ios
    /Applications/Xcode.app/Contents/Developer/Toolchains/XcodeDefault.xctoolchain/usr/bin/appintentsmetadataprocessor --toolchain-dir /Applications/Xcode.app/Contents/Developer/Toolchains/XcodeDefault.xctoolchain --module-name Notesnook --sdk-root /Applications/Xcode.app/Contents/Developer/Platforms/MacOSX.platform/Developer/SDKs/MacOSX27.0.sdk --xcode-version 27A266a --platform-family macOS --deployment-target 12.5 --bundle-identifier com.ozel0t.note.notesnookpencil.mac --output /Users/ozel0t/Notesnook/notesnook/apps/mobile/ios/build/Catalyst/Build/Products/Release-maccatalyst/Notesnook.app/Contents/Resources --target-triple arm64-apple-ios15.6-macabi --binary-file /Users/ozel0t/Notesnook/notesnook/apps/mobile/ios/build/Catalyst/Build/Products/Release-maccatalyst/Notesnook.app/Contents/MacOS/Notesnook --dependency-file /Users/ozel0t/Notesnook/notesnook/apps/mobile/ios/build/Catalyst/Build/Intermediates.noindex/Notesnook.build/Release-maccatalyst/Notesnook.build/Objects-normal/arm64/Notesnook_dependency_info.dat --stringsdata-file /Users/ozel0t/Notesnook/notesnook/apps/mobile/ios/build/Catalyst/Build/Intermediates.noindex/Notesnook.build/Release-maccatalyst/Notesnook.build/Objects-normal/arm64/ExtractedAppShortcutsMetadata.stringsdata --source-file-list /Users/ozel0t/Notesnook/notesnook/apps/mobile/ios/build/Catalyst/Build/Intermediates.noindex/Notesnook.build/Release-maccatalyst/Notesnook.build/Objects-normal/arm64/Notesnook.SwiftFileList --metadata-file-list /Users/ozel0t/Notesnook/notesnook/apps/mobile/ios/build/Catalyst/Build/Intermediates.noindex/Notesnook.build/Release-maccatalyst/Notesnook.build/Notesnook.DependencyMetadataFileList --static-metadata-file-list /Users/ozel0t/Notesnook/notesnook/apps/mobile/ios/build/Catalyst/Build/Intermediates.noindex/Notesnook.build/Release-maccatalyst/Notesnook.build/Notesnook.DependencyStaticMetadataFileList --swift-const-vals-list /Users/ozel0t/Notesnook/notesnook/apps/mobile/ios/build/Catalyst/Build/Intermediates.noindex/Notesnook.build/Release-maccatalyst/Notesnook.build/Objects-normal/arm64/Notesnook.SwiftConstValuesFileList --compile-time-extraction --deployment-aware-processing --no-app-shortcuts-localization
2026-10-01 11:43:40.008 appintentsmetadataprocessor[28179:2536909] Starting appintentsmetadataprocessor export
2026-10-01 11:43:40.079 appintentsmetadataprocessor[28179:2536909] Writing Metadata.appintents
2026-10-01 11:43:40.079 appintentsmetadataprocessor[28179:2536909] Metadata root: /Users/ozel0t/Notesnook/notesnook/apps/mobile/ios/build/Catalyst/Build/Products/Release-maccatalyst/Notesnook.app/Contents/Resources/Metadata.appintents

CodeSign /Users/ozel0t/Notesnook/notesnook/apps/mobile/ios/build/Catalyst/Build/Products/Release-maccatalyst/Notesnook.app (in target 'Notesnook' from project 'Notesnook')
    cd /Users/ozel0t/Notesnook/notesnook/apps/mobile/ios
    
    Signing Identity:     "Apple Development: MN GTNNAT (HNH83964F5)"
    Provisioning Profile: "Mac Catalyst Team Provisioning Profile: com.ozel0t.note.notesnookpencil.mac"
                          (becefa1b-3a28-4b14-a6e5-68fd591fa52b)
    
    /usr/bin/codesign --force --sign 58A4018F522DC35ABA84C6632EBE4EF282045584 -o runtime --entitlements /Users/ozel0t/Notesnook/notesnook/apps/mobile/ios/build/Catalyst/Build/Intermediates.noindex/Notesnook.build/Release-maccatalyst/Notesnook.build/Notesnook.app.xcent --timestamp\=none --generate-entitlement-der /Users/ozel0t/Notesnook/notesnook/apps/mobile/ios/build/Catalyst/Build/Products/Release-maccatalyst/Notesnook.app

ValidateEmbeddedBinary /Users/ozel0t/Notesnook/notesnook/apps/mobile/ios/build/Catalyst/Build/Products/Release-maccatalyst/Notesnook.app/Contents/PlugIns/NotesWidgetExtension.appex (in target 'Notesnook' from project 'Notesnook')
    cd /Users/ozel0t/Notesnook/notesnook/apps/mobile/ios
    /Applications/Xcode.app/Contents/Developer/usr/bin/embeddedBinaryValidationUtility /Users/ozel0t/Notesnook/notesnook/apps/mobile/ios/build/Catalyst/Build/Products/Release-maccatalyst/Notesnook.app/Contents/PlugIns/NotesWidgetExtension.appex -signing-cert 58A4018F522DC35ABA84C6632EBE4EF282045584 -info-plist-path /Users/ozel0t/Notesnook/notesnook/apps/mobile/ios/build/Catalyst/Build/Products/Release-maccatalyst/Notesnook.app/Contents/Info.plist

Validate /Users/ozel0t/Notesnook/notesnook/apps/mobile/ios/build/Catalyst/Build/Products/Release-maccatalyst/Notesnook.app (in target 'Notesnook' from project 'Notesnook')
    cd /Users/ozel0t/Notesnook/notesnook/apps/mobile/ios
    builtin-validationUtility /Users/ozel0t/Notesnook/notesnook/apps/mobile/ios/build/Catalyst/Build/Products/Release-maccatalyst/Notesnook.app -validate-for-store -no-validate-extension -infoplist-subpath Contents/Info.plist
warning: No App Category is set for target 'Notesnook'. Set a category by using the General tab for your target, or by adding an appropriate LSApplicationCategory value to your Info.plist. (in target 'Notesnook' from project 'Notesnook')

ValidateEmbeddedBinary /Users/ozel0t/Notesnook/notesnook/apps/mobile/ios/build/Catalyst/Build/Products/Release-maccatalyst/Notesnook.app/Contents/PlugIns/Make\ Note.appex (in target 'Notesnook' from project 'Notesnook')
    cd /Users/ozel0t/Notesnook/notesnook/apps/mobile/ios
    /Applications/Xcode.app/Contents/Developer/usr/bin/embeddedBinaryValidationUtility /Users/ozel0t/Notesnook/notesnook/apps/mobile/ios/build/Catalyst/Build/Products/Release-maccatalyst/Notesnook.app/Contents/PlugIns/Make\ Note.appex -signing-cert 58A4018F522DC35ABA84C6632EBE4EF282045584 -info-plist-path /Users/ozel0t/Notesnook/notesnook/apps/mobile/ios/build/Catalyst/Build/Products/Release-maccatalyst/Notesnook.app/Contents/Info.plist

RegisterWithLaunchServices /Users/ozel0t/Notesnook/notesnook/apps/mobile/ios/build/Catalyst/Build/Products/Release-maccatalyst/Notesnook.app (in target 'Notesnook' from project 'Notesnook')
    cd /Users/ozel0t/Notesnook/notesnook/apps/mobile/ios
    builtin-lsregisterurl --record-path /Users/ozel0t/Notesnook/notesnook/apps/mobile/ios/build/Catalyst/Build/Intermediates.noindex/XCBuildData/registered-launchservices.txt -- /System/Library/Frameworks/CoreServices.framework/Versions/Current/Frameworks/LaunchServices.framework/Versions/Current/Support/lsregister -f -R -trusted /Users/ozel0t/Notesnook/notesnook/apps/mobile/ios/build/Catalyst/Build/Products/Release-maccatalyst/Notesnook.app

PruneExplicitPrecompiledModules /Users/ozel0t/Notesnook/notesnook/apps/mobile/ios/build/Catalyst/Build/Intermediates.noindex/SwiftExplicitPrecompiledModules

PruneExplicitPrecompiledModules /Users/ozel0t/Notesnook/notesnook/apps/mobile/ios/build/Catalyst/SDKExplicitPrecompiledModules

PruneExplicitPrecompiledModules /Users/ozel0t/Notesnook/notesnook/apps/mobile/ios/build/Catalyst/Build/Intermediates.noindex/ExplicitPrecompiledModules

note: Run script build phase '[CP-User] [RN]Check FBReactNativeSpec' will be run during every build because the option to run the script phase "Based on dependency analysis" is unchecked. (in target 'React-RCTFBReactNativeSpec' from project 'Pods')
** BUILD SUCCEEDED **

